date,status,gap,seconds,planned_cost_yuan,theta,day_end_soc_kwh
2025-02-01,0,0.0,0.06763146499997674,25809.258708154528,56236.26899872452,8700.0
2025-02-02,0,5.020691102651273e-16,0.027338275000147405,58501.80623006873,55949.11634454284,8700.0
2025-02-03,0,0.0,0.0288295560003462,57555.12947903955,55294.31157744986,8700.0
2025-02-04,0,2.5611731768970897e-16,0.02746713999977146,57288.996839558225,54836.443815053455,8700.0
2025-02-05,0,0.0,0.031257889999778854,57230.572642302606,55040.95936754793,8700.0
2025-02-06,0,0.0,0.02977310000005673,57511.35753679443,20654.420497993808,8700.0
2025-02-07,0,0.0,0.07084439400023257,22996.381842597726,19692.58328913418,8700.0
2025-02-08,0,0.0,0.06325835999996343,22050.086880588104,53118.98226213009,8700.0
2025-02-09,0,3.9799199517939024e-16,0.03648048100012602,55249.10400300764,53054.701923233646,8700.0
2025-02-10,0,0.0,0.02731596100011302,55348.99385018368,52685.60662164008,8700.0
2025-02-11,0,1.0793788679329253e-15,0.041403680999792414,54369.240710514234,52069.642048992486,8700.0
2025-02-12,0,0.0,0.037249422000058985,53302.847844724325,51163.55903498102,8700.0
2025-02-13,0,0.0,0.08908600200038563,52659.81219782066,17612.290889807602,7950.0
2025-02-14,0,0.0,0.1264328160000332,18933.266700241787,16851.922353864662,7199.999999999996
2025-02-15,0,0.0,0.06306487499978175,19419.561982830648,48008.30336830842,8700.0
2025-02-16,0,0.0,0.07379928099999233,50204.121238189546,47912.18792410456,8700.0
2025-02-17,0,0.0,0.08031052900014402,50168.78865703837,47649.847559614376,8700.0
2025-02-18,0,0.0,0.07522905699988769,49644.7028533396,47371.151481547255,8700.0
2025-02-19,0,0.0,0.0758095310002318,49270.18097234637,46903.81816577923,8700.0
2025-02-20,0,0.0,0.0783012060001056,48484.45245483528,16270.66953741449,7199.9999999999945
2025-02-21,0,0.0,0.10395518999985143,17947.224449497447,16550.055163249905,5999.999999999887
2025-02-22,0,0.0,0.11420559899988802,19512.16073436255,45658.639083028866,8700.0
2025-02-23,0,0.0,0.05454845499980365,48304.747096602354,45738.14365909759,8700.0
2025-02-24,0,0.0,0.057382277000215254,47947.926513931525,45540.03530903684,8700.0
2025-02-25,0,0.0,0.05694136100009928,47817.33210752762,45419.17196457147,8700.0
2025-02-26,0,0.0,0.056686044999878504,47387.92179743052,44802.45781372402,8700.0
2025-02-27,0,0.0,0.08584228500012614,45665.07266274789,16425.21652989731,5999.999999999947
2025-02-28,0,0.0,0.113587508999899,18091.71562851682,16241.772162511934,6000.000000000006
2025-03-01,0,0.0,0.06584050800029217,19226.147196525824,43713.05542894453,8700.0
2025-03-02,0,0.0,0.05976577800038285,46284.69424642599,43954.57124315656,8700.0
2025-03-03,0,0.0,0.07274316000030012,46752.997387991025,45445.130740426626,8700.0
2025-03-04,0,0.0,0.04340095699990343,48219.285134875994,47116.73910984189,8700.0
2025-03-05,0,0.0,0.044141673000012815,48989.821118483975,47685.66421283992,8700.0
2025-03-06,0,0.0,0.05034296599978916,47508.25310357993,16993.78024655357,6000.000000000002
2025-03-07,0,0.0,0.07916949099990234,17249.030175873846,17122.59487758526,4800.000000000002
2025-03-08,0,0.0,0.10611461899998176,19270.507235725272,47076.77861855597,8700.0
2025-03-09,0,0.0,0.04683080799986783,47414.88173464302,46323.61781450306,8700.0
2025-03-10,0,0.0,0.07522125700006654,46166.37412571788,45467.411005944814,8700.0
2025-03-11,0,0.0,0.07343389100014974,45941.246772206556,45172.575908786435,8700.0
2025-03-12,0,0.0,0.07766348000041035,45607.60142038669,44360.03294056287,8700.0
2025-03-13,0,0.0,0.06451539099998627,43012.0993932532,15514.865580995962,4799.999999999996
2025-03-14,0,0.0,0.08069500600004176,16235.435904378784,15732.996268510826,4200.0
2025-03-15,0,0.0,0.07155171299973517,18504.07484253766,43231.09215640286,8700.0
2025-03-16,0,0.0,0.056786338000165415,44454.56373285137,43170.49080053437,8700.0
2025-03-17,0,0.0,0.05666705700014063,44063.88411129029,42411.67002982619,8700.0
2025-03-18,0,0.0,0.05680003799989208,42254.28677446655,40803.28799416655,8700.0
2025-03-19,0,0.0,0.05828018600004725,42293.5826398458,40426.044905692295,8700.0
2025-03-20,0,0.0,0.07756197999970027,39803.19342372232,15308.484476491783,3599.9999999999923
2025-03-21,0,0.0,0.09702507099973445,15838.485397437471,15529.202107483608,3600.0000000000864
2025-03-22,0,0.0,0.10718201400004546,18373.25926065927,39129.20218354513,8700.0
2025-03-23,0,0.0,0.06048637999992934,41185.75769263697,38948.09884742916,8700.0
2025-03-24,0,0.0,0.061908866000067064,40983.1636127776,38398.42995270092,8700.0
2025-03-25,0,0.0,0.06011329700004353,40677.03163090013,38529.76934646433,8700.0
2025-03-26,0,0.0,0.05704833299978418,41052.750268754164,38806.14134398659,8700.0
2025-03-27,0,0.0,0.06753975999981776,38336.42814560127,14830.815948311872,3600.00000000007
2025-03-28,0,0.0,0.07265137100011998,15286.247999183359,14775.067861290196,3600.000000000017
2025-03-29,0,0.0,0.056546895999872504,17738.42557417266,37334.93513743515,8700.0
2025-03-30,0,0.0,0.05364672099995005,38661.19015101426,36185.80833849068,8700.0
2025-03-31,0,0.0,0.05627392399992459,38190.56292946306,35911.309006502466,8700.0
2025-04-01,0,0.0,0.056397240000023885,38527.44454285568,36266.387777816846,8700.0
2025-04-02,0,0.0,0.06128025699990758,38716.758406023066,36925.781969959346,8700.0
2025-04-03,0,0.0,0.07466169400004219,37294.28976399545,14451.773353267661,3600.0000000000014
2025-04-04,0,0.0,0.10565084400013802,14947.935143001978,14525.175199278736,3600.000000000002
2025-04-05,0,0.0,0.07067260099984196,17424.75252414928,37343.351913259794,8700.0
2025-04-06,0,0.0,0.055400806999841734,39413.83745553025,37473.88995893396,8700.0
2025-04-07,0,0.0,0.07087009300039426,38986.154856837944,37680.61676808192,8700.0
2025-04-08,0,0.0,0.05669170200008011,38903.684255976215,37280.50597593191,8700.0
2025-04-09,0,0.0,0.0573156629998266,38348.98430009919,36977.68695508964,8700.0
2025-04-10,0,0.0,0.07147341300014887,36629.91726340634,13984.051164717894,3599.999999999998
2025-04-11,0,0.0,0.22347057699971629,14488.844223233487,14230.617587469738,3599.9999999999995
2025-04-12,0,0.0,0.19343656499995632,17084.911324546738,36789.42471971705,8700.0
2025-04-13,0,0.0,0.06059514800017496,38401.724379286265,36196.905920079735,8700.0
2025-04-14,0,0.0,0.0580550569998195,38077.929112237376,36710.55486030364,8700.0
2025-04-15,0,0.0,0.0852916600001663,38205.43056836208,36290.4161583144,8700.0
2025-04-16,0,0.0,0.057053928000186716,37506.64269662666,35584.73551417333,8700.0
2025-04-17,0,0.0,0.06186801900003047,33999.03890468173,14190.861683428979,2399.999999999993
2025-04-18,0,0.0,0.15272816100014097,14119.047692059334,14066.06146528436,2400.0000000000023
2025-04-19,0,0.0,0.0914383699996506,16993.311519873812,34326.62891602703,8700.0
2025-04-20,0,0.0,0.06477910900002826,36540.14811525391,34020.79461195027,8700.0
2025-04-21,0,0.0,0.07690147900029842,36307.52940651167,34184.845832860854,8700.0
2025-04-22,0,0.0,0.05560662600009891,36197.3030132423,33892.91647222266,8700.0
2025-04-23,0,0.0,0.05674257900000157,36321.07748907221,33903.78586728909,8700.0
2025-04-24,0,0.0,0.05720580700017308,32805.18391665236,13409.294434432271,2399.9999999999995
2025-04-25,0,0.0,0.06833798500019839,13302.422085775244,13308.380925511665,2400.0000000000005
2025-04-26,0,0.0,0.07030870599965056,16173.909080638776,31673.84154375678,8700.0
2025-04-27,0,0.0,0.06666883699972459,33817.4640944689,31503.50734111757,8700.0
2025-04-28,0,0.0,0.0604548880000948,33972.55881125893,31440.159422579465,8700.0
2025-04-29,0,0.0,0.05667260300015187,35059.15839869186,33334.07323544311,8700.0
2025-04-30,0,0.0,0.055357368999921164,34945.91486935503,33176.68586591041,8700.0
2025-05-01,0,0.0,0.06736582100029409,31887.987503036922,13144.602505733848,2400.0000000000014
2025-05-02,0,0.0,0.08626922900020872,13404.692663167432,13972.642049949842,2399.9999999999986
2025-05-03,0,0.0,0.09770273899994208,16907.630405000877,35817.748931257585,8700.0
2025-05-04,0,0.0,0.058894483000131004,37562.893538117554,37095.18995625265,8700.0
2025-05-05,0,0.0,0.055963754000003973,38246.7028882428,37166.38605535086,8700.0
2025-05-06,0,0.0,0.05570086799980345,38374.16104698909,37302.708125351906,8700.0
2025-05-07,0,0.0,0.055766451000181405,38992.68535597613,38789.46611616411,8700.0
2025-05-08,0,0.0,0.06260596099991744,37827.678059457045,17147.350086235318,2400.000000000002
2025-05-09,0,0.0,0.07752555700017183,16689.537289763488,17135.811831065614,2399.9999999999995
2025-05-10,0,0.0,0.05795856200029448,19628.074495541136,39174.7360639196,8700.0
2025-05-11,0,0.0,0.057535164000000805,41021.605530376866,39831.755226447574,8700.0
2025-05-12,0,0.0,0.057368823000160774,41580.112347517665,40160.80503128688,8700.0
2025-05-13,0,0.0,0.05981801699999778,40947.45710764834,39602.856276630824,8700.0
2025-05-14,0,0.0,0.05751822899992476,41084.22230270515,40152.306092292405,8700.0
2025-05-15,0,0.0,0.06864338700006556,38508.69749354555,17178.325969075024,2399.9999999999995
2025-05-16,0,0.0,0.12383773999999903,16769.544322042937,17317.55982483808,2400.0
2025-05-17,0,0.0,0.07135241199966913,19519.064755042957,38199.74295977185,8700.0
2025-05-18,0,0.0,0.05858847300032721,39694.57311045878,37882.770351392406,8700.0
2025-05-19,0,0.0,0.060341034999964904,39421.33070232555,37560.16748527215,8700.0
2025-05-20,0,0.0,0.0542204049997963,38772.28458630145,37204.77437829239,8700.0
2025-05-21,0,0.0,0.05827674299962382,38804.60327197243,37115.958841690175,8700.0
2025-05-22,0,0.0,0.056156845000259636,35593.47709709658,16211.907947459624,1950.0
2025-05-23,0,0.0,0.14405595799962612,15680.591976683681,16317.449815462545,1950.0
2025-05-24,0,0.0,0.07490958500011402,19072.773896681116,36717.538267068165,8700.0
2025-05-25,0,0.0,0.05988101100001586,37971.43212966116,35749.76600376434,8700.0
2025-05-26,0,0.0,0.07939360699992903,37133.28091982873,35264.43205440751,8700.0
2025-05-27,0,0.0,0.06243662500037317,37918.58485325725,36138.90127303645,8700.0
2025-05-28,0,0.0,0.07504910500028927,37500.50947665662,35640.452800925166,8700.0
2025-05-29,0,0.0,0.06386661200031085,34537.1596974515,15723.485534774807,1950.0
2025-05-30,0,0.0,0.09813340699975015,15223.369053707203,15927.078612674939,1950.0
2025-05-31,0,0.0,0.1502885370000513,18767.423961553148,36742.07718999552,8700.0
2025-06-01,0,0.0,0.06300214800012327,38847.60922649458,36635.82738672872,8700.0
2025-06-02,0,0.0,0.05664293900008488,40671.549740242735,41206.78543686877,8700.0
2025-06-03,0,0.0,0.07776107499967111,42500.55708714058,44300.09372913781,8700.0
2025-06-04,0,0.0,0.059990276000007725,45026.16244988162,46457.28123839646,8700.0
2025-06-05,0,0.0,0.07335223600011886,44438.63992449301,20425.165944957418,2399.9999999999986
2025-06-06,0,0.0,0.0709045739999965,19527.068184248128,21576.403079874253,2400.0000000000027
2025-06-07,0,0.0,0.0811998610001865,24398.965822209135,55032.946316035384,8700.0
2025-06-08,0,3.7520029229587683e-16,0.02885166800024308,57047.17180851425,56740.28394830162,8700.0
2025-06-09,0,2.531551791236514e-16,0.028629523999825324,56061.23693847931,56336.52828865824,8700.0
2025-06-10,0,5.049630340242199e-16,0.038013624000086566,56416.75999730384,56335.57717375664,8700.0
2025-06-11,0,0.0,0.037142221000067366,56708.48577244214,56863.20845451142,8700.0
2025-06-12,0,5.142707665344545e-16,0.028956496999853698,57072.37370852595,25342.0063107288,7200.000000000011
2025-06-13,0,0.0,0.13647381600003428,25720.610111791742,25640.36976160841,7199.999999999988
2025-06-14,0,0.0,0.11938514500025121,26473.056612223685,59621.3255621194,8700.0
2025-06-15,0,1.2075406389937594e-16,0.028882124000119802,59181.10219359331,58874.35519549266,8700.0
2025-06-16,0,3.6487545008129395e-16,0.030826086000161013,58749.039267547196,58525.90837124166,8700.0
2025-06-17,0,0.0,0.029212913000264962,57631.332235070695,58046.56070579453,8700.0
2025-06-18,0,1.2257782092004042e-16,0.02930770599959942,57649.91437640875,58123.6640670066,8700.0
2025-06-19,0,0.0,0.0835031120000167,55289.59881744805,25511.59052652,5999.999999999995
2025-06-20,0,0.0,0.07338192899987916,23445.48420292219,25277.42405470051,4800.000000000012
2025-06-21,0,0.0,0.08346265199998015,24719.984593806636,54457.788702192855,8700.0
2025-06-22,0,0.0,0.03006402600021829,52444.14166445231,51664.74066993954,8700.0
2025-06-23,0,0.0,0.07537211499993646,51965.94625465989,51113.87173816201,8700.0
2025-06-24,0,0.0,0.07358477500019944,51023.298229674285,50290.41465541164,8700.0
2025-06-25,0,0.0,0.045118438999907085,51584.598221626686,51322.15286467453,8700.0
2025-06-26,0,0.0,0.07598372300026313,48227.651042811485,22094.3387146512,2400.000000000002
2025-06-27,0,0.0,0.08219886500000939,20730.733143256606,21838.208593371823,2400.0
2025-06-28,0,0.0,0.07146441799977765,23488.178114166025,49795.9069286337,8700.0
2025-06-29,0,2.8142825257025703e-16,0.030568096000024525,50386.76788235803,50017.49422316314,8700.0
2025-06-30,0,0.0,0.08147952099989197,50802.94886792186,50192.056166677954,8700.0
2025-07-01,0,0.0,0.028763786000126856,50958.12100439012,50332.90121588656,8700.0
2025-07-02,0,0.0,0.08211281500007317,49704.371229102595,49965.103427768256,8700.0
2025-07-03,0,0.0,0.06710600499991415,46332.068560206724,22624.091274484497,2400.0000000000005
2025-07-04,0,0.0,0.08643492300006983,22369.74918392929,23780.128802078492,2399.9999999999986
2025-07-05,0,0.0,0.15982269100004487,26399.243736932814,50349.73415442963,8700.0
2025-07-06,0,0.0,0.05838020300006974,50833.88580539536,50061.64469658515,8700.0
2025-07-07,0,0.0,0.057848564999858354,51562.06250314568,55334.653286165114,8700.0
2025-07-08,0,0.0,0.05694084599963389,54874.92273016455,54081.25773570725,8700.0
2025-07-09,0,0.0,0.055567614999745274,54464.11180483099,53590.72005962761,8700.0
2025-07-10,0,0.0,0.06244652999976097,52126.64572258182,28433.862443466456,2399.9999999999986
2025-07-11,0,0.0,0.08213433299988537,27835.135380712993,28472.983022269218,2400.0
2025-07-12,0,0.0,0.09035231599955296,30921.0855768185,53862.94398510318,8700.0
2025-07-13,0,0.0,0.05961584099986794,55476.55649246649,54372.97967326382,8700.0
2025-07-14,0,0.0,0.058930206000241014,54454.14094671894,56605.90833046364,8700.0
2025-07-15,0,0.0,0.05860724000012851,57557.80917109539,55991.134978726564,8700.0
2025-07-16,0,0.0,0.07085700399966299,56969.48688732376,56174.49571138575,8700.0
2025-07-17,0,0.0,0.06338734900009513,54503.8867137145,29393.491206560113,3599.9999999999995
2025-07-18,0,0.0,0.17543077799973616,29181.384326450647,29249.116736546657,3599.999999999949
2025-07-19,0,0.0,0.1119229990003987,31282.99319007843,55391.48926516579,8700.0
2025-07-20,0,0.0,0.06609623499980444,55615.25239317814,54939.53911850922,8700.0
2025-07-21,0,0.0,0.05795499999976528,55305.56425006065,55748.821535462244,8700.0
2025-07-22,0,0.0,0.06430633399986618,57203.46219430966,55535.7636334642,8700.0
2025-07-23,0,0.0,0.07469519300002503,56812.50595279179,55519.99578073209,8700.0
2025-07-24,0,0.0,0.10589134200017725,54543.24046749421,28000.56609898689,3599.999999999974
2025-07-25,0,0.0,0.1460161570003038,27923.030755363685,28071.879688259556,3599.999999999999
2025-07-26,0,0.0,0.09643247600024552,30246.413791648727,54290.45143304271,8700.0
2025-07-27,0,0.0,0.07313468899974396,54973.301381082085,54024.9573329717,8700.0
2025-07-28,0,0.0,0.07451450000007753,55279.05115080578,55665.58928504445,8700.0
2025-07-29,0,0.0,0.07578592799973194,56978.897406655306,55865.16940621655,8700.0
2025-07-30,0,0.0,0.0860552449998977,57041.15633021327,55747.087504172436,8700.0
2025-07-31,0,0.0,0.04505174599989914,54247.937587527056,27062.67129927723,3600.000000000002
2025-08-01,0,0.0,0.10500405499988119,26925.50007323485,27124.689732465707,3600.0
2025-08-02,0,0.0,0.08212937899997996,29232.662035720492,53826.823700520275,8700.0
2025-08-03,0,0.0,0.06740066300017133,53977.82225322536,53078.93601376783,8700.0
2025-08-04,0,0.0,0.07145586000024196,52562.37812097636,51749.31226865894,8700.0
2025-08-05,0,0.0,0.055651077999755216,51105.100919872864,50026.48924924338,8700.0
2025-08-06,0,0.0,0.05891884799984837,50200.7613367983,48510.66951876094,8700.0
2025-08-07,0,0.0,0.06116340299968215,46515.31015264867,25266.62711300948,2399.999999999998
2025-08-08,0,0.0,0.07152285000029224,24545.23379777125,24997.167149219975,2399.999999999998
2025-08-09,0,0.0,0.14701530899992576,27498.128664432013,46271.59539379055,8700.0
2025-08-10,0,0.0,0.060581284999898344,47572.324909182265,46102.47584310995,8700.0
2025-08-11,0,0.0,0.06962157199996,47853.30868960251,45850.95626246337,8700.0
2025-08-12,0,0.0,0.058772306999799184,46844.414585831575,45552.48528535136,8700.0
2025-08-13,0,0.0,0.06851179799969032,47513.18576209831,45576.209730618284,8700.0
2025-08-14,0,0.0,0.06290753399980531,43973.10521442024,24257.080107274367,2400.0000000000014
2025-08-15,0,0.0,0.08391418199971667,24123.549276124508,24420.999050884835,2399.999999999999
2025-08-16,0,0.0,0.12161945899970306,27201.434182533507,46110.34795350473,8700.0
2025-08-17,0,0.0,0.05801029700023719,47571.61639284952,45958.18933739861,8700.0
2025-08-18,0,0.0,0.06383219899998949,47481.94784256335,45804.37781158373,8700.0
2025-08-19,0,0.0,0.05811432299969965,47580.52953974766,46023.651214100915,8700.0
2025-08-20,0,0.0,0.05857972600006178,47580.28093514795,45857.47297379405,8700.0
2025-08-21,0,0.0,0.061480302000290976,46000.06346181859,24251.793805820133,3599.9999999999995
2025-08-22,0,1.468771419655113e-16,0.12857076899990716,24468.555366010023,24226.501946097902,3600.0000000000005
2025-08-23,0,0.0,0.06172397099999216,27125.940067722055,47589.69660043837,8700.0
2025-08-24,0,0.0,0.05909939299999678,49736.83559095191,48217.231263625654,8700.0
2025-08-25,0,0.0,0.061196847000246635,49882.25918547745,47988.19365631703,8700.0
2025-08-26,0,0.0,0.06043094699998619,50429.4219730903,48945.69195132723,8700.0
2025-08-27,0,0.0,0.059445870999752515,50374.81666124167,49020.860685208296,8700.0
2025-08-28,0,0.0,0.09044507599992357,47695.66000753567,25327.734700915713,3600.0
2025-08-29,0,0.0,0.08022888799996508,25523.917903156755,25233.880450939778,3599.9999999999827
2025-08-30,0,0.0,0.09835647899990363,27836.207112556323,50152.15525810442,8700.0
2025-08-31,0,0.0,0.16010137800003577,50939.5851477215,49772.58414292971,8700.0
2025-09-01,0,0.0,0.06148688900020716,51070.45867380731,49804.775786433565,8700.0
2025-09-02,0,0.0,0.06255752499964728,50219.54252997876,49056.89450061617,8700.0
2025-09-03,0,0.0,0.05581257099993309,50009.264356643784,49261.017532587815,8700.0
2025-09-04,0,0.0,0.07659911300015665,47275.56711941126,24750.737073491,3600.0
2025-09-05,0,0.0,0.06436781499996869,24839.485861403144,24952.46977362249,3600.0000000000014
2025-09-06,0,0.0,0.06297760799998287,27011.04415634393,47058.4359606221,8700.0
2025-09-07,0,0.0,0.06036277399971368,48037.416349603576,43272.48744828959,8700.0
2025-09-08,0,0.0,0.056446648000019195,44034.57465991429,43238.717760191925,8700.0
2025-09-09,0,0.0,0.05741951499976494,44145.6202188507,43095.875630616494,8700.0
2025-09-10,0,0.0,0.06349317499962126,43826.10562855278,42896.02270580796,8700.0
2025-09-11,0,0.0,0.06750222299979214,41466.4065401773,20525.36050492635,3600.0000000000023
2025-09-12,0,0.0,0.06825002100003985,19682.146225540244,20116.16163989332,3599.999999999998
2025-09-13,0,0.0,0.10916839700030323,21224.710657443924,41463.61190440145,8700.0
2025-09-14,0,0.0,0.05777277800007141,41307.735157464514,38120.56016602489,8700.0
2025-09-15,0,0.0,0.0575135969997973,39080.75434698754,37940.2892880436,8700.0
2025-09-16,0,0.0,0.0631499989999611,39375.90740176925,38117.332375286234,8700.0
2025-09-17,0,0.0,0.061120948000279895,40309.767412017434,39186.18072377263,8700.0
2025-09-18,0,0.0,0.06259010300027512,38420.83409160713,17422.156805037615,3599.999999999993
2025-09-19,0,0.0,0.10415522899984353,17770.580258611964,17716.58975831471,3599.999999999976
2025-09-20,0,0.0,0.09081052200008344,20513.810741743702,41177.60980396448,8700.0
2025-09-21,0,0.0,0.07196052300014344,43490.856849952725,40283.73199616621,8700.0
2025-09-22,0,0.0,0.05600313600007212,41751.47089471235,40545.37332991838,8700.0
2025-09-23,0,0.0,0.06289514899981441,42588.33559909093,40829.39960063076,8700.0
2025-09-24,0,0.0,0.0761298520001219,43012.68727454859,41751.296901614915,8700.0
2025-09-25,0,0.0,0.09295948299995871,41209.98530481328,17519.53115280023,4800.0
2025-09-26,0,0.0,0.08625251800003753,18571.72639891533,18003.515401510558,4800.0
2025-09-27,0,1.1373305735725342e-16,0.11818082300032984,20612.032822347155,42463.02051988255,8700.0
2025-09-28,0,0.0,0.07167544300000372,44456.87265006862,41882.32353835193,8700.0
2025-09-29,0,0.0,0.059576776000085374,43934.024737317464,42943.25963080792,8700.0
2025-09-30,0,0.0,0.07156505700004345,44666.536275145656,43006.72578909832,8700.0
2025-10-01,0,0.0,0.05560231100025703,45006.89901248376,43615.3562515873,8700.0
2025-10-02,0,0.0,0.07598012499965989,42318.53853729255,17807.882164641782,4800.0
2025-10-03,0,0.0,0.09256509800025015,18419.638003402586,18143.72899881053,4800.0
2025-10-04,0,0.0,0.09836468600042281,20599.89654690537,41429.7435917222,8700.0
2025-10-05,0,0.0,0.060384493000128714,42506.88149754293,41391.18480694357,8700.0
2025-10-06,0,0.0,0.05865687799996522,42325.47776406267,40941.66080618289,8700.0
2025-10-07,0,0.0,0.057568366000396054,42186.320191111416,38998.88729588,8700.0
2025-10-08,0,0.0,0.05733588500015685,39854.11152811762,38371.22899027476,8700.0
2025-10-09,0,0.0,0.06734724499983713,38616.12110773219,16153.096320670898,4800.000000000002
2025-10-10,0,0.0,0.05807810500027699,16777.08910231424,16574.310277547323,4800.000000000005
2025-10-11,0,0.0,0.11051189699992392,19202.401684601275,39086.633193279325,8700.0
2025-10-12,0,0.0,0.06752867700015486,40493.04817348208,39196.21086521681,8700.0
2025-10-13,0,0.0,0.05567285699999047,41138.20716645576,39384.466899083556,8700.0
2025-10-14,0,0.0,0.05528741500029355,40884.68659109998,37869.819548220396,8700.0
2025-10-15,0,0.0,0.05673872399984248,39859.82025834819,37774.220894832404,8700.0
2025-10-16,0,0.0,0.07023894499980088,39060.13537355112,15291.243727503097,4800.000000000001
2025-10-17,0,0.0,0.0879477290000068,16589.618955163314,15986.46539237739,4800.000000000012
2025-10-18,0,0.0,0.17208703300002526,18946.960605971384,41206.72553639954,8700.0
2025-10-19,0,0.0,0.07508113799985949,43183.82035136568,41751.37453767483,8700.0
2025-10-20,0,0.0,0.05716344399979789,44348.80532743281,42531.278395251866,8700.0
2025-10-21,0,0.0,0.05791241399992941,45104.94010483805,42702.19519682069,8700.0
2025-10-22,0,0.0,0.05496196400008557,44864.75037295242,43781.50348637678,8700.0
2025-10-23,0,0.0,0.06827264799994737,44452.72900052928,15843.711028634305,5999.999999999997
2025-10-24,0,0.0,0.08972673600010239,17252.73198608806,16127.337729772207,5999.999999999965
2025-10-25,0,0.0,0.05987738699968759,18976.890496681302,45242.09422406913,8700.0
2025-10-26,0,0.0,0.05549159199972564,46745.31743038852,45766.81160117615,8700.0
2025-10-27,0,0.0,0.056259560999933456,46940.83906209384,45719.921212703804,8700.0
2025-10-28,0,0.0,0.05646591200002149,46933.30322934992,45184.74903768265,8700.0
2025-10-29,0,0.0,0.07644951200018113,46397.29650293316,45220.83351477014,8700.0
2025-10-30,0,0.0,0.07981586899995818,45525.15451518679,16720.317022444277,6000.0
2025-10-31,0,0.0,0.10759035799992489,18177.61679785203,16735.31339326798,5999.999999999933
2025-11-01,0,0.0,0.09141061599984823,19624.32651800123,46147.88636813777,8700.0
2025-11-02,0,0.0,0.06937601300023744,47959.91693395322,46620.40863603708,8700.0
2025-11-03,0,0.0,0.05469207700025436,48514.93572484719,46685.1184896191,8700.0
2025-11-04,0,0.0,0.05748165099976177,48764.90393934115,47167.414426273084,8700.0
2025-11-05,0,0.0,0.057709724999767786,48777.97231165955,46968.86891257474,8700.0
2025-11-06,0,0.0,0.07954058899986194,47047.94378638771,17404.12803351409,5999.999999999888
2025-11-07,0,0.0,0.08429115399985676,19057.80755399976,17459.75568260676,6000.000000000023
2025-11-08,0,0.0,0.08951724500002456,20235.986842353606,47911.52189278584,8700.0
2025-11-09,0,0.0,0.05779308000001038,49727.23070842981,48016.22869102203,8700.0
2025-11-10,0,0.0,0.055956430999685836,50138.00619962897,48272.71858179404,8700.0
2025-11-11,0,0.0,0.05626739999979691,50572.402746122665,48916.99034704217,8700.0
2025-11-12,0,0.0,0.08712584800014156,51054.38757573166,49087.519438739226,8700.0
2025-11-13,0,0.0,0.0762148230001003,50180.24697855431,17735.027149016714,7200.000000000012
2025-11-14,0,0.0,0.08511606799993388,19802.54404086108,17573.156336787015,7199.999999999999
2025-11-15,0,0.0,0.07352701999980127,20386.819132080935,49952.969126520285,8700.0
2025-11-16,0,0.0,0.04364910999993299,52208.136346567495,50604.70176332742,8700.0
2025-11-17,0,9.720950020988876e-16,0.027947177999976702,52770.26397693381,50648.92793557094,8700.0
2025-11-18,0,0.0,0.02774544399972001,52507.375643520674,50578.75161216987,8700.0
2025-11-19,0,0.0,0.06961469899988515,52841.44492155298,50842.03426719664,8700.0
2025-11-20,0,0.0,0.03647135400024126,52867.76786264723,18368.64031941032,7950.0
2025-11-21,0,0.0,0.13781631800020477,20406.6805220026,18440.615940160063,7950.0
2025-11-22,0,0.0,0.09012879800002338,20745.547089113126,51459.556005501254,8700.0
2025-11-23,0,2.735782388957391e-16,0.0325309519998882,53692.46287040615,51430.675993913355,8700.0
2025-11-24,0,0.0,0.02909565099980682,53711.711041061346,51687.09380925154,8700.0
2025-11-25,0,2.737588317210781e-16,0.030185053999957745,53533.918771543205,51560.477730783445,8700.0
2025-11-26,0,0.0,0.02993618799973774,53767.18987464237,51731.73211734777,8700.0
2025-11-27,0,0.0,0.051486569000189775,53745.61642508097,18404.771150326327,8400.000000000013
2025-11-28,0,0.0,0.08369278199961627,20727.186584774026,18638.496815387392,8399.999999999982
2025-11-29,0,0.0,0.07690259299988611,21128.771643273212,52238.749945505515,8700.0
2025-11-30,0,1.330656008653385e-16,0.031770886999765935,54897.86314723702,52930.01740302862,8700.0
2025-12-01,0,0.0,0.03070153399994524,55408.003434823375,53364.12790677379,8700.0
2025-12-02,0,2.5619492364968483e-16,0.027866036999967037,56360.98854862267,55233.40562519553,8700.0
2025-12-03,0,0.0,0.1163053810000747,57744.44826769488,57074.400619469256,8700.0
2025-12-04,0,0.0,0.11360926499992274,59086.73231306602,22903.947863141446,8700.0
2025-12-05,0,0.0,0.05838460599989048,25286.634409128346,23533.826446822473,8700.0
2025-12-06,0,0.0,0.05412791599974298,25893.449542973205,59784.62251343932,8700.0
2025-12-07,0,0.0,0.028052137999566185,61663.78008605477,62222.57155218904,8700.0
2025-12-08,0,1.1376221499546444e-16,0.03550658099993598,63765.246583708904,62428.05330698796,8700.0
2025-12-09,0,3.406631055461353e-16,0.0380790999997771,64069.47963197115,62390.016601318275,8700.0
2025-12-10,0,0.0,0.02804313499973432,63802.957156802666,62665.65385043896,8700.0
2025-12-11,0,0.0,0.02770025700010592,64308.00396526433,26530.570705423568,8700.0
2025-12-12,0,0.0,0.05499984000016411,28326.87145331458,26770.16759017954,8700.0
2025-12-13,0,0.0,0.06046787700006462,28759.389215039795,63246.82511643802,8700.0
2025-12-14,0,0.0,0.026819157999852905,64756.0825851662,64352.515284765104,8700.0
2025-12-15,0,6.595252320781759e-16,0.027565944000343734,66044.19223065522,64767.14834079387,8700.0
2025-12-16,0,1.1018283753494702e-15,0.028773716999694443,66113.89656070125,64275.11525291778,8700.0
2025-12-17,0,3.3354819365041853e-16,0.02737315500007753,65346.11923693327,63883.436986206456,8700.0
2025-12-18,0,0.0,0.028131819000009273,65018.97417741476,27299.906757173856,8700.0
2025-12-19,0,0.0,0.05676328000026842,28640.560016146614,27117.278551205396,8700.0
2025-12-20,0,0.0,0.05612603899999158,28548.398973858908,62873.51890609732,8700.0
2025-12-21,0,0.0,0.02717739799982155,64019.22865963769,62770.10719922409,8700.0
2025-12-22,0,0.0,0.029075430999910168,64336.81529310996,62704.23870937577,8700.0
2025-12-23,0,0.0,0.032106992000080936,64416.9872073405,62099.20172360477,8700.0
2025-12-24,0,0.0,0.027328175000093324,63628.16229759206,61709.37138639814,8700.0
2025-12-25,0,0.0,0.027629488999991736,63470.16008816856,25674.24558645599,8700.0
2025-12-26,0,0.0,0.057199995999781095,27877.15116252691,25688.506562741295,8700.0
2025-12-27,0,0.0,0.059443988999646535,27661.772247326404,61534.97454202986,8700.0
2025-12-28,0,3.457239642133056e-16,0.027632213000288175,63342.95147275702,61719.69156278226,8700.0
2025-12-29,0,4.617803552287733e-16,0.028467612999975245,63466.53799105461,61338.71691203948,8700.0
2025-12-30,0,3.42706621611252e-16,0.028230564999830676,63086.12740431397,62965.53799897538,8700.0
2025-12-31,0,0.0,0.06329679000009492,61094.262903072144,0.0,6000.0
