date,soc_start_kwh,soc_end_kwh,emergency_kwh,emergency_cost_yuan,history_available_through,tomorrow_target,today_scenarios,tomorrow_scenarios
2025-02-01,5999.999999999998,8700.0,83.607655165256,301.1723454524388,2025-01-31,2025-02-02,14,14
2025-02-02,8700.0,8700.0,18.49930167839318,93.63575956157432,2025-02-01,2025-02-03,14,14
2025-02-03,8700.0,8700.000000000002,81.63328483517444,320.74244789999125,2025-02-02,2025-02-04,14,14
2025-02-04,8700.000000000002,8700.0,700.1765144776334,2827.7310245134954,2025-02-03,2025-02-05,14,14
2025-02-05,8700.0,8700.0,229.1980601489693,849.4777463598774,2025-02-04,2025-02-06,14,14
2025-02-06,8700.0,8700.000000000002,143.74650422590923,695.3117402546839,2025-02-05,2025-02-07,14,14
2025-02-07,8700.000000000002,8700.0,135.6111579423584,775.8834432332009,2025-02-06,2025-02-08,14,14
2025-02-08,8700.0,8700.000000000002,194.0548634085181,1061.055864321103,2025-02-07,2025-02-09,14,14
2025-02-09,8700.000000000002,8700.0,613.8019486241747,1833.481660416996,2025-02-08,2025-02-10,14,14
2025-02-10,8700.0,8700.0,105.11591093823765,514.4449482285883,2025-02-09,2025-02-11,14,14
2025-02-11,8700.0,8700.000000000004,97.42623111011224,517.8724452670126,2025-02-10,2025-02-12,14,14
2025-02-12,8700.000000000004,8700.0,398.6157143646725,1619.5936980414806,2025-02-11,2025-02-13,14,14
2025-02-13,8700.0,7950.0,228.17886647491224,706.1321459208809,2025-02-12,2025-02-14,14,14
2025-02-14,7950.0,7199.999999999996,807.7585867050201,2616.5550383115824,2025-02-13,2025-02-15,14,14
2025-02-15,7199.999999999996,8700.000000000004,863.1539175850208,3007.5130951900587,2025-02-14,2025-02-16,14,14
2025-02-16,8700.000000000004,8700.0,1260.5265930244575,4984.1416299509065,2025-02-15,2025-02-17,14,14
2025-02-17,8700.0,8700.0,354.8159441232875,1249.8751696171048,2025-02-16,2025-02-18,14,14
2025-02-18,8700.0,8700.0,486.8948627262979,1957.6474933677616,2025-02-17,2025-02-19,14,14
2025-02-19,8700.0,8700.000000000002,1236.79070852556,4460.993618890715,2025-02-18,2025-02-20,14,14
2025-02-20,8700.000000000002,7200.0,540.4749487263357,2218.320094287105,2025-02-19,2025-02-21,14,14
2025-02-21,7200.0,5999.999999999888,579.7622380388385,2005.4910836940203,2025-02-20,2025-02-22,14,14
2025-02-22,5999.999999999888,8700.0,838.6211500535778,3152.1549499423527,2025-02-21,2025-02-23,14,14
2025-02-23,8700.0,8700.0,1121.192901030212,3818.699941291761,2025-02-22,2025-02-24,14,14
2025-02-24,8700.0,8700.0,384.27458626699,1668.1583674105095,2025-02-23,2025-02-25,14,14
2025-02-25,8700.0,8700.0,418.9282883039133,1440.2633463746745,2025-02-24,2025-02-26,14,14
2025-02-26,8700.0,8700.000000000002,635.0020266144049,2558.320655167355,2025-02-25,2025-02-27,14,14
2025-02-27,8700.000000000002,5999.999999999948,510.6205010349096,2503.023680547285,2025-02-26,2025-02-28,14,14
2025-02-28,5999.999999999948,6000.000000000007,506.2447581213686,1831.0721897120852,2025-02-27,2025-03-01,14,14
2025-03-01,6000.000000000007,8700.0,488.9278412046712,1816.733334069388,2025-02-28,2025-03-02,14,14
2025-03-02,8700.0,8700.000000000002,4429.40120069746,16492.31003437951,2025-03-01,2025-03-03,14,14
2025-03-03,8700.000000000002,8700.0,2746.442546560636,11298.334340647496,2025-03-02,2025-03-04,14,14
2025-03-04,8700.0,8700.0,329.16853845242764,1095.1016310482714,2025-03-03,2025-03-05,14,14
2025-03-05,8700.0,8700.0,85.0413603378273,352.011120009055,2025-03-04,2025-03-06,14,14
2025-03-06,8700.0,6000.000000000002,166.1611610343461,566.7476426128549,2025-03-05,2025-03-07,14,14
2025-03-07,6000.000000000002,4800.000000000003,129.5966776869137,404.578479335276,2025-03-06,2025-03-08,14,14
2025-03-08,4800.000000000003,8700.0,178.74720913936028,460.0959182201691,2025-03-07,2025-03-09,14,14
2025-03-09,8700.0,8700.0,245.060158932567,921.3624675950356,2025-03-08,2025-03-10,14,14
2025-03-10,8700.0,8700.0,1360.894251405262,3891.5733667968407,2025-03-09,2025-03-11,14,14
2025-03-11,8700.0,8700.000000000004,336.5618632263647,1250.3923506800688,2025-03-10,2025-03-12,14,14
2025-03-12,8700.000000000004,8700.000000000002,414.41682937886577,1243.725028899133,2025-03-11,2025-03-13,14,14
2025-03-13,8700.000000000002,4799.999999999996,2004.9944926653884,7985.585220939864,2025-03-12,2025-03-14,14,14
2025-03-14,4799.999999999996,4200.0,255.36822779971016,1030.0511514131092,2025-03-13,2025-03-15,14,14
2025-03-15,4200.0,8700.0,638.0267352969365,2256.33058088188,2025-03-14,2025-03-16,14,14
2025-03-16,8700.0,8700.0,827.5421472881767,3278.2337724678514,2025-03-15,2025-03-17,14,14
2025-03-17,8700.0,8700.000000000004,201.88421843851668,759.7206534845001,2025-03-16,2025-03-18,14,14
2025-03-18,8700.000000000004,8700.0,1175.7010934681243,5690.392081742672,2025-03-17,2025-03-19,14,14
2025-03-19,8700.0,8700.0,673.2867931372541,3375.315434325578,2025-03-18,2025-03-20,14,14
2025-03-20,8700.0,3599.9999999999923,653.8562213355166,2542.349900326808,2025-03-19,2025-03-21,14,14
2025-03-21,3599.9999999999923,3600.0000000000864,363.0326941411466,1211.1415003293807,2025-03-20,2025-03-22,14,14
2025-03-22,3600.0000000000864,8700.0,394.35846392382376,1302.7309523563704,2025-03-21,2025-03-23,14,14
2025-03-23,8700.0,8700.000000000002,746.731169667062,2767.6767436446494,2025-03-22,2025-03-24,14,14
2025-03-24,8700.000000000002,8700.000000000002,702.2528715329054,2488.4954930240533,2025-03-23,2025-03-25,14,14
2025-03-25,8700.000000000002,8700.000000000005,1382.8442289887787,4717.677020784687,2025-03-24,2025-03-26,14,14
2025-03-26,8700.000000000005,8700.0,172.118910682797,473.0401742757194,2025-03-25,2025-03-27,14,14
2025-03-27,8700.0,3600.000000000072,602.0527985590224,2073.851957047091,2025-03-26,2025-03-28,14,14
2025-03-28,3600.000000000072,3600.000000000017,378.0711321875058,1424.7614706306176,2025-03-27,2025-03-29,14,14
2025-03-29,3600.000000000017,8700.0,210.60626394450372,807.2197762806182,2025-03-28,2025-03-30,14,14
2025-03-30,8700.0,8700.0,897.3218241300532,3465.227564627509,2025-03-29,2025-03-31,14,14
2025-03-31,8700.0,8700.0,2085.1725234147334,7878.455955697061,2025-03-30,2025-04-01,14,14
2025-04-01,8700.0,8700.000000000004,3273.444175139585,9112.986079911509,2025-03-31,2025-04-02,14,14
2025-04-02,8700.000000000004,8700.000000000002,3382.184686321509,13492.60260777851,2025-04-01,2025-04-03,14,14
2025-04-03,8700.000000000002,3600.0000000000023,438.4262764480277,1717.443181423938,2025-04-02,2025-04-04,14,14
2025-04-04,3600.0000000000023,3600.000000000004,187.42822864192632,766.6317151123701,2025-04-03,2025-04-05,14,14
2025-04-05,3600.000000000004,8700.0,523.1478157539514,2039.8631076868032,2025-04-04,2025-04-06,14,14
2025-04-06,8700.0,8700.0,152.09618206812905,609.3197986019632,2025-04-05,2025-04-07,14,14
2025-04-07,8700.0,8700.0,176.51087120015768,481.9390629320923,2025-04-06,2025-04-08,14,14
2025-04-08,8700.0,8700.0,606.6180301891213,2791.862776083892,2025-04-07,2025-04-09,14,14
2025-04-09,8700.0,8700.000000000004,1835.595898874853,6107.99739062767,2025-04-08,2025-04-10,14,14
2025-04-10,8700.000000000004,3599.9999999999995,661.400171507171,2979.7315037727203,2025-04-09,2025-04-11,14,14
2025-04-11,3599.9999999999995,3599.9999999999995,402.3566441298669,1602.5538388431132,2025-04-10,2025-04-12,14,14
2025-04-12,3599.9999999999995,8700.0,160.86660552046305,683.7671799960134,2025-04-11,2025-04-13,14,14
2025-04-13,8700.0,8700.000000000002,305.3315130947683,1379.892191136067,2025-04-12,2025-04-14,14,14
2025-04-14,8700.000000000002,8700.000000000002,274.5609270853302,1220.0483232019467,2025-04-13,2025-04-15,14,14
2025-04-15,8700.000000000002,8700.0,94.77425131502277,428.6498228473046,2025-04-14,2025-04-16,14,14
2025-04-16,8700.0,8700.0,686.2529867115965,2296.382156023471,2025-04-15,2025-04-17,14,14
2025-04-17,8700.0,2399.9999999999945,280.08151082755217,1181.1277451325782,2025-04-16,2025-04-18,14,14
2025-04-18,2399.9999999999945,2400.000000000004,206.12444331397,614.5453143156446,2025-04-17,2025-04-19,14,14
2025-04-19,2400.000000000004,8700.000000000002,256.8848500723783,781.5810880224176,2025-04-18,2025-04-20,14,14
2025-04-20,8700.000000000002,8700.0,434.8582865912808,1764.5291892502066,2025-04-19,2025-04-21,14,14
2025-04-21,8700.0,8700.0,308.570865238847,1029.979658014114,2025-04-20,2025-04-22,14,14
2025-04-22,8700.0,8700.0,619.3120233752561,1961.9543799257012,2025-04-21,2025-04-23,14,14
2025-04-23,8700.0,8700.0,334.8755860601961,1110.4496458769008,2025-04-22,2025-04-24,14,14
2025-04-24,8700.0,2400.0,119.226887569793,524.9606332868242,2025-04-23,2025-04-25,14,14
2025-04-25,2400.0,2400.000000000001,191.4804433919868,715.6778215219144,2025-04-24,2025-04-26,14,14
2025-04-26,2400.000000000001,8700.0,419.05886549263926,1537.5074204909436,2025-04-25,2025-04-27,14,14
2025-04-27,8700.0,8700.0,1103.99437665012,4665.244043835497,2025-04-26,2025-04-28,14,14
2025-04-28,8700.0,8700.0,5530.874262062678,20286.847755928684,2025-04-27,2025-04-29,14,14
2025-04-29,8700.0,8700.0,579.4063838822794,2442.259229149437,2025-04-28,2025-04-30,14,14
2025-04-30,8700.0,8700.000000000002,934.2283360780572,3211.933957460941,2025-04-29,2025-05-01,14,14
2025-05-01,8700.000000000002,2400.0000000000027,2626.145814442689,12220.093208736886,2025-04-30,2025-05-02,14,14
2025-05-02,2400.0000000000027,2399.999999999998,3265.0720170313766,14462.106382368558,2025-05-01,2025-05-03,14,14
2025-05-03,2399.999999999998,8700.000000000002,1369.620174944072,6996.229087316139,2025-05-02,2025-05-04,14,14
2025-05-04,8700.000000000002,8700.0,1253.588029518923,5672.148602216744,2025-05-03,2025-05-05,14,14
2025-05-05,8700.0,8700.0,1584.722438137538,7105.08942493161,2025-05-04,2025-05-06,14,14
2025-05-06,8700.0,8700.0,1283.636456893765,4986.955072046712,2025-05-05,2025-05-07,14,14
2025-05-07,8700.0,8700.000000000004,780.3499030727727,3753.6036479160994,2025-05-06,2025-05-08,14,14
2025-05-08,8700.000000000004,2400.0000000000027,712.6702818632133,2812.5836984186985,2025-05-07,2025-05-09,14,14
2025-05-09,2400.0000000000027,2400.0,133.16420370349465,417.18244060109527,2025-05-08,2025-05-10,14,14
2025-05-10,2400.0,8700.0,272.21798707755653,882.892317733275,2025-05-09,2025-05-11,14,14
2025-05-11,8700.0,8700.0,371.0049720752723,1407.213151466905,2025-05-10,2025-05-12,14,14
2025-05-12,8700.0,8700.0,560.0329077228208,1538.2960565699088,2025-05-11,2025-05-13,14,14
2025-05-13,8700.0,8700.000000000002,94.00979854868172,312.86494953519315,2025-05-12,2025-05-14,14,14
2025-05-14,8700.000000000002,8700.0,185.18966544658107,586.6816582703742,2025-05-13,2025-05-15,14,14
2025-05-15,8700.0,2399.9999999999995,329.4796165660892,1258.9945590780696,2025-05-14,2025-05-16,14,14
2025-05-16,2399.9999999999995,2400.0000000000127,107.74720813922868,294.09523647099206,2025-05-15,2025-05-17,14,14
2025-05-17,2400.0000000000127,8700.0,507.66761160209177,1889.1166365102165,2025-05-16,2025-05-18,14,14
2025-05-18,8700.0,8700.0,720.5226246032767,2007.8028801063235,2025-05-17,2025-05-19,14,14
2025-05-19,8700.0,8700.0,156.18630363111686,912.5577745390804,2025-05-18,2025-05-20,14,14
2025-05-20,8700.0,8700.0,667.0164807766087,2475.221304789468,2025-05-19,2025-05-21,14,14
2025-05-21,8700.0,8700.0,660.7738003590698,2479.8442545863254,2025-05-20,2025-05-22,14,14
2025-05-22,8700.0,1950.0,174.87316567217516,634.8563811076408,2025-05-21,2025-05-23,14,14
2025-05-23,1950.0,1950.0,168.4296815276446,496.8558744898854,2025-05-22,2025-05-24,14,14
2025-05-24,1950.0,8700.000000000002,147.41641538548316,396.1376170186349,2025-05-23,2025-05-25,14,14
2025-05-25,8700.000000000002,8700.0,170.3770623926079,757.2238831747189,2025-05-24,2025-05-26,14,14
2025-05-26,8700.0,8700.0,2483.218913837348,8879.462326912695,2025-05-25,2025-05-27,14,14
2025-05-27,8700.0,8700.000000000002,124.805521014983,318.0766920717255,2025-05-26,2025-05-28,14,14
2025-05-28,8700.000000000002,8700.0,1487.8471726542982,4673.351655468545,2025-05-27,2025-05-29,14,14
2025-05-29,8700.0,1950.000000000002,1040.0544187787852,4196.194962576677,2025-05-28,2025-05-30,14,14
2025-05-30,1950.000000000002,1950.0000000000011,516.7723423222978,2061.583939681206,2025-05-29,2025-05-31,14,14
2025-05-31,1950.0000000000011,8700.0,520.4069369635092,1811.9016914321076,2025-05-30,2025-06-01,14,14
2025-06-01,8700.0,8700.0,11481.318987513396,44326.55152377154,2025-05-31,2025-06-02,14,14
2025-06-02,8700.0,8700.0,8339.997846305585,33663.223845937384,2025-06-01,2025-06-03,14,14
2025-06-03,8700.0,8700.0,3985.186397537268,16421.409497760906,2025-06-02,2025-06-04,14,14
2025-06-04,8700.0,8700.0,3646.8772056577,13064.372542959673,2025-06-03,2025-06-05,14,14
2025-06-05,8700.0,2399.999999999998,2250.794959113982,8473.327570493262,2025-06-04,2025-06-06,14,14
2025-06-06,2399.999999999998,2400.0000000000027,2803.751905682136,11208.332767237776,2025-06-05,2025-06-07,14,14
2025-06-07,2400.0000000000027,8700.0,1056.3326746526825,4138.505899055081,2025-06-06,2025-06-08,14,14
2025-06-08,8700.0,8700.0,15.86352451732398,54.03514515207761,2025-06-07,2025-06-09,14,14
2025-06-09,8700.0,8700.0,262.0705397439514,662.941112197342,2025-06-08,2025-06-10,14,14
2025-06-10,8700.0,8700.0,84.13558700486885,225.3911148329313,2025-06-09,2025-06-11,14,14
2025-06-11,8700.0,8700.0,518.7754602748491,2493.441440314606,2025-06-10,2025-06-12,14,14
2025-06-12,8700.0,7200.0,111.34669794991848,326.9655231210606,2025-06-11,2025-06-13,14,14
2025-06-13,7200.0,7199.999999999988,141.30986228921145,765.1423287247687,2025-06-12,2025-06-14,14,14
2025-06-14,7199.999999999988,8700.000000000004,40.76423657154135,109.11734480499224,2025-06-13,2025-06-15,14,14
2025-06-15,8700.000000000004,8700.0,0.0,0.0,2025-06-14,2025-06-16,14,14
2025-06-16,8700.0,8700.0,96.29456597578654,284.918083160233,2025-06-15,2025-06-17,14,14
2025-06-17,8700.0,8700.0,432.5113406782838,1792.1300756799706,2025-06-16,2025-06-18,14,14
2025-06-18,8700.0,8700.0,27.190809995676204,74.97769834469764,2025-06-17,2025-06-19,14,14
2025-06-19,8700.0,5999.999999999995,167.28435865057412,660.9365810172018,2025-06-18,2025-06-20,14,14
2025-06-20,5999.999999999995,4800.000000000012,17.693083010922635,38.25770640252696,2025-06-19,2025-06-21,14,14
2025-06-21,4800.000000000012,8700.0,80.8365563156807,245.3772098198635,2025-06-20,2025-06-22,14,14
2025-06-22,8700.0,8700.0,138.46091103528624,501.1938266670724,2025-06-21,2025-06-23,14,14
2025-06-23,8700.0,8700.0,125.09502710506985,463.267759707439,2025-06-22,2025-06-24,14,14
2025-06-24,8700.0,8700.0,3744.40790079992,15176.958158334985,2025-06-23,2025-06-25,14,14
2025-06-25,8700.0,8700.0,1053.0653720451949,3473.193143398847,2025-06-24,2025-06-26,14,14
2025-06-26,8700.0,2400.000000000002,233.32666300547072,963.3910335869804,2025-06-25,2025-06-27,14,14
2025-06-27,2400.000000000002,2400.0,44.45611969996065,111.56413009134788,2025-06-26,2025-06-28,14,14
2025-06-28,2400.0,8700.0,369.27652137123306,1274.5940188349268,2025-06-27,2025-06-29,14,14
2025-06-29,8700.0,8700.0,1022.4410383828698,3129.2666387034424,2025-06-28,2025-06-30,14,14
2025-06-30,8700.0,8700.0,869.922132301244,3479.594210336956,2025-06-29,2025-07-01,14,14
2025-07-01,8700.0,8700.0,5462.043325088828,18349.37754426516,2025-06-30,2025-07-02,14,14
2025-07-02,8700.0,8700.0,5153.361415262346,17666.86289929502,2025-07-01,2025-07-03,14,14
2025-07-03,8700.0,2400.0000000000005,6637.440419102136,24173.368105548765,2025-07-02,2025-07-04,14,14
2025-07-04,2400.0000000000005,2399.999999999998,3002.3139804165976,11365.987608313695,2025-07-03,2025-07-05,14,14
2025-07-05,2399.999999999998,8700.0,2165.7158775130183,8755.730858292542,2025-07-04,2025-07-06,14,14
2025-07-06,8700.0,8700.0,5096.434848374783,22079.7936502542,2025-07-05,2025-07-07,14,14
2025-07-07,8700.0,8700.0,1188.3708696379204,3819.406663520438,2025-07-06,2025-07-08,14,14
2025-07-08,8700.0,8700.0,874.6380587464521,3824.168855604102,2025-07-07,2025-07-09,14,14
2025-07-09,8700.0,8700.0,767.9922714454895,2929.6737132440703,2025-07-08,2025-07-10,14,14
2025-07-10,8700.0,2399.999999999998,212.94916179854604,796.5123202849124,2025-07-09,2025-07-11,14,14
2025-07-11,2399.999999999998,2400.0,1261.4636394882775,3366.4898201443275,2025-07-10,2025-07-12,14,14
2025-07-12,2400.0,8700.0,139.52430638335937,464.0939333468975,2025-07-11,2025-07-13,14,14
2025-07-13,8700.0,8700.0,58.78221144605493,334.2907044659676,2025-07-12,2025-07-14,14,14
2025-07-14,8700.0,8700.0,188.47583791100257,904.7433685190954,2025-07-13,2025-07-15,14,14
2025-07-15,8700.0,8700.0,1105.4800945096156,2907.512444457307,2025-07-14,2025-07-16,14,14
2025-07-16,8700.0,8700.0,346.522331915854,1277.1520792323645,2025-07-15,2025-07-17,14,14
2025-07-17,8700.0,3599.9999999999995,539.0768795865991,2644.354573097832,2025-07-16,2025-07-18,14,14
2025-07-18,3599.9999999999995,3599.999999999949,65.38355250690881,286.2171118574606,2025-07-17,2025-07-19,14,14
2025-07-19,3599.999999999949,8700.0,1.6454507171995374,3.5928416410051898,2025-07-18,2025-07-20,14,14
2025-07-20,8700.0,8700.0,149.69660670106947,495.2582935213744,2025-07-19,2025-07-21,14,14
2025-07-21,8700.0,8700.0,246.0878673124236,1032.036359679018,2025-07-20,2025-07-22,14,14
2025-07-22,8700.0,8700.0,404.64875997123727,1779.698906738554,2025-07-21,2025-07-23,14,14
2025-07-23,8700.0,8700.0,263.5394301477643,1231.0813876935654,2025-07-22,2025-07-24,14,14
2025-07-24,8700.0,3599.999999999974,582.9527016346136,2488.9542517169507,2025-07-23,2025-07-25,14,14
2025-07-25,3599.999999999974,3600.0,62.456848697197096,226.36642937154997,2025-07-24,2025-07-26,14,14
2025-07-26,3600.0,8700.0,131.73610798131318,317.097863712091,2025-07-25,2025-07-27,14,14
2025-07-27,8700.0,8700.0,760.5380160481646,3315.5391641557894,2025-07-26,2025-07-28,14,14
2025-07-28,8700.0,8700.0,1167.2782147134017,4148.921356819644,2025-07-27,2025-07-29,14,14
2025-07-29,8700.0,8700.0,663.2328119066419,2529.9202434912804,2025-07-28,2025-07-30,14,14
2025-07-30,8700.0,8700.0,84.63782315906218,348.80677875164724,2025-07-29,2025-07-31,14,14
2025-07-31,8700.0,3600.000000000002,138.12543197977112,558.1583432104103,2025-07-30,2025-08-01,14,14
2025-08-01,3600.000000000002,3600.000000000001,95.90242812870144,210.19739984146383,2025-07-31,2025-08-02,14,14
2025-08-02,3600.000000000001,8700.0,30.384585471772677,155.3569625292812,2025-08-01,2025-08-03,14,14
2025-08-03,8700.0,8700.0,247.58447285357155,1024.9524326723945,2025-08-02,2025-08-04,14,14
2025-08-04,8700.0,8700.0,93.87211789521189,268.5361798366532,2025-08-03,2025-08-05,14,14
2025-08-05,8700.0,8700.0,102.92524609911143,318.6333483490261,2025-08-04,2025-08-06,14,14
2025-08-06,8700.0,8700.0,1357.9458059913882,5411.227508182324,2025-08-05,2025-08-07,14,14
2025-08-07,8700.0,2399.999999999998,325.83407223600886,1139.655573782615,2025-08-06,2025-08-08,14,14
2025-08-08,2399.999999999998,2400.0,195.65268733949924,789.7297553055495,2025-08-07,2025-08-09,14,14
2025-08-09,2400.0,8700.0,331.8369842225477,1311.3905255878703,2025-08-08,2025-08-10,14,14
2025-08-10,8700.0,8700.0,1303.2128649107954,4282.0028263192335,2025-08-09,2025-08-11,14,14
2025-08-11,8700.0,8700.0,852.145090193259,3619.264425336119,2025-08-10,2025-08-12,14,14
2025-08-12,8700.0,8700.0,2318.572554263717,9322.688478506278,2025-08-11,2025-08-13,14,14
2025-08-13,8700.0,8700.0,1626.601851118567,5876.262524753056,2025-08-12,2025-08-14,14,14
2025-08-14,8700.0,2400.0000000000014,1358.375916904479,6101.217589909776,2025-08-13,2025-08-15,14,14
2025-08-15,2400.0000000000014,2400.000000000087,445.4590893416421,1599.9734797124486,2025-08-14,2025-08-16,14,14
2025-08-16,2400.000000000087,8700.0,327.0872632038048,1260.33915556085,2025-08-15,2025-08-17,14,14
2025-08-17,8700.0,8700.0,549.6218800368488,2355.816593836926,2025-08-16,2025-08-18,14,14
2025-08-18,8700.0,8700.0,744.1090038285114,3251.049964909076,2025-08-17,2025-08-19,14,14
2025-08-19,8700.0,8700.0,865.348868097306,3243.0725298358448,2025-08-18,2025-08-20,14,14
2025-08-20,8700.0,8700.0,3159.0751668368043,12019.115714912688,2025-08-19,2025-08-21,14,14
2025-08-21,8700.0,3599.9999999999995,873.5119895080184,3193.6487186441177,2025-08-20,2025-08-22,14,14
2025-08-22,3599.9999999999995,3600.0000000000014,1016.6259286033852,3901.65931638201,2025-08-21,2025-08-23,14,14
2025-08-23,3600.0000000000014,8700.0,298.4833597381229,963.9927804758966,2025-08-22,2025-08-24,14,14
2025-08-24,8700.0,8700.0,408.7824520566608,1548.714344436925,2025-08-23,2025-08-25,14,14
2025-08-25,8700.0,8700.0,1750.3827311760938,6297.484508858958,2025-08-24,2025-08-26,14,14
2025-08-26,8700.0,8700.0,396.3665964224616,1554.1710112938122,2025-08-25,2025-08-27,14,14
2025-08-27,8700.0,8700.0,340.8669967166732,1642.1555715899497,2025-08-26,2025-08-28,14,14
2025-08-28,8700.0,3600.0,2784.962198302407,10536.529696066013,2025-08-27,2025-08-29,14,14
2025-08-29,3600.0,3599.999999999984,304.5134478916391,1297.8832135397104,2025-08-28,2025-08-30,14,14
2025-08-30,3599.999999999984,8700.0,463.2523162756386,1379.2366091038962,2025-08-29,2025-08-31,14,14
2025-08-31,8700.0,8700.0,151.22230073129938,532.3571986522827,2025-08-30,2025-09-01,14,14
2025-09-01,8700.0,8700.0,0.0,0.0,2025-08-31,2025-09-02,14,14
2025-09-02,8700.0,8700.0,0.0,0.0,2025-09-01,2025-09-03,14,14
2025-09-03,8700.0,8700.0,0.0,0.0,2025-09-02,2025-09-04,14,14
2025-09-04,8700.0,3600.0,3.9847197704585824,23.145244786708677,2025-09-03,2025-09-05,14,14
2025-09-05,3600.0,3600.0000000000014,0.0,0.0,2025-09-04,2025-09-06,14,14
2025-09-06,3600.0000000000014,8700.0,2.593849999999975,8.947485574999913,2025-09-05,2025-09-07,14,14
2025-09-07,8700.0,8700.0,197.75811600586624,812.8912096120947,2025-09-06,2025-09-08,14,14
2025-09-08,8700.0,8700.0,1321.311051011413,5633.967643223784,2025-09-07,2025-09-09,14,14
2025-09-09,8700.0,8700.0,65.59711734814783,254.70775575954704,2025-09-08,2025-09-10,14,14
2025-09-10,8700.0,8700.0,1981.539549980262,8517.996389907728,2025-09-09,2025-09-11,14,14
2025-09-11,8700.0,3600.0000000000023,191.082207153197,828.6595176306166,2025-09-10,2025-09-12,14,14
2025-09-12,3600.0000000000023,3599.9999999999995,276.9192763277125,913.578651305742,2025-09-11,2025-09-13,14,14
2025-09-13,3599.9999999999995,8700.000000000002,367.0957075611452,1528.598637480265,2025-09-12,2025-09-14,14,14
2025-09-14,8700.000000000002,8700.0,1788.7230476011891,6092.401016540158,2025-09-13,2025-09-15,14,14
2025-09-15,8700.0,8700.000000000002,2126.816343478464,8568.143921768316,2025-09-14,2025-09-16,14,14
2025-09-16,8700.000000000002,8700.0,3448.8040363873065,10867.96006283377,2025-09-15,2025-09-17,14,14
2025-09-17,8700.0,8700.0,2003.8916973896955,7009.963476621581,2025-09-16,2025-09-18,14,14
2025-09-18,8700.0,3599.9999999999936,1048.38303307578,4649.412393388165,2025-09-17,2025-09-19,14,14
2025-09-19,3599.9999999999936,3599.999999999976,1067.9873841840083,3583.214061770861,2025-09-18,2025-09-20,14,14
2025-09-20,3599.999999999976,8700.0,751.5038641512963,3054.768834953338,2025-09-19,2025-09-21,14,14
2025-09-21,8700.0,8700.0,525.2611726063591,1949.449915041807,2025-09-20,2025-09-22,14,14
2025-09-22,8700.0,8700.0,2036.3046692440728,7582.069868861627,2025-09-21,2025-09-23,14,14
2025-09-23,8700.0,8700.000000000002,1814.4757252514428,7865.570939351212,2025-09-22,2025-09-24,14,14
2025-09-24,8700.000000000002,8700.0,903.9206300133476,3213.54656985808,2025-09-23,2025-09-25,14,14
2025-09-25,8700.0,4800.000000000001,1259.0373457767018,4645.495055186492,2025-09-24,2025-09-26,14,14
2025-09-26,4800.000000000001,4800.0,342.2195664542319,1336.1504810792394,2025-09-25,2025-09-27,14,14
2025-09-27,4800.0,8700.0,1422.2481553324678,5588.449611355891,2025-09-26,2025-09-28,14,14
2025-09-28,8700.0,8700.000000000002,704.1358810238197,2635.6604168228205,2025-09-27,2025-09-29,14,14
2025-09-29,8700.000000000002,8700.0,1009.1694969422653,4288.115668830411,2025-09-28,2025-09-30,14,14
2025-09-30,8700.0,8700.0,1501.2562638288891,6327.936836267742,2025-09-29,2025-10-01,14,14
2025-10-01,8700.0,8700.0,126.00261391724456,274.46147299500547,2025-09-30,2025-10-02,14,14
2025-10-02,8700.0,4800.000000000001,213.2201431607547,559.0125375292695,2025-10-01,2025-10-03,14,14
2025-10-03,4800.000000000001,4800.0,70.72068168180033,161.51279931465336,2025-10-02,2025-10-04,14,14
2025-10-04,4800.0,8700.0,156.64164303761711,561.8567993016882,2025-10-03,2025-10-05,14,14
2025-10-05,8700.0,8700.0,258.9967594476717,558.106904606288,2025-10-04,2025-10-06,14,14
2025-10-06,8700.0,8700.0,439.4575377850469,1008.3831418614344,2025-10-05,2025-10-07,14,14
2025-10-07,8700.0,8700.000000000002,431.9636221185118,1582.9761034418125,2025-10-06,2025-10-08,14,14
2025-10-08,8700.000000000002,8700.000000000002,874.8855641146394,2841.167392214824,2025-10-07,2025-10-09,14,14
2025-10-09,8700.000000000002,4800.000000000002,247.6632052234322,960.4348418212946,2025-10-08,2025-10-10,14,14
2025-10-10,4800.000000000002,4800.000000000005,458.7697691040174,1538.3233418861869,2025-10-09,2025-10-11,14,14
2025-10-11,4800.000000000005,8700.000000000002,85.54155390840839,349.6731682583046,2025-10-10,2025-10-12,14,14
2025-10-12,8700.000000000002,8700.0,859.591996701634,3407.5605254616084,2025-10-11,2025-10-13,14,14
2025-10-13,8700.0,8700.000000000002,283.2047181170458,1161.3433729632231,2025-10-12,2025-10-14,14,14
2025-10-14,8700.000000000002,8700.0,948.8422628221756,3938.0176651391303,2025-10-13,2025-10-15,14,14
2025-10-15,8700.0,8700.0,2235.3508088714675,9546.824582983349,2025-10-14,2025-10-16,14,14
2025-10-16,8700.0,4800.000000000002,2402.2625926174496,10231.36627563249,2025-10-15,2025-10-17,14,14
2025-10-17,4800.000000000002,4800.000000000014,535.7086288505999,2405.6921679149104,2025-10-16,2025-10-18,14,14
2025-10-18,4800.000000000014,8700.0,366.647280133664,1199.9895605180427,2025-10-17,2025-10-19,14,14
2025-10-19,8700.0,8700.0,1251.9797386357209,5272.8113515727655,2025-10-18,2025-10-20,14,14
2025-10-20,8700.0,8700.000000000002,1148.074356725508,5293.725045830726,2025-10-19,2025-10-21,14,14
2025-10-21,8700.000000000002,8700.0,865.9868761970575,2892.663456682342,2025-10-20,2025-10-22,14,14
2025-10-22,8700.0,8700.0,1499.019079811486,7417.723489878834,2025-10-21,2025-10-23,14,14
2025-10-23,8700.0,5999.999999999997,462.5165976087084,2022.7414051457224,2025-10-22,2025-10-24,14,14
2025-10-24,5999.999999999997,5999.999999999965,731.5648570150208,3560.11566843898,2025-10-23,2025-10-25,14,14
2025-10-25,5999.999999999965,8700.0,453.9149277376718,1977.688933417068,2025-10-24,2025-10-26,14,14
2025-10-26,8700.0,8700.0,307.37701056530005,1092.3382139577118,2025-10-25,2025-10-27,14,14
2025-10-27,8700.0,8700.0,460.8687663094753,1764.550495262051,2025-10-26,2025-10-28,14,14
2025-10-28,8700.0,8700.0,331.9615220668137,1361.6900514377437,2025-10-27,2025-10-29,14,14
2025-10-29,8700.0,8700.0,1554.875437395894,5560.592281397921,2025-10-28,2025-10-30,14,14
2025-10-30,8700.0,6000.0,372.466830692008,1475.2605918556417,2025-10-29,2025-10-31,14,14
2025-10-31,6000.0,5999.999999999933,425.7989036179565,1712.9199262956004,2025-10-30,2025-11-01,14,14
2025-11-01,5999.999999999933,8700.0,305.6042967185527,942.1658005510844,2025-10-31,2025-11-02,14,14
2025-11-02,8700.0,8700.0,514.618204678247,2307.9859532098194,2025-11-01,2025-11-03,14,14
2025-11-03,8700.0,8700.000000000002,534.0599817062383,1576.462089911964,2025-11-02,2025-11-04,14,14
2025-11-04,8700.000000000002,8700.000000000002,392.72266479517936,1748.9351765241706,2025-11-03,2025-11-05,14,14
2025-11-05,8700.000000000002,8700.0,400.2801503355695,1218.1610663785198,2025-11-04,2025-11-06,14,14
2025-11-06,8700.0,5999.999999999888,1420.394882213825,6449.715078540604,2025-11-05,2025-11-07,14,14
2025-11-07,5999.999999999888,6000.000000000023,388.8231667033254,1697.9015979041642,2025-11-06,2025-11-08,14,14
2025-11-08,6000.000000000023,8700.0,204.9064185832744,743.1288849671903,2025-11-07,2025-11-09,14,14
2025-11-09,8700.0,8700.000000000002,735.7867507040405,3260.874568113309,2025-11-08,2025-11-10,14,14
2025-11-10,8700.000000000002,8700.0,870.5556909593364,3406.1282971666024,2025-11-09,2025-11-11,14,14
2025-11-11,8700.0,8700.000000000004,214.79565119564705,797.3456942550596,2025-11-10,2025-11-12,14,14
2025-11-12,8700.000000000004,8700.000000000002,246.22440650179425,1214.7324166157414,2025-11-11,2025-11-13,14,14
2025-11-13,8700.000000000002,7200.0,671.9896553409264,2545.25750299777,2025-11-12,2025-11-14,14,14
2025-11-14,7200.0,7199.999999999999,108.79513551031177,360.679899247051,2025-11-13,2025-11-15,14,14
2025-11-15,7199.999999999999,8700.0,227.80580322034865,893.2467882075204,2025-11-14,2025-11-16,14,14
2025-11-16,8700.0,8700.0,805.7753956535623,3049.099355441801,2025-11-15,2025-11-17,14,14
2025-11-17,8700.0,8700.0,243.22444695730616,844.1286368139873,2025-11-16,2025-11-18,14,14
2025-11-18,8700.0,8700.000000000002,541.5566911661278,1579.6852838601546,2025-11-17,2025-11-19,14,14
2025-11-19,8700.000000000002,8700.000000000002,449.0563223713641,1622.762297843828,2025-11-18,2025-11-20,14,14
2025-11-20,8700.000000000002,7950.0,336.1527187364896,1264.4931135025893,2025-11-19,2025-11-21,14,14
2025-11-21,7950.0,7950.0,307.8783297031558,848.1239749776331,2025-11-20,2025-11-22,14,14
2025-11-22,7950.0,8700.0,219.1915026789237,684.0565264706157,2025-11-21,2025-11-23,14,14
2025-11-23,8700.0,8700.0,671.2648409856557,2909.7341346560306,2025-11-22,2025-11-24,14,14
2025-11-24,8700.0,8700.000000000002,288.0568308395833,1050.9535620965128,2025-11-23,2025-11-25,14,14
2025-11-25,8700.000000000002,8700.0,431.0697822843242,1566.8344684585393,2025-11-24,2025-11-26,14,14
2025-11-26,8700.0,8700.0,317.6879576560813,1132.00503324151,2025-11-25,2025-11-27,14,14
2025-11-27,8700.0,8400.000000000013,276.58837471189963,1111.4057893189124,2025-11-26,2025-11-28,14,14
2025-11-28,8400.000000000013,8399.999999999982,290.5675559415713,1328.2176080789802,2025-11-27,2025-11-29,14,14
2025-11-29,8399.999999999982,8700.0,2137.630565547158,6804.072508443478,2025-11-28,2025-11-30,14,14
2025-11-30,8700.0,8700.000000000002,935.3819566418528,3570.513973752894,2025-11-29,2025-12-01,14,14
2025-12-01,8700.000000000002,8700.000000000002,4840.683502704304,18136.565534985475,2025-11-30,2025-12-02,14,14
2025-12-02,8700.000000000002,8700.0,5147.263015676872,19973.979025279303,2025-12-01,2025-12-03,14,14
2025-12-03,8700.0,8700.0,2944.497041104093,9537.206536806418,2025-12-02,2025-12-04,14,14
2025-12-04,8700.0,8700.0,2087.8246094307515,8064.764113465116,2025-12-03,2025-12-05,14,14
2025-12-05,8700.0,8700.000000000002,969.1326988513516,3590.182045223294,2025-12-04,2025-12-06,14,14
2025-12-06,8700.000000000002,8700.000000000002,1639.2561831321775,5153.71485350393,2025-12-05,2025-12-07,14,14
2025-12-07,8700.000000000002,8700.000000000004,555.6661032767473,2087.742037903362,2025-12-06,2025-12-08,14,14
2025-12-08,8700.000000000004,8700.0,200.3800772413669,864.2972293542005,2025-12-07,2025-12-09,14,14
2025-12-09,8700.0,8700.000000000002,219.35804489970437,1058.579450815868,2025-12-08,2025-12-10,14,14
2025-12-10,8700.000000000002,8700.000000000002,162.01194469667172,566.1025974725579,2025-12-09,2025-12-11,14,14
2025-12-11,8700.000000000002,8700.0,140.940007224635,476.8234629491649,2025-12-10,2025-12-12,14,14
2025-12-12,8700.0,8700.0,410.1092244524639,1298.18859917279,2025-12-11,2025-12-13,14,14
2025-12-13,8700.0,8700.0,130.7498558550928,639.5236458356055,2025-12-12,2025-12-14,14,14
2025-12-14,8700.0,8700.0,171.12860449307317,742.1591435859424,2025-12-13,2025-12-15,14,14
2025-12-15,8700.0,8700.0,120.3160060289888,386.32754204008,2025-12-14,2025-12-16,14,14
2025-12-16,8700.0,8700.000000000002,36.80423923542503,79.28634480339328,2025-12-15,2025-12-17,14,14
2025-12-17,8700.000000000002,8700.000000000002,131.1759431109358,686.727114387709,2025-12-16,2025-12-18,14,14
2025-12-18,8700.000000000002,8700.0,113.39247129227611,281.5321774426686,2025-12-17,2025-12-19,14,14
2025-12-19,8700.0,8700.000000000002,214.50858495290697,967.7930988920152,2025-12-18,2025-12-20,14,14
2025-12-20,8700.000000000002,8700.0,60.17360344876205,286.6076721037158,2025-12-19,2025-12-21,14,14
2025-12-21,8700.0,8700.0,376.82537375876456,1267.8169611332971,2025-12-20,2025-12-22,14,14
2025-12-22,8700.0,8700.0,158.3388601122332,738.2661505870087,2025-12-21,2025-12-23,14,14
2025-12-23,8700.0,8700.000000000002,44.099278400353285,202.52311869026545,2025-12-22,2025-12-24,14,14
2025-12-24,8700.000000000002,8700.0,190.11373589476065,908.9380671105952,2025-12-23,2025-12-25,14,14
2025-12-25,8700.0,8700.000000000002,391.55356365029246,1255.1153752574676,2025-12-24,2025-12-26,14,14
2025-12-26,8700.000000000002,8700.0,246.25867713703013,892.655668515759,2025-12-25,2025-12-27,14,14
2025-12-27,8700.0,8700.0,198.6719036104369,809.4721078012985,2025-12-26,2025-12-28,14,14
2025-12-28,8700.0,8700.0,164.95533495854818,734.8337348238533,2025-12-27,2025-12-29,14,14
2025-12-29,8700.0,8700.000000000004,169.68832474479717,688.203229639018,2025-12-28,2025-12-30,14,14
2025-12-30,8700.000000000004,8700.0,61.494082197846,292.9468180758421,2025-12-29,2025-12-31,14,14
2025-12-31,8700.0,6000.000000000002,577.2529637367704,2266.2850233460417,2025-12-30,2026-01-01,14,14
