date,reference_total_cost_yuan,joint_total_cost_yuan,v2b_total_cost_yuan,target_kwh,reference_soc_06_kwh,joint_soc_06_kwh
2025-02-01,24803.255876193256,26408.058071089374,24837.681053606968,9000.0,10170.22601585004,10170.22601585004
2025-02-02,64899.860533477295,60528.88829934458,58603.791989630314,9000.0,9808.337511485923,10800.0
2025-02-03,64998.9832557586,59969.45207978791,57884.221926939535,9000.0,9631.879940618124,10800.0
2025-02-04,66919.83173888264,60900.97156357739,60125.07786407172,9000.0,9610.064352903893,10800.0
2025-02-05,66539.98914828038,60437.16411956768,58088.400388662485,9000.0,9726.848937933379,10800.0
2025-02-06,64606.94445140073,60420.73451935995,58215.019277049105,9000.0,9716.22043108,10800.0
2025-02-07,30581.364921164004,25927.797370576085,23780.61528583093,9000.0,9000.0,10095.690782822589
2025-02-08,31042.68995897808,25832.932335588506,23119.492744909207,9000.0,9000.0,9683.106693322221
2025-02-09,65747.04982204094,59580.27262095828,57090.935663424636,9000.0,9471.307926204721,10716.524273488114
2025-02-10,63008.736099128786,58758.08187998034,55871.78879841227,9000.0,9589.61958073182,10774.867856402921
2025-02-11,62159.952008046086,57290.24440158215,54895.463155781246,9000.0,9279.992564297887,10480.031941953739
2025-02-12,62364.7679162378,57633.11114322094,54930.79154276581,9000.0,9016.078342581794,10248.806288440204
2025-02-13,62435.974595814194,56571.819488131594,53728.29434374154,9000.0,9000.0,9862.667903935773
2025-02-14,34382.45661267777,28332.676113288726,21906.071940959504,9000.0,9000.0,9586.963520691947
2025-02-15,36033.79036974628,30289.993448506746,21720.787295977767,9000.0,9000.0,9673.956779135517
2025-02-16,65759.873173916,55987.40259212584,55196.61286814046,9000.0,9000.0,9886.447316211197
2025-02-17,60260.852431522435,54037.702949733364,51427.01382665547,9000.0,9000.0,9908.332003377636
2025-02-18,61267.11668479941,54706.475581240615,51610.700346707374,9000.0,9000.0,9891.629095575441
2025-02-19,63974.4066873597,55653.00117074291,53739.52459123708,9000.0,9000.0,9933.476126975771
2025-02-20,61426.06357625275,53952.765114846974,51418.53921578905,9000.0,9000.0,9899.133304834386
2025-02-21,35641.69977930612,29626.613089108585,20518.87774205239,9000.0,9000.0,9613.782615850667
2025-02-22,37838.48309205763,31834.108850930163,21391.56568430485,9000.0,9000.0,9691.40595659412
2025-02-23,62564.69364187774,54272.29904218879,52131.7970378941,9000.0,9000.0,9904.627503618896
2025-02-24,57539.7064095752,52362.72044453615,49624.43488134203,9000.0,9000.0,9892.186058838151
2025-02-25,57742.13654950304,51901.319922116214,49265.94545390229,9000.0,9000.0,9874.074074074075
2025-02-26,58636.17020476079,52631.17005893465,49954.59245259788,9000.0,9000.0,9899.69583936483
2025-02-27,59836.03682243658,50847.81382283027,49449.1963432952,9000.0,9000.0,9899.69583936483
2025-02-28,36096.09261397609,29587.426964556787,19922.78781822888,9000.0,9000.0,9663.553891746407
2025-03-01,35126.7730384303,31912.932733970832,19766.704509641648,9000.0,9000.000000000002,9699.035319548104
2025-03-02,71041.30656426941,63976.66232040999,62785.354280805506,9000.0,9000.0,9903.512588644704
2025-03-03,68329.3399317666,59510.75281209536,58059.68172863853,9000.0,9000.0,9894.247623225277
2025-03-04,57025.948245560154,51712.34214509157,49322.73676592427,9000.0,9000.0,9894.718197569855
2025-03-05,56593.40351470905,51625.88881660255,49350.18223849303,9000.0,9000.0,9890.974009849875
2025-03-06,56824.561645047346,52073.407571707285,49356.10074619279,9000.0,9000.0,9900.113057273618
2025-03-07,34021.70017603361,29225.142854277587,18218.358655209122,9000.0,9000.0,9793.327343430736
2025-03-08,36284.369865543704,29539.76878516293,17911.427659265337,9000.0,8999.999999999998,9778.445993767979
2025-03-09,56418.34061403968,51009.4161744328,48344.59420223806,9000.0,9000.0,9922.179487987141
2025-03-10,59184.226247575425,51851.62005785623,50066.29749251472,9000.0,9000.0,9905.803774788663
2025-03-11,55385.45164375546,51071.95904812189,47199.989122886625,9000.0,9000.0,9926.286773559386
2025-03-12,54895.688242830256,49968.10107641656,46859.67644928582,9000.0,9000.0,9861.937468000177
2025-03-13,62291.08455332295,51602.44706079881,52843.534614193064,9000.0,9000.0,9907.279103772009
2025-03-14,37318.46111156793,29594.329250244766,17608.291515154855,9000.0,9000.0,9778.497175748897
2025-03-15,38919.629801817035,29206.752659583988,18692.584774076116,9000.0,9000.0,8370.35196752998
2025-03-16,57321.68492760384,48930.5334539742,47741.147505319226,9000.0,9000.0,9892.128053489703
2025-03-17,53176.48948989879,48425.320833852405,44831.95476477479,9000.0,9000.0,9926.804343069369
2025-03-18,57694.542603685615,47789.67460747482,47953.02885620922,9000.0,9000.0,9958.335389890482
2025-03-19,56058.28482959847,45753.61709558315,45677.24807417138,9000.0,9000.0,9898.40129025749
2025-03-20,55192.03785514435,47374.56301169727,44753.326657382466,9000.0,9000.0,9922.615950344343
2025-03-21,38011.18203657658,28365.87432791344,17141.057475996724,9000.0,9000.0,8759.076521429153
2025-03-22,38470.983349762646,28711.552205958567,17385.321593042834,9000.0,9000.0,8853.88409478795
2025-03-23,54710.53217977064,46181.03712177729,43961.78443628162,9000.0,9000.0,9916.392426042901
2025-03-24,52926.372037595596,45235.30595428045,43480.00910580167,9000.0,9000.0,9873.62420910855
2025-03-25,55304.856924749016,46419.27227694186,45403.05865168481,9000.0,9000.0,9903.009852211131
2025-03-26,50550.36200529984,44097.291645696394,41534.140443029886,9000.0,9000.0,9856.245065645648
2025-03-27,51795.47549368071,45401.630881828816,42818.063435981654,9000.0,9000.0,9894.072709833374
2025-03-28,37603.63017093868,30169.01642513609,16778.61254860166,9000.0,9000.0,9757.876024271156
2025-03-29,37782.780460634414,30896.79861148456,16274.31547448522,9000.0,9000.0,9831.059146117806
2025-03-30,50917.27885080627,43433.062691168416,42134.76771564178,9000.0,9000.0,9925.72243734138
2025-03-31,54212.081088748855,45818.272698517205,46077.368885160126,9000.0,9000.0,9872.298506070138
2025-04-01,57109.17677782112,49114.431748357216,47648.78062276718,9000.0,9000.0,9887.571093627608
2025-04-02,64489.414325542544,53659.80985716802,52217.71101380157,9000.0,9000.0,9929.267547647247
2025-04-03,51945.19068459742,43925.40493076158,41419.51627875274,9000.0,9000.0,9961.326663925078
2025-04-04,37393.51336941515,30542.503635916313,15861.573049826251,9000.0,9000.0,9850.890296008038
2025-04-05,38981.64004470416,31458.723570903687,17219.166943122334,9000.0,9000.0,9865.273334358948
2025-04-06,48863.91881738208,43294.730869344974,40031.50725413221,9000.0,9000.0,9953.565745527294
2025-04-07,47561.43968123544,42144.3257372354,39476.44391977004,9000.0,9000.0,9975.506192466844
2025-04-08,51604.72637972861,44443.79603574662,41703.8970320601,9000.0,9000.0,9963.306817765286
2025-04-09,53748.45714426671,46138.32544680045,44465.33169072687,9000.0,9000.0,9984.346080572423
2025-04-10,50848.41943727787,43837.03688282921,42017.4321005124,9000.0,9000.0,10000.475470430529
2025-04-11,37955.15085408107,31145.646221859482,16253.099711901148,9000.0,9000.0,9850.14425793703
2025-04-12,37258.76610516261,30668.015765052372,15530.948010756842,9000.0,9000.0,9937.393939674601
2025-04-13,48136.25166576344,42495.52399313557,39789.96657042234,9000.0,9000.0,9984.742385216727
2025-04-14,48241.96067973237,41987.55867271971,39306.32743543932,9000.0,9000.0,9964.914373426329
2025-04-15,45993.66677370114,41761.73658626442,38642.430391209375,9000.0,9000.0,10007.125493720978
2025-04-16,48428.42647225675,42124.305867436866,39811.37485265013,9000.0,9000.0,10002.324313114508
2025-04-17,46174.16807154502,41088.294126861685,38147.46664981432,9000.0,9000.0,9986.373130142438
2025-04-18,37957.69907313068,30871.14811303067,14908.335462583605,9000.0,9000.0,9754.584095413284
2025-04-19,37721.66183273009,29393.59450219087,15006.899477751194,9000.0,9000.0,9596.164025550226
2025-04-20,47266.060796253296,40644.86020270668,38313.027304504125,9000.0,9000.0,10014.811981246488
2025-04-21,45771.2003364782,39483.974809637475,37345.85906452578,9000.0,9000.0,10005.111116437625
2025-04-22,46836.30359036417,40144.63398162618,38167.607393168,9000.0,9000.0,10036.188875367896
2025-04-23,46094.93576009561,40648.4350857058,37439.877134949114,9000.0,9000.0,9952.927133070978
2025-04-24,44120.504253232706,39894.169566914046,36297.44454993917,9000.0,9000.0,10012.767532279728
2025-04-25,37027.08879948101,29361.387164096916,14228.583221304765,9000.0,9000.000000000002,9405.561936214684
2025-04-26,38423.07662503176,30315.79257243689,14974.064505436127,9000.0,9000.0,9264.014305504983
2025-04-27,47273.501610899715,42903.68085467061,38491.05813830441,9000.0,9000.0,9517.467602502431
2025-04-28,64018.75120331282,55990.74286013532,54267.756567187615,9000.0,9000.0,9422.178897630642
2025-04-29,45279.281366762814,41662.39948072424,37509.7676278413,9000.0,9000.0,10060.804426151519
2025-04-30,47256.6924938783,41616.79158315149,38166.19882681597,9000.0,9000.0,9931.296880221542
2025-05-01,54248.805286530645,49421.56466171242,47075.38071177381,9000.0,9000.0,10077.119732937917
2025-05-02,50534.03558138426,41156.23208168561,28058.15664764773,9000.0,8999.999999999998,8259.88284580818
2025-05-03,44777.42886143336,38976.19229400175,21172.501286726518,9000.0,8999.999999999998,9063.129993480074
2025-05-04,50864.3176588195,45561.86411474881,43243.3921403343,9000.0,9000.0,10028.174012857791
2025-05-05,54888.722719152756,47435.1114701011,45360.14231317441,9000.0,9000.0,10049.794709666268
2025-05-06,52247.80488098878,45812.97926943308,43369.4661190358,9000.0,9000.0,10082.256136342083
2025-05-07,51269.811498281306,46493.370166784865,42754.63900389223,9000.0,9000.0,10070.890553270376
2025-05-08,51304.80342997548,45970.41776008061,43607.561757875745,9000.0,9000.0,10072.625917694893
2025-05-09,40406.23500232482,32621.597542215288,17314.611015315473,9000.0,9000.0,9595.838053389403
2025-05-10,40387.15130649829,31438.71256230653,17818.476456233002,9000.0,9000.0,8617.50446654382
2025-05-11,51067.612691600356,45524.46240794075,42437.168681843774,9000.0,9000.0,10104.791678338002
2025-05-12,50829.05399395988,45280.9434557827,43126.758404087566,9000.0,9000.0,10103.154278654041
2025-05-13,48656.86841499869,43129.48991294274,41268.67205718354,9000.0,9000.0,10083.462715638232
2025-05-14,49298.1750633867,43785.84261404194,41679.253960975526,9000.0,9000.0,10095.607259913064
2025-05-15,50567.65078235807,46148.85240570713,42734.99205262362,9000.0,9000.0,10120.441579482054
2025-05-16,40407.704023986415,29928.918211732132,17298.69611542564,9000.0,9000.0,8545.432636304578
2025-05-17,42676.22781445074,30798.91010382065,18638.836939444704,9000.0,8999.999999999998,8156.912972656683
2025-05-18,51017.18627395871,43938.10306278275,41710.7259905651,9000.0,9000.0,10092.095065018997
2025-05-19,47671.96735422946,44189.33912160017,40342.23847686462,9000.0,9000.0,10079.466206637466
2025-05-20,49852.76592797154,42429.32677089258,41255.85589109092,9000.0,9000.0,10089.733507447723
2025-05-21,49203.02099929182,43826.187221850734,41292.79752655875,9000.0,9000.0,10121.05809424068
2025-05-22,46989.7364935724,42555.23139887929,39404.93347820422,9000.0,9000.0,10039.751187008735
2025-05-23,41401.59838220835,30208.743570739694,16455.005860323916,9000.0,8999.999999999998,8662.543613075195
2025-05-24,41517.121671899804,29281.480029074108,16573.269825578573,9000.0,9000.0,7895.820973854875
2025-05-25,46371.741473578404,41480.54045101109,38737.006012835875,9000.0,9000.0,9967.163529054782
2025-05-26,55816.05724834084,46623.380306000356,46021.093246741424,9000.0,9000.0,9550.227479684043
2025-05-27,46272.723404362485,41462.768845628845,38245.011545328976,9000.0,9000.0,10134.729462340492
2025-05-28,51686.90146970419,45502.59706071933,42182.21113212516,9000.0,9000.0,10136.628713781261
2025-05-29,51897.65368893657,43168.87858226541,41909.95466002817,9000.0,9000.0,10113.118596572858
2025-05-30,41176.93166603893,32652.713273551097,17540.94116744252,9000.0,8999.999999999998,8776.059011738571
2025-05-31,41575.627636433,29722.064293360014,17664.945792014816,9000.0,9000.0,8065.786540267879
2025-06-01,93758.37712368868,87352.84035954173,83182.51075026613,9000.0,9000.0,10128.061668725208
2025-06-02,85107.07526286006,76262.2067622176,74343.12358618013,9000.0,9000.0,9203.697693559805
2025-06-03,70050.81888790392,62986.284509618745,58930.316584901484,9000.0,9000.0,9489.969062353837
2025-06-04,66804.01157873144,59180.425866693266,58098.88499284129,9000.0,9000.0,9528.399297079768
2025-06-05,65448.42498713797,57269.18310279396,55879.26749498627,9000.0,9000.0,10082.76546022973
2025-06-06,52760.98559078344,42838.738882237296,30941.347843183084,9000.0,8999.999999999998,5943.568476695592
2025-06-07,43994.541847733955,36683.970193363115,25655.14690323862,9000.0,9000.0,9525.608577904863
2025-06-08,63312.61265848675,60668.79409286943,57109.55695366632,9000.0,9000.0,10083.247649387868
2025-06-09,63600.69495327335,59162.69988474135,56732.52805067666,9000.0,9000.0,10052.85460804993
2025-06-10,63501.691583556676,58360.676975814196,56650.50111213677,9000.0,9000.0,10057.59672181699
2025-06-11,67352.52462923284,59791.26868668723,59210.277212756744,9000.0,9000.0,10083.87776937024
2025-06-12,64157.01753377649,60124.956677824855,58115.10589831367,9000.0,9000.0,10085.038294434104
2025-06-13,39889.12380503402,36050.068381314464,26546.173831163138,9000.0,9000.0,10084.528135814653
2025-06-14,39801.522962254865,34540.76337540521,25835.642925225573,9000.0,9000.0,10090.444443467915
2025-06-15,64414.88914172443,60424.78017174397,59189.45219359331,9000.0,9000.0,10094.922286636503
2025-06-16,65377.913413425194,59412.231990529035,59042.30735070743,9000.0,9000.0,9978.455898895427
2025-06-17,66770.07837133904,60379.186686049914,59431.81231075066,9000.0,9000.0,10080.85643758995
2025-06-18,63315.84963797841,58887.99973122135,57733.24207475344,9000.0,9000.0,10102.41726041647
2025-06-19,63683.45563948182,58334.74063439932,57231.63539846526,9000.0,9000.0,10071.304917636406
2025-06-20,39726.33026216241,34121.78385076436,24048.49190932471,9000.0,9000.0,10166.19271606853
2025-06-21,43033.110963123516,35615.90539749412,23236.781776450218,9000.0,9000.0,10111.427870451835
2025-06-22,60203.153319836536,53887.94324574221,52953.68549111939,9000.0,9000.0,10119.218979027108
2025-06-23,58989.057140616555,54190.93758563229,52437.56401436732,9000.0,9000.0,10099.855497433873
2025-06-24,77190.42460875228,66374.95741235268,66208.60638800927,9000.0,9000.0,10077.395105791908
2025-06-25,63052.43662588661,56497.00053044385,55066.141365025534,9000.0,9000.0,10126.161166457783
2025-06-26,59643.67613538267,53767.64384607305,52158.34207639846,9000.0,9000.0,10111.699945977645
2025-06-27,43706.66687597696,34809.66087295459,21095.519715167822,9000.0,9000.0,8864.412741038557
2025-06-28,43543.84708457738,35272.95477105215,22022.543307538093,9000.0,9000.0,8930.827264106985
2025-06-29,61559.87205490908,54616.6689334027,53524.384521061475,9000.0,9000.0,10113.256055002015
2025-06-30,62096.661791272876,54281.74195998028,54290.89307825882,9000.0,9000.0,10098.379013472952
2025-07-01,78052.47451220588,67895.2629392474,69315.84854865528,9000.0,9000.0,8459.03008233853
2025-07-02,75194.65249678117,67622.97872925218,67379.5841283976,9000.0,9000.0,7866.635094532427
2025-07-03,83551.3468459855,78877.34945356294,73472.73666575551,9000.0,9000.0,8080.517628312722
2025-07-04,56784.53184487237,42551.37812309478,33947.206559203776,9000.0,9000.0,3785.708593271066
2025-07-05,55056.12214667118,41960.864459970304,32396.349679760853,9000.0,8999.999999999998,4037.3962271159867
2025-07-06,82371.38902327984,79896.97722820748,72922.02945564956,9000.0,9000.0,9994.658973457243
2025-07-07,63523.49948428609,57989.328644029745,55389.819166666115,9000.0,9000.0,10044.384959645902
2025-07-08,66468.78789771385,60784.25863036274,58707.441585768654,9000.0,9000.0,9999.572588960118
2025-07-09,64331.248560969965,59288.798437149155,57402.13551807506,9000.0,9000.0,10039.083070872943
2025-07-10,62310.904262074735,58012.300606644334,55890.45804286673,9000.0,9000.0,10007.195325160788
2025-07-11,51351.51415763268,43835.309576070744,31715.37978870825,9000.0,9000.000000000002,9511.21729526286
2025-07-12,47839.41424542249,42214.028972359396,28538.67886715487,9000.0,9000.0,9939.86924041177
2025-07-13,60635.61806287636,57529.721506207745,55819.19719693246,9000.0,9000.0,10070.173961930037
2025-07-14,61182.216824417854,56599.25098206532,55367.234315238034,9000.0,9000.0,10046.95660900035
2025-07-15,65493.06003385715,61091.844713302606,60473.67161555269,9000.0,9000.0,10029.559445974512
2025-07-16,62737.57308449919,60935.46980271161,58254.98896655612,9000.0,9000.0,10032.751098052793
2025-07-17,64566.3354612396,59001.14127332692,59556.02462014566,9000.0,9000.0,10011.188002885718
2025-07-18,46927.38242080317,41772.44097893426,29540.250967329303,9000.0,9000.0,9984.600955566417
2025-07-19,47764.94350488821,42295.65419063676,29047.81520409824,9000.0,9000.0,9947.38961039626
2025-07-20,61445.46562976964,58341.8263998011,56118.86068669952,9000.0,9000.0,10046.169035634388
2025-07-21,62831.88888638047,58006.82017596023,56345.95060973968,9000.0,9000.0,9995.968394974694
2025-07-22,64611.01363202364,59722.19523701609,58991.511101048214,9000.0,9000.0,10022.83989497365
2025-07-23,63945.51506599738,59008.29967122172,58051.93734048536,9000.0,9000.0,9991.353516753457
2025-07-24,65791.25100391892,60548.20786800117,59439.9780525445,9000.0,9000.0,9991.511426804278
2025-07-25,47452.45432360923,42117.30920203462,28266.955235762474,9000.0,9000.0,9877.309369184853
2025-07-26,48346.47846085435,42642.19489769115,28327.562928754192,9000.0,9000.0,9490.763624514548
2025-07-27,66817.81294144732,58244.49327404012,58297.19054523787,9000.0,9000.0,10007.920237810113
2025-07-28,67172.41817252948,60992.739717679644,59436.322507625424,9000.0,9000.0,9999.950920912735
2025-07-29,65876.83572872671,61227.475076370814,59517.167650146584,9000.0,9000.0,9995.230416805052
2025-07-30,63845.26445066486,60101.241979979415,57398.31310896492,9000.0,9000.0,10000.285962151453
2025-07-31,63803.73991552509,59308.74437740612,57213.87926407079,9000.0,9000.0,9984.218547161594
2025-08-01,47579.6104401179,41056.351661417364,27280.8388530554,9000.0,9000.0,9749.779768485785
2025-08-02,46581.054659418325,39811.82348362654,27149.109185572248,9000.0,9000.0,9813.58319465753
2025-08-03,61523.37718924852,56854.22412919809,55011.124685897754,9000.0,9000.0,9980.968047558472
2025-08-04,59116.49167781949,56171.00090952882,52839.26430081302,9000.0,9000.0,10041.710466617371
2025-08-05,58075.09508673442,54591.98952670752,51432.08426822189,9000.0,9000.0,10001.673968579826
2025-08-06,61816.46850825922,57512.47441553903,55620.33884498063,9000.0,9000.0,10014.48469144123
2025-08-07,57688.85633981944,53820.674997691516,50622.265726431295,9000.0,9000.0,10011.991354961076
2025-08-08,46586.81841536597,39489.51602851739,25540.680068169455,9000.0,9000.0,9457.006719895839
2025-08-09,47016.66285581658,39435.175257934425,26044.432289991484,9000.0,9000.0,9377.77512230288
2025-08-10,60313.6499809626,52197.116741235164,51862.6777355015,9000.0,9000.0,9983.288637865884
2025-08-11,59089.799405616526,52765.22449900281,51480.92311493863,9000.0,9000.0,10032.797115953017
2025-08-12,64736.12469971628,60178.855253169866,56175.45306433786,9000.0,9000.0,10032.453554499652
2025-08-13,62723.76443024825,56075.57911166766,53397.798286851365,9000.0,9000.0,10041.307598043393
2025-08-14,61188.84559330731,54458.668007122404,53041.62280433002,9000.0,9000.0,9966.444933756948
2025-08-15,48067.58987284242,39471.71478371109,25908.507269054186,9000.0,9000.0,8500.557794516677
2025-08-16,48672.07803788781,40402.24975667541,25688.472669713785,9000.0,9000.0,9184.131223315972
2025-08-17,57725.872315018896,52081.09343595625,49935.78298668645,9000.0,9000.0,9998.933159412161
2025-08-18,59534.554998177344,52745.62768953843,50741.347807472426,9000.0,9000.0,9973.260099825166
2025-08-19,59041.44453302223,52670.12915592402,50831.952069583494,9000.0,9000.0,10024.633630704333
2025-08-20,69721.37673630704,59451.375086885535,59607.74665006064,9000.0,9000.0,9976.853931646187
2025-08-21,59413.765673145994,54332.16525202658,51601.49551379604,9000.0,9000.0,9986.192965633532
2025-08-22,50220.62963381531,41222.922460347094,28519.370175081498,9000.0,9000.0,8984.778459878076
2025-08-23,47626.409375498646,41287.69614464484,25846.09162457296,9000.0,9000.000000000002,9608.547011132741
2025-08-24,58698.86261815689,55138.13472461701,51293.899935388836,9000.0,9000.0,10003.144691971793
2025-08-25,63889.716389080844,56662.88939513812,56188.09369433641,9000.0,9000.0,9962.063713600579
2025-08-26,59162.28827627602,54162.23425807428,51991.94298438412,9000.0,9000.0,10017.065079130087
2025-08-27,59961.56547655973,54642.995889603204,52025.32223283162,9000.0,9000.0,9989.270492633743
2025-08-28,69117.69333530683,58545.38196259363,60639.97303693501,9000.0,9000.0,9978.903510384616
2025-08-29,46694.213201165105,40498.73774179735,26959.02779458969,9000.0,9000.0,9889.658671198384
2025-08-30,47777.959211523696,38986.47506520979,26953.19515204198,9000.0,9000.0,8827.612776436228
2025-08-31,59209.02963294459,55640.22644186091,51480.292346373775,9000.0,9000.0,9930.762682769453
2025-09-01,55061.86120724812,53702.399931850756,51078.80867380731,9000.0,9000.0,9953.285405556704
2025-09-02,53837.27123724797,51079.38001962324,50227.892529978766,9000.0,9000.0,9961.814497512205
2025-09-03,53087.50668203746,51876.14981991571,50017.61435664379,9000.0,9000.0,9957.511453052512
2025-09-04,52357.50574991306,51369.214081082995,49706.495697531296,9000.0,9000.0,9957.705847782812
2025-09-05,39869.07610041154,33647.21957992792,24970.715652418025,9000.0,9000.0,9867.325665883356
2025-09-06,40732.162058054935,33743.13258823134,24766.926204208576,9000.0,9000.0,9860.169665871399
2025-09-07,53478.511247658906,49651.497957426225,48858.65755921567,9000.0,9000.0,9953.862482923818
2025-09-08,56009.55590688332,47001.65369529045,49676.89230313807,9000.0,9000.0,9938.855230357169
2025-09-09,50930.611400820184,46086.071993416655,44408.67797461025,9000.0,9000.0,9974.530775953186
2025-09-10,62609.797660880286,51592.280232302706,52352.452018460506,9000.0,9000.0,9943.795554826555
2025-09-11,52028.259264156746,45419.45523341597,44702.84939114124,9000.0,9000.0,9952.264123191857
2025-09-12,41441.88864531826,32787.04925764,20690.031441292856,9000.0,9000.0,9839.241206566328
2025-09-13,40938.59372974598,33608.03960421455,20488.72866388101,9000.0,9000.0,9869.181206440071
2025-09-14,56411.78992523723,49417.93780202512,47408.486174004676,9000.0,9000.0,9956.44609736139
2025-09-15,57546.01154408456,50758.92720120754,47657.24826875585,9000.0,9000.0,9891.787058724309
2025-09-16,59121.780130283165,53706.53481271543,50252.21746460302,9000.0,9000.0,9941.20619745497
2025-09-17,57631.4138072155,50717.493184384686,47328.080888639015,9000.0,9000.0,9903.547890684238
2025-09-18,55430.14331977518,49647.608273585574,45478.029818328636,9000.0,9000.0,9961.347240133935
2025-09-19,42468.18595279025,31485.145705604824,21458.112811563107,9000.0,9000.0,7174.111891700475
2025-09-20,42223.318440012496,33334.93348420927,21267.7144746398,9000.0,9000.0,8261.01032810944
2025-09-21,54044.185652764434,48773.4121606653,45448.656764994535,9000.0,9000.0,9883.646560485193
2025-09-22,57818.96387236893,53713.61523350357,49341.890763573974,9000.0,9000.0,9912.71266029156
2025-09-23,59543.05478373696,55585.340875081645,50462.25653844215,9000.0,9000.0,9915.361391897848
2025-09-24,56373.06399623729,51072.05398188088,46234.58384440667,9000.0,9000.0,9905.946372329692
2025-09-25,56358.52194395484,50319.81978316053,47701.330359999774,9000.0,9000.0,9929.99649627144
2025-09-26,39912.96063010755,34482.02745601831,19988.40110848137,9000.0,9000.000000000002,9786.29940843511
2025-09-27,44541.27920779812,35150.75120999524,24439.19038554347,9000.0,9000.0,9430.06503910395
2025-09-28,57213.74095661956,49918.817638223685,47100.88306689144,9000.0,9000.0,9926.180814507756
2025-09-29,57262.32596036023,51711.21382884237,48230.490406147874,9000.0,9000.0,9910.013445811583
2025-09-30,61300.92802447143,53471.72093686143,51002.823111413396,9000.0,9000.0,9940.062446082087
2025-10-01,53547.890443269986,48137.75038884403,45289.710485478754,9000.0,9000.0,9889.048415953854
2025-10-02,53244.52115606813,45749.5981320413,44723.40107482181,9000.0,9000.0,9882.350296800749
2025-10-03,38337.244513533224,28972.54771962549,18642.467081659484,9000.0,9000.0,9790.575105386673
2025-10-04,38980.72810139248,30119.446300653424,19380.937006763925,9000.0,9000.0,9850.033947999633
2025-10-05,51522.042316993895,44957.81758630394,43073.33840214922,9000.0,9000.0,9925.992226316328
2025-10-06,52055.331781849614,45269.647073730644,43342.210905924105,9000.0,9000.0,9911.035714494597
2025-10-07,54334.19595325511,45389.96843792128,43777.64629455323,9000.0,9000.0,9913.104183680183
2025-10-08,52505.85203211374,43230.14408053416,42703.62892033244,9000.0,9000.0,9910.024899507454
2025-10-09,50698.13089366368,43812.39358412095,41422.40594955348,9000.0,9000.0,9880.709494124123
2025-10-10,37373.62165954117,30671.046166802647,18363.442662101726,9000.0,9000.0,9816.19089108947
2025-10-11,36013.37543314292,30166.697086802295,17747.080697610178,9000.0,9000.0,9806.878409755253
2025-10-12,52144.10210931008,44528.75922260527,43908.95869894369,9000.0,9000.0,9920.36108193434
2025-10-13,50385.55532358822,44527.503492190954,42307.90053941898,9000.0,9000.0,9897.287705911596
2025-10-14,55939.981726103724,47015.04004465053,44831.054256239106,9000.0,9000.0,9903.726787580656
2025-10-15,58895.30623549784,51176.63527062698,49414.99484133155,9000.0,9000.0,9898.499825735216
2025-10-16,61566.46692033859,55657.130879496544,51137.35164918361,9000.0,9000.0,9910.149713333209
2025-10-17,37005.41520169867,31587.558689229296,19009.458807619638,9000.0,8999.999999999998,9790.964475340323
2025-10-18,36133.22680467429,31035.87904591832,18314.273329674746,9000.0,9000.0,9790.374941607814
2025-10-19,57983.20323495644,53477.78049493298,48464.98170293845,9000.0,9000.0,9895.740518688759
2025-10-20,60137.63332158991,50240.49095913716,49650.880373263535,9000.0,9000.0,9876.031139806408
2025-10-21,57978.64969617578,50027.75397482663,48005.953561520386,9000.0,9000.0,9843.504801032717
2025-10-22,63232.736476061895,54360.37769298724,52290.823862831254,9000.0,9000.0,9891.809133473076
2025-10-23,56534.94286375119,50893.02177101866,47756.57040567501,9000.0,9000.0,9922.9497624959
2025-10-24,38259.686168767985,32570.689409489114,20812.847654527057,9000.0,8999.999999999998,9687.944919350291
2025-10-25,36473.08967530252,31434.8049682682,19681.829430098354,9000.0,9000.000000000002,9700.656698963105
2025-10-26,56169.46451151814,50625.31285895212,47846.00564434623,9000.0,9000.0,9927.858373133891
2025-10-27,57304.689404428085,52556.070795084495,48713.73955735589,9000.0,9000.0,9913.336976678218
2025-10-28,57014.62063088888,51116.04038169901,48303.34328078767,9000.0,9000.0,9928.268805837026
2025-10-29,62512.96273387961,53734.41452594364,51966.23878433108,9000.0,9000.0,9900.466856494275
2025-10-30,56159.16919253123,50994.3832995304,48281.515107042425,9000.0,9000.0,9926.69716629381
2025-10-31,36598.645103606046,31730.05074162297,19890.536724147663,9000.0,9000.0,9745.999905917028
2025-11-01,35848.91212331817,30630.403759672336,19293.742318552282,9000.0,9000.0,9778.824086789824
2025-11-02,59456.48452096946,52647.730717259634,50276.25288716304,9000.0,9000.0,9902.00568383998
2025-11-03,59062.33066066048,52719.33663465994,50099.747814759154,9000.0,9000.0,9919.799280607098
2025-11-04,58635.92893197076,51961.698881498734,50522.18911586532,9000.0,9000.0,9897.940277850887
2025-11-05,58489.367822294116,52728.085666436404,50004.48337803807,9000.0,9000.0,9919.47341609276
2025-11-06,65696.02025147929,55791.03592694695,54778.758864928364,9000.0,9000.0,9858.562317554313
2025-11-07,35577.47210209181,30207.526414058182,20755.70915190386,9000.0,9000.0,9791.69592219632
2025-11-08,34539.80944694512,29065.011114583136,19706.365727320797,9000.0,8999.999999999998,9795.277359225422
2025-11-09,61323.18901451545,53416.25058776793,52996.455276543114,9000.0,9000.0,9902.091502483618
2025-11-10,63281.689536616475,56528.69037456152,53552.48449679558,9000.0,9000.0,9896.040087894815
2025-11-11,59999.14521122244,54366.73651908391,51378.098440377726,9000.0,9000.0,9887.001651533097
2025-11-12,60880.2379910262,54958.68509591056,52277.46999234741,9000.0,9000.0,9920.206188679796
2025-11-13,62889.71865683225,55231.46795517645,53441.271148218744,9000.0,9000.0,9925.0834495767
2025-11-14,33707.276416537556,27696.583699744246,20165.076641149328,9000.0,9000.0,9798.334663427937
2025-11-15,34675.637434236705,28671.059069368268,20574.06596882162,9000.0,9000.0,9789.442362240647
2025-11-16,64110.82897485307,56161.522579220014,55265.585702009295,9000.0,9000.0,9906.890612270412
2025-11-17,62187.75964138775,55924.647888601125,53622.7426137478,9000.0,9000.0,9901.733284350279
2025-11-18,62784.75695334517,56478.04903589735,54095.410927380835,9000.0,9000.0,9891.400116243365
2025-11-19,64149.01065233826,56258.767686237035,54472.55721939681,9000.0,9000.0,9879.914853624225
2025-11-20,62979.17309483888,57081.93443036376,54494.61097614982,9000.0,9000.0,9917.667468340655
2025-11-21,34459.381217988266,28198.604200147816,21257.59921127902,9000.0,9000.0,9747.34338355193
2025-11-22,34060.4752489991,27673.382239007573,21078.602818568812,9000.0,9000.0,9820.099271118588
2025-11-23,66121.22964706835,56902.921985629604,56610.54700506218,9000.0,9000.0,9857.004462850167
2025-11-24,62809.5871212023,57240.683445237344,54771.01460315786,9000.0,9000.0,9977.192026836237
2025-11-25,64161.408578731025,57395.11790891586,55109.10324000174,9000.0,9000.0,9916.748563407466
2025-11-26,63516.59248570868,57590.55997213206,54907.54490788389,9000.0,9000.0,9942.979601675868
2025-11-27,62985.321711633595,56907.05441764027,55006.97221439987,9000.0,9000.0,9936.624061958859
2025-11-28,33375.41506324878,27324.129200549185,22059.83573251214,9000.0,9000.0,9791.821172179089
2025-11-29,37408.91336077177,29818.89322009938,27796.857344459208,9000.0,9000.0,9778.852800828012
2025-11-30,68061.89217984786,60436.60390806309,58476.72712098991,9000.0,9248.03509634782,10239.727123659755
2025-12-01,86981.86571035002,76762.67699344082,73552.91896980886,9000.0,9299.816447973843,9377.415105866256
2025-12-02,90271.13856360585,79901.70616015428,76343.31757390198,9000.0,9489.158550290962,9901.401096429363
2025-12-03,80305.3155683955,68078.97973384806,67290.00480450131,9000.0,9384.741184423627,10690.220075661584
2025-12-04,81780.78312959903,69080.52016249146,67159.84642653113,9000.0,9000.0,10790.741273243973
2025-12-05,39703.89815997651,31147.35890668571,28885.16645435164,9000.0,9000.0,10218.730918534602
2025-12-06,42022.89849716146,34284.09195052035,31055.514396477134,9000.0,9000.0,10198.593851851852
2025-12-07,72697.40001076052,67655.40016173146,63759.872123958135,9000.0,9000.0,10800.0
2025-12-08,70037.46656780284,66776.89342880562,64637.8938130631,9000.0,9000.0,10800.0
2025-12-09,71283.37208300966,68020.99919026844,65136.40908278702,9000.0,9000.0,10800.0
2025-12-10,70124.10826612529,66428.46553155754,64377.40975427522,9000.0,9058.94144395962,10800.0
2025-12-11,69342.10918363796,66816.5344427225,64793.177428213494,9000.0,9085.80678004861,10800.0
2025-12-12,36566.576949247494,32456.599669992007,29633.41005248737,9000.0,9000.0,10180.764113699172
2025-12-13,36034.996750819846,32221.0997102761,29407.262860875402,9000.0,9000.0,10168.547270240237
2025-12-14,72020.19227970355,68219.24869253466,65506.591728752144,9000.0,9405.242778375718,10800.0
2025-12-15,71699.07471037413,69138.80615584087,66438.8697726953,9000.0,9466.251544737557,10800.0
2025-12-16,71364.50602305618,69091.02954324981,66201.53290550465,9000.0,9526.086420226417,10800.0
2025-12-17,71828.62722614137,68733.76796824529,66041.19635132098,9000.0,9603.932996896787,10800.0
2025-12-18,71824.39262008358,68362.62043867802,65308.85635485743,9000.0,9573.213106696507,10800.0
2025-12-19,35967.12941327783,32360.037829591158,29616.70311503863,9000.0,9122.105675622122,10181.187118188065
2025-12-20,36596.45733816123,31733.62069616847,28843.356645962624,9000.0,9149.659650856986,10150.070594084016
2025-12-21,72954.09850415394,68576.82544857867,65295.39562077098,9000.0,9848.264053721621,10800.0
2025-12-22,72269.37836512523,67830.0663560635,65083.43144369697,9000.0,9830.145939223383,10800.0
2025-12-23,71370.01081636298,67208.77461992514,64627.86032603076,9000.0,9777.604256373592,10800.0
2025-12-24,71747.31609074611,66956.53610292825,64545.45036470266,9000.0,9729.152412017651,10800.0
2025-12-25,71594.38304270351,66892.20883258671,64733.62546342603,9000.0,9704.807083642723,10800.0
2025-12-26,36038.03665279873,31339.24172572357,28778.15683104267,9000.0,9164.626494548418,10186.36423579126
2025-12-27,35881.67676793581,31353.905483126306,28479.5943551277,9000.0,9165.557487321066,10201.325134886169
2025-12-28,71671.08622413603,66594.40435099204,64086.135207580875,9000.0,9701.498983019288,10800.0
2025-12-29,70739.01602948345,66938.2493439897,64163.091220693634,9000.0,9747.417998859804,10800.0
2025-12-30,71092.26766686616,66087.20989600859,63387.4242223898,9000.0,9776.402039376082,10800.0
2025-12-31,73363.94258836102,67266.44733950018,64641.64792641818,9000.0,9927.699522095245,10800.0
