date,scenario_count,earliest_residual_date,latest_residual_date,residual_dates,empirical_net_p80_daily_sum_kwh,expected_emergency_kwh,expected_emergency_cost_yuan
2025-02-01,14,2025-01-18,2025-01-31,2025-01-18|2025-01-19|2025-01-20|2025-01-21|2025-01-22|2025-01-23|2025-01-24|2025-01-25|2025-01-26|2025-01-27|2025-01-28|2025-01-29|2025-01-30|2025-01-31,42718.938753327224,318.0598268364723,1122.7340443470466
2025-02-02,14,2025-01-19,2025-02-01,2025-01-19|2025-01-20|2025-01-21|2025-01-22|2025-01-23|2025-01-24|2025-01-25|2025-01-26|2025-01-27|2025-01-28|2025-01-29|2025-01-30|2025-01-31|2025-02-01,87923.73254217257,396.7924076291521,1484.63235871169
2025-02-03,14,2025-01-20,2025-02-02,2025-01-20|2025-01-21|2025-01-22|2025-01-23|2025-01-24|2025-01-25|2025-01-26|2025-01-27|2025-01-28|2025-01-29|2025-01-30|2025-01-31|2025-02-01|2025-02-02,86712.71503714351,397.56543209485056,1492.4458471308474
2025-02-04,14,2025-01-21,2025-02-03,2025-01-21|2025-01-22|2025-01-23|2025-01-24|2025-01-25|2025-01-26|2025-01-27|2025-01-28|2025-01-29|2025-01-30|2025-01-31|2025-02-01|2025-02-02|2025-02-03,86484.20521051945,402.6440822796876,1509.3214117065086
2025-02-05,14,2025-01-22,2025-02-04,2025-01-22|2025-01-23|2025-01-24|2025-01-25|2025-01-26|2025-01-27|2025-01-28|2025-01-29|2025-01-30|2025-01-31|2025-02-01|2025-02-02|2025-02-03|2025-02-04,86290.46549908901,386.73401163400973,1436.5269436187598
2025-02-06,14,2025-01-23,2025-02-05,2025-01-23|2025-01-24|2025-01-25|2025-01-26|2025-01-27|2025-01-28|2025-01-29|2025-01-30|2025-01-31|2025-02-01|2025-02-02|2025-02-03|2025-02-04|2025-02-05,86560.05547208797,399.89925493888404,1471.2275957601335
2025-02-07,14,2025-01-24,2025-02-06,2025-01-24|2025-01-25|2025-01-26|2025-01-27|2025-01-28|2025-01-29|2025-01-30|2025-01-31|2025-02-01|2025-02-02|2025-02-03|2025-02-04|2025-02-05|2025-02-06,40228.46854526479,322.0317337643807,1077.2658600186958
2025-02-08,14,2025-01-25,2025-02-07,2025-01-25|2025-01-26|2025-01-27|2025-01-28|2025-01-29|2025-01-30|2025-01-31|2025-02-01|2025-02-02|2025-02-03|2025-02-04|2025-02-05|2025-02-06|2025-02-07,38367.804966155025,316.2138867959828,1057.6179101014093
2025-02-09,14,2025-01-26,2025-02-08,2025-01-26|2025-01-27|2025-01-28|2025-01-29|2025-01-30|2025-01-31|2025-02-01|2025-02-02|2025-02-03|2025-02-04|2025-02-05|2025-02-06|2025-02-07|2025-02-08,83351.98644307294,388.0040482461108,1386.2034555384585
2025-02-10,14,2025-01-27,2025-02-09,2025-01-27|2025-01-28|2025-01-29|2025-01-30|2025-01-31|2025-02-01|2025-02-02|2025-02-03|2025-02-04|2025-02-05|2025-02-06|2025-02-07|2025-02-08|2025-02-09,83484.94569370776,387.342387222864,1405.8509316592551
2025-02-11,14,2025-01-28,2025-02-10,2025-01-28|2025-01-29|2025-01-30|2025-01-31|2025-02-01|2025-02-02|2025-02-03|2025-02-04|2025-02-05|2025-02-06|2025-02-07|2025-02-08|2025-02-09|2025-02-10,82232.44089555746,385.38490982136926,1415.1111304024619
2025-02-12,14,2025-01-29,2025-02-11,2025-01-29|2025-01-30|2025-01-31|2025-02-01|2025-02-02|2025-02-03|2025-02-04|2025-02-05|2025-02-06|2025-02-07|2025-02-08|2025-02-09|2025-02-10|2025-02-11,80706.43756751639,391.40369497141154,1448.5755016827118
2025-02-13,14,2025-01-30,2025-02-12,2025-01-30|2025-01-31|2025-02-01|2025-02-02|2025-02-03|2025-02-04|2025-02-05|2025-02-06|2025-02-07|2025-02-08|2025-02-09|2025-02-10|2025-02-11|2025-02-12,80166.35240183013,384.6284115532122,1437.9121737545634
2025-02-14,14,2025-01-31,2025-02-13,2025-01-31|2025-02-01|2025-02-02|2025-02-03|2025-02-04|2025-02-05|2025-02-06|2025-02-07|2025-02-08|2025-02-09|2025-02-10|2025-02-11|2025-02-12|2025-02-13,32710.848243917433,268.45322306190974,954.542922506533
2025-02-15,14,2025-02-01,2025-02-14,2025-02-01|2025-02-02|2025-02-03|2025-02-04|2025-02-05|2025-02-06|2025-02-07|2025-02-08|2025-02-09|2025-02-10|2025-02-11|2025-02-12|2025-02-13|2025-02-14,31189.5844859239,205.81449237491492,752.8322701599652
2025-02-16,14,2025-02-02,2025-02-15,2025-02-02|2025-02-03|2025-02-04|2025-02-05|2025-02-06|2025-02-07|2025-02-08|2025-02-09|2025-02-10|2025-02-11|2025-02-12|2025-02-13|2025-02-14|2025-02-15,76616.11958574061,369.7019436609544,1423.2044686998584
2025-02-17,14,2025-02-03,2025-02-16,2025-02-03|2025-02-04|2025-02-05|2025-02-06|2025-02-07|2025-02-08|2025-02-09|2025-02-10|2025-02-11|2025-02-12|2025-02-13|2025-02-14|2025-02-15|2025-02-16,76626.20859677964,355.1539304203565,1369.8058863023575
2025-02-18,14,2025-02-04,2025-02-17,2025-02-04|2025-02-05|2025-02-06|2025-02-07|2025-02-08|2025-02-09|2025-02-10|2025-02-11|2025-02-12|2025-02-13|2025-02-14|2025-02-15|2025-02-16|2025-02-17,75927.28166339837,371.98823907482466,1425.234843456755
2025-02-19,14,2025-02-05,2025-02-18,2025-02-05|2025-02-06|2025-02-07|2025-02-08|2025-02-09|2025-02-10|2025-02-11|2025-02-12|2025-02-13|2025-02-14|2025-02-15|2025-02-16|2025-02-17|2025-02-18,75439.49647488203,341.87135508465144,1321.455598472626
2025-02-20,14,2025-02-06,2025-02-19,2025-02-06|2025-02-07|2025-02-08|2025-02-09|2025-02-10|2025-02-11|2025-02-12|2025-02-13|2025-02-14|2025-02-15|2025-02-16|2025-02-17|2025-02-18|2025-02-19,75345.43560318464,355.397751220421,1358.0550718550755
2025-02-21,14,2025-02-07,2025-02-20,2025-02-07|2025-02-08|2025-02-09|2025-02-10|2025-02-11|2025-02-12|2025-02-13|2025-02-14|2025-02-15|2025-02-16|2025-02-17|2025-02-18|2025-02-19|2025-02-20,29530.742076265677,160.1119032259885,578.7779206879222
2025-02-22,14,2025-02-08,2025-02-21,2025-02-08|2025-02-09|2025-02-10|2025-02-11|2025-02-12|2025-02-13|2025-02-14|2025-02-15|2025-02-16|2025-02-17|2025-02-18|2025-02-19|2025-02-20|2025-02-21,28339.32289138044,162.39411458046334,584.5896215538412
2025-02-23,14,2025-02-09,2025-02-22,2025-02-09|2025-02-10|2025-02-11|2025-02-12|2025-02-13|2025-02-14|2025-02-15|2025-02-16|2025-02-17|2025-02-18|2025-02-19|2025-02-20|2025-02-21|2025-02-22,74133.60934220479,354.12477034612505,1378.557396405206
2025-02-24,14,2025-02-10,2025-02-23,2025-02-10|2025-02-11|2025-02-12|2025-02-13|2025-02-14|2025-02-15|2025-02-16|2025-02-17|2025-02-18|2025-02-19|2025-02-20|2025-02-21|2025-02-22|2025-02-23,73703.84168470194,347.24524742010925,1313.4603125258575
2025-02-25,14,2025-02-11,2025-02-24,2025-02-11|2025-02-12|2025-02-13|2025-02-14|2025-02-15|2025-02-16|2025-02-17|2025-02-18|2025-02-19|2025-02-20|2025-02-21|2025-02-22|2025-02-23|2025-02-24,73447.05472588968,354.6106579569411,1343.6372859629157
2025-02-26,14,2025-02-12,2025-02-25,2025-02-12|2025-02-13|2025-02-14|2025-02-15|2025-02-16|2025-02-17|2025-02-18|2025-02-19|2025-02-20|2025-02-21|2025-02-22|2025-02-23|2025-02-24|2025-02-25,72848.29039872446,352.34801860542876,1332.6198665387105
2025-02-27,14,2025-02-13,2025-02-26,2025-02-13|2025-02-14|2025-02-15|2025-02-16|2025-02-17|2025-02-18|2025-02-19|2025-02-20|2025-02-21|2025-02-22|2025-02-23|2025-02-24|2025-02-25|2025-02-26,72268.83626988326,362.1387890402467,1389.43901683488
2025-02-28,14,2025-02-14,2025-02-27,2025-02-14|2025-02-15|2025-02-16|2025-02-17|2025-02-18|2025-02-19|2025-02-20|2025-02-21|2025-02-22|2025-02-23|2025-02-24|2025-02-25|2025-02-26|2025-02-27,26298.113634006357,157.90390041204387,595.9422830134803
2025-03-01,14,2025-02-15,2025-02-28,2025-02-15|2025-02-16|2025-02-17|2025-02-18|2025-02-19|2025-02-20|2025-02-21|2025-02-22|2025-02-23|2025-02-24|2025-02-25|2025-02-26|2025-02-27|2025-02-28,25604.080971663567,153.2348754356776,562.0475164638076
2025-03-02,14,2025-02-16,2025-03-01,2025-02-16|2025-02-17|2025-02-18|2025-02-19|2025-02-20|2025-02-21|2025-02-22|2025-02-23|2025-02-24|2025-02-25|2025-02-26|2025-02-27|2025-02-28|2025-03-01,71162.98154788787,433.5534126145758,1632.2383116737312
2025-03-03,14,2025-02-17,2025-03-02,2025-02-17|2025-02-18|2025-02-19|2025-02-20|2025-02-21|2025-02-22|2025-02-23|2025-02-24|2025-02-25|2025-02-26|2025-02-27|2025-02-28|2025-03-01|2025-03-02,71926.87602606359,637.5382034603775,2417.749302461851
2025-03-04,14,2025-02-18,2025-03-03,2025-02-18|2025-02-19|2025-02-20|2025-02-21|2025-02-22|2025-02-23|2025-02-24|2025-02-25|2025-02-26|2025-02-27|2025-02-28|2025-03-01|2025-03-02|2025-03-03,73917.48064787095,626.7475652501944,2423.777811450897
2025-03-05,14,2025-02-19,2025-03-04,2025-02-19|2025-02-20|2025-02-21|2025-02-22|2025-02-23|2025-02-24|2025-02-25|2025-02-26|2025-02-27|2025-02-28|2025-03-01|2025-03-02|2025-03-03|2025-03-04,75076.7572287519,625.6979432958425,2441.377324729762
2025-03-06,14,2025-02-20,2025-03-05,2025-02-20|2025-02-21|2025-02-22|2025-02-23|2025-02-24|2025-02-25|2025-02-26|2025-02-27|2025-02-28|2025-03-01|2025-03-02|2025-03-03|2025-03-04|2025-03-05,74617.25836410241,625.4589559052486,2437.4479848365368
2025-03-07,14,2025-02-21,2025-03-06,2025-02-21|2025-02-22|2025-02-23|2025-02-24|2025-02-25|2025-02-26|2025-02-27|2025-02-28|2025-03-01|2025-03-02|2025-03-03|2025-03-04|2025-03-05|2025-03-06,29412.284335710523,444.24007223145526,1553.236440303252
2025-03-08,14,2025-02-22,2025-03-07,2025-02-22|2025-02-23|2025-02-24|2025-02-25|2025-02-26|2025-02-27|2025-02-28|2025-03-01|2025-03-02|2025-03-03|2025-03-04|2025-03-05|2025-03-06|2025-03-07,28177.952720719833,423.78390400329187,1432.6055901531563
2025-03-09,14,2025-02-23,2025-03-08,2025-02-23|2025-02-24|2025-02-25|2025-02-26|2025-02-27|2025-02-28|2025-03-01|2025-03-02|2025-03-03|2025-03-04|2025-03-05|2025-03-06|2025-03-07|2025-03-08,72816.07917617638,657.8444958625738,2578.4125064827012
2025-03-10,14,2025-02-24,2025-03-09,2025-02-24|2025-02-25|2025-02-26|2025-02-27|2025-02-28|2025-03-01|2025-03-02|2025-03-03|2025-03-04|2025-03-05|2025-03-06|2025-03-07|2025-03-08|2025-03-09,71049.08838904556,681.3326386621766,2688.009016505991
2025-03-11,14,2025-02-25,2025-03-10,2025-02-25|2025-02-26|2025-02-27|2025-02-28|2025-03-01|2025-03-02|2025-03-03|2025-03-04|2025-03-05|2025-03-06|2025-03-07|2025-03-08|2025-03-09|2025-03-10,71050.35618709416,694.6343074798377,2741.95904114651
2025-03-12,14,2025-02-26,2025-03-11,2025-02-26|2025-02-27|2025-02-28|2025-03-01|2025-03-02|2025-03-03|2025-03-04|2025-03-05|2025-03-06|2025-03-07|2025-03-08|2025-03-09|2025-03-10|2025-03-11,70505.36284669317,668.3664268692044,2628.1833905052326
2025-03-13,14,2025-02-27,2025-03-12,2025-02-27|2025-02-28|2025-03-01|2025-03-02|2025-03-03|2025-03-04|2025-03-05|2025-03-06|2025-03-07|2025-03-08|2025-03-09|2025-03-10|2025-03-11|2025-03-12,69418.84173386067,689.4517469895342,2725.725125830875
2025-03-14,14,2025-02-28,2025-03-13,2025-02-28|2025-03-01|2025-03-02|2025-03-03|2025-03-04|2025-03-05|2025-03-06|2025-03-07|2025-03-08|2025-03-09|2025-03-10|2025-03-11|2025-03-12|2025-03-13,24786.86183592296,218.76239258011918,807.6802342845587
2025-03-15,14,2025-03-01,2025-03-14,2025-03-01|2025-03-02|2025-03-03|2025-03-04|2025-03-05|2025-03-06|2025-03-07|2025-03-08|2025-03-09|2025-03-10|2025-03-11|2025-03-12|2025-03-13|2025-03-14,23364.78146894611,150.79622551440485,579.7163099152984
2025-03-16,14,2025-03-02,2025-03-15,2025-03-02|2025-03-03|2025-03-04|2025-03-05|2025-03-06|2025-03-07|2025-03-08|2025-03-09|2025-03-10|2025-03-11|2025-03-12|2025-03-13|2025-03-14|2025-03-15,69075.17684804203,596.367668078775,2392.1752965689543
2025-03-17,14,2025-03-03,2025-03-16,2025-03-03|2025-03-04|2025-03-05|2025-03-06|2025-03-07|2025-03-08|2025-03-09|2025-03-10|2025-03-11|2025-03-12|2025-03-13|2025-03-14|2025-03-15|2025-03-16,68585.46646494463,499.70120277104127,1963.2182954020157
2025-03-18,14,2025-03-04,2025-03-17,2025-03-04|2025-03-05|2025-03-06|2025-03-07|2025-03-08|2025-03-09|2025-03-10|2025-03-11|2025-03-12|2025-03-13|2025-03-14|2025-03-15|2025-03-16|2025-03-17,66020.3230085359,525.6765950496975,2074.5316195422092
2025-03-19,14,2025-03-05,2025-03-18,2025-03-05|2025-03-06|2025-03-07|2025-03-08|2025-03-09|2025-03-10|2025-03-11|2025-03-12|2025-03-13|2025-03-14|2025-03-15|2025-03-16|2025-03-17|2025-03-18,65932.48477155266,547.6111472131132,2183.0818264548266
2025-03-20,14,2025-03-06,2025-03-19,2025-03-06|2025-03-07|2025-03-08|2025-03-09|2025-03-10|2025-03-11|2025-03-12|2025-03-13|2025-03-14|2025-03-15|2025-03-16|2025-03-17|2025-03-18|2025-03-19,65562.9064847104,543.8899479154076,2156.481603610779
2025-03-21,14,2025-03-07,2025-03-20,2025-03-07|2025-03-08|2025-03-09|2025-03-10|2025-03-11|2025-03-12|2025-03-13|2025-03-14|2025-03-15|2025-03-16|2025-03-17|2025-03-18|2025-03-19|2025-03-20,19207.841123454215,175.29336648075315,679.5363595037894
2025-03-22,14,2025-03-08,2025-03-21,2025-03-08|2025-03-09|2025-03-10|2025-03-11|2025-03-12|2025-03-13|2025-03-14|2025-03-15|2025-03-16|2025-03-17|2025-03-18|2025-03-19|2025-03-20|2025-03-21,18313.870564096782,171.76963286160117,660.9179815379384
2025-03-23,14,2025-03-09,2025-03-22,2025-03-09|2025-03-10|2025-03-11|2025-03-12|2025-03-13|2025-03-14|2025-03-15|2025-03-16|2025-03-17|2025-03-18|2025-03-19|2025-03-20|2025-03-21|2025-03-22,63755.52095345629,466.8228484075501,1783.8204605461683
2025-03-24,14,2025-03-10,2025-03-23,2025-03-10|2025-03-11|2025-03-12|2025-03-13|2025-03-14|2025-03-15|2025-03-16|2025-03-17|2025-03-18|2025-03-19|2025-03-20|2025-03-21|2025-03-22|2025-03-23,63417.94113174007,422.29571029794454,1615.6175492993837
2025-03-25,14,2025-03-11,2025-03-24,2025-03-11|2025-03-12|2025-03-13|2025-03-14|2025-03-15|2025-03-16|2025-03-17|2025-03-18|2025-03-19|2025-03-20|2025-03-21|2025-03-22|2025-03-23|2025-03-24,62868.065457675824,464.3534840995454,1707.4649293305315
2025-03-26,14,2025-03-12,2025-03-25,2025-03-12|2025-03-13|2025-03-14|2025-03-15|2025-03-16|2025-03-17|2025-03-18|2025-03-19|2025-03-20|2025-03-21|2025-03-22|2025-03-23|2025-03-24|2025-03-25,63769.31243535616,395.29321740951394,1520.611488181538
2025-03-27,14,2025-03-13,2025-03-26,2025-03-13|2025-03-14|2025-03-15|2025-03-16|2025-03-17|2025-03-18|2025-03-19|2025-03-20|2025-03-21|2025-03-22|2025-03-23|2025-03-24|2025-03-25|2025-03-26,63174.685636914626,399.3057774086813,1526.7486196559817
2025-03-28,14,2025-03-14,2025-03-27,2025-03-14|2025-03-15|2025-03-16|2025-03-17|2025-03-18|2025-03-19|2025-03-20|2025-03-21|2025-03-22|2025-03-23|2025-03-24|2025-03-25|2025-03-26|2025-03-27,16323.798567104695,170.5304571819334,647.0346415385296
2025-03-29,14,2025-03-15,2025-03-28,2025-03-15|2025-03-16|2025-03-17|2025-03-18|2025-03-19|2025-03-20|2025-03-21|2025-03-22|2025-03-23|2025-03-24|2025-03-25|2025-03-26|2025-03-27|2025-03-28,15932.956929595997,165.73614531228625,623.4643273908711
2025-03-30,14,2025-03-16,2025-03-29,2025-03-16|2025-03-17|2025-03-18|2025-03-19|2025-03-20|2025-03-21|2025-03-22|2025-03-23|2025-03-24|2025-03-25|2025-03-26|2025-03-27|2025-03-28|2025-03-29,59861.54833047018,397.4029068534797,1506.7231514723924
2025-03-31,14,2025-03-17,2025-03-30,2025-03-17|2025-03-18|2025-03-19|2025-03-20|2025-03-21|2025-03-22|2025-03-23|2025-03-24|2025-03-25|2025-03-26|2025-03-27|2025-03-28|2025-03-29|2025-03-30,59032.1628079362,422.4408715331102,1594.7806604557827
2025-04-01,14,2025-03-18,2025-03-31,2025-03-18|2025-03-19|2025-03-20|2025-03-21|2025-03-22|2025-03-23|2025-03-24|2025-03-25|2025-03-26|2025-03-27|2025-03-28|2025-03-29|2025-03-30|2025-03-31,59718.591582931025,419.2332777044371,1589.4450156814098
2025-04-02,14,2025-03-19,2025-04-01,2025-03-19|2025-03-20|2025-03-21|2025-03-22|2025-03-23|2025-03-24|2025-03-25|2025-03-26|2025-03-27|2025-03-28|2025-03-29|2025-03-30|2025-03-31|2025-04-01,60215.31135792867,489.63574344805056,1670.2206893946939
2025-04-03,14,2025-03-20,2025-04-02,2025-03-20|2025-03-21|2025-03-22|2025-03-23|2025-03-24|2025-03-25|2025-03-26|2025-03-27|2025-03-28|2025-03-29|2025-03-30|2025-03-31|2025-04-01|2025-04-02,61824.386125679135,562.3732801520608,2086.4626544180364
2025-04-04,14,2025-03-21,2025-04-03,2025-03-21|2025-03-22|2025-03-23|2025-03-24|2025-03-25|2025-03-26|2025-03-27|2025-03-28|2025-03-29|2025-03-30|2025-03-31|2025-04-01|2025-04-02|2025-04-03,15945.231879058338,147.28944304023625,552.179592230167
2025-04-05,14,2025-03-22,2025-04-04,2025-03-22|2025-03-23|2025-03-24|2025-03-25|2025-03-26|2025-03-27|2025-03-28|2025-03-29|2025-03-30|2025-03-31|2025-04-01|2025-04-02|2025-04-03|2025-04-04,15493.845644093211,142.8119966592009,532.2747651568067
2025-04-06,14,2025-03-23,2025-04-05,2025-03-23|2025-03-24|2025-03-25|2025-03-26|2025-03-27|2025-03-28|2025-03-29|2025-03-30|2025-03-31|2025-04-01|2025-04-02|2025-04-03|2025-04-04|2025-04-05,61946.905125253325,553.5039514356079,2053.0202714224115
2025-04-07,14,2025-03-24,2025-04-06,2025-03-24|2025-03-25|2025-03-26|2025-03-27|2025-03-28|2025-03-29|2025-03-30|2025-03-31|2025-04-01|2025-04-02|2025-04-03|2025-04-04|2025-04-05|2025-04-06,61280.95164355179,552.9717841502685,2025.1705027947332
2025-04-08,14,2025-03-25,2025-04-07,2025-03-25|2025-03-26|2025-03-27|2025-03-28|2025-03-29|2025-03-30|2025-03-31|2025-04-01|2025-04-02|2025-04-03|2025-04-04|2025-04-05|2025-04-06|2025-04-07,61151.72667628447,543.8696082160384,1990.9586519819984
2025-04-09,14,2025-03-26,2025-04-08,2025-03-26|2025-03-27|2025-03-28|2025-03-29|2025-03-30|2025-03-31|2025-04-01|2025-04-02|2025-04-03|2025-04-04|2025-04-05|2025-04-06|2025-04-07|2025-04-08,59989.08818927585,590.7920181167099,2155.566941874386
2025-04-10,14,2025-03-27,2025-04-09,2025-03-27|2025-03-28|2025-03-29|2025-03-30|2025-03-31|2025-04-01|2025-04-02|2025-04-03|2025-04-04|2025-04-05|2025-04-06|2025-04-07|2025-04-08|2025-04-09,60964.39153899573,491.7911465673678,1837.3028706810771
2025-04-11,14,2025-03-28,2025-04-10,2025-03-28|2025-03-29|2025-03-30|2025-03-31|2025-04-01|2025-04-02|2025-04-03|2025-04-04|2025-04-05|2025-04-06|2025-04-07|2025-04-08|2025-04-09|2025-04-10,15093.094817436508,164.07928254986535,640.4219715315661
2025-04-12,14,2025-03-29,2025-04-11,2025-03-29|2025-03-30|2025-03-31|2025-04-01|2025-04-02|2025-04-03|2025-04-04|2025-04-05|2025-04-06|2025-04-07|2025-04-08|2025-04-09|2025-04-10|2025-04-11,15187.440617892396,164.36151537319606,652.3587856179647
2025-04-13,14,2025-03-30,2025-04-12,2025-03-30|2025-03-31|2025-04-01|2025-04-02|2025-04-03|2025-04-04|2025-04-05|2025-04-06|2025-04-07|2025-04-08|2025-04-09|2025-04-10|2025-04-11|2025-04-12,60252.05022487827,492.5813844270594,1874.8935628882227
2025-04-14,14,2025-03-31,2025-04-13,2025-03-31|2025-04-01|2025-04-02|2025-04-03|2025-04-04|2025-04-05|2025-04-06|2025-04-07|2025-04-08|2025-04-09|2025-04-10|2025-04-11|2025-04-12|2025-04-13,59777.93193086309,479.3329118259386,1803.9895694631898
2025-04-15,14,2025-04-01,2025-04-14,2025-04-01|2025-04-02|2025-04-03|2025-04-04|2025-04-05|2025-04-06|2025-04-07|2025-04-08|2025-04-09|2025-04-10|2025-04-11|2025-04-12|2025-04-13|2025-04-14,59814.07141885023,504.12951436843207,1907.4476340149374
2025-04-16,14,2025-04-02,2025-04-15,2025-04-02|2025-04-03|2025-04-04|2025-04-05|2025-04-06|2025-04-07|2025-04-08|2025-04-09|2025-04-10|2025-04-11|2025-04-12|2025-04-13|2025-04-14|2025-04-15,58631.80613307202,463.4064342647128,1801.687506036958
2025-04-17,14,2025-04-03,2025-04-16,2025-04-03|2025-04-04|2025-04-05|2025-04-06|2025-04-07|2025-04-08|2025-04-09|2025-04-10|2025-04-11|2025-04-12|2025-04-13|2025-04-14|2025-04-15|2025-04-16,57869.916149567616,409.5335369277242,1509.9039576916934
2025-04-18,14,2025-04-04,2025-04-17,2025-04-04|2025-04-05|2025-04-06|2025-04-07|2025-04-08|2025-04-09|2025-04-10|2025-04-11|2025-04-12|2025-04-13|2025-04-14|2025-04-15|2025-04-16|2025-04-17,11899.271146525862,142.67048669756792,555.0338794213746
2025-04-19,14,2025-04-05,2025-04-18,2025-04-05|2025-04-06|2025-04-07|2025-04-08|2025-04-09|2025-04-10|2025-04-11|2025-04-12|2025-04-13|2025-04-14|2025-04-15|2025-04-16|2025-04-17|2025-04-18,12333.624646245747,149.9963459868514,573.619391395336
2025-04-20,14,2025-04-06,2025-04-19,2025-04-06|2025-04-07|2025-04-08|2025-04-09|2025-04-10|2025-04-11|2025-04-12|2025-04-13|2025-04-14|2025-04-15|2025-04-16|2025-04-17|2025-04-18|2025-04-19,57267.206293021634,379.1851276643546,1364.7543230975753
2025-04-21,14,2025-04-07,2025-04-20,2025-04-07|2025-04-08|2025-04-09|2025-04-10|2025-04-11|2025-04-12|2025-04-13|2025-04-14|2025-04-15|2025-04-16|2025-04-17|2025-04-18|2025-04-19|2025-04-20,57107.73093149475,378.46490398595677,1374.782264361704
2025-04-22,14,2025-04-08,2025-04-21,2025-04-08|2025-04-09|2025-04-10|2025-04-11|2025-04-12|2025-04-13|2025-04-14|2025-04-15|2025-04-16|2025-04-17|2025-04-18|2025-04-19|2025-04-20|2025-04-21,56560.902934315614,385.43778883989825,1394.0872017946308
2025-04-23,14,2025-04-09,2025-04-22,2025-04-09|2025-04-10|2025-04-11|2025-04-12|2025-04-13|2025-04-14|2025-04-15|2025-04-16|2025-04-17|2025-04-18|2025-04-19|2025-04-20|2025-04-21|2025-04-22,57085.81214096404,375.1064741881315,1366.7246953573763
2025-04-24,14,2025-04-10,2025-04-23,2025-04-10|2025-04-11|2025-04-12|2025-04-13|2025-04-14|2025-04-15|2025-04-16|2025-04-17|2025-04-18|2025-04-19|2025-04-20|2025-04-21|2025-04-22|2025-04-23,55944.83576027297,311.8303777527787,1139.6033655450146
2025-04-25,14,2025-04-11,2025-04-24,2025-04-11|2025-04-12|2025-04-13|2025-04-14|2025-04-15|2025-04-16|2025-04-17|2025-04-18|2025-04-19|2025-04-20|2025-04-21|2025-04-22|2025-04-23|2025-04-24,9007.962192201985,145.4997383689716,539.4173373492584
2025-04-26,14,2025-04-12,2025-04-25,2025-04-12|2025-04-13|2025-04-14|2025-04-15|2025-04-16|2025-04-17|2025-04-18|2025-04-19|2025-04-20|2025-04-21|2025-04-22|2025-04-23|2025-04-24|2025-04-25,8609.01118106894,140.5157415012312,501.5782557042158
2025-04-27,14,2025-04-13,2025-04-26,2025-04-13|2025-04-14|2025-04-15|2025-04-16|2025-04-17|2025-04-18|2025-04-19|2025-04-20|2025-04-21|2025-04-22|2025-04-23|2025-04-24|2025-04-25|2025-04-26,52871.736504760025,283.73696720701685,1019.3484596798756
2025-04-28,14,2025-04-14,2025-04-27,2025-04-14|2025-04-15|2025-04-16|2025-04-17|2025-04-18|2025-04-19|2025-04-20|2025-04-21|2025-04-22|2025-04-23|2025-04-24|2025-04-25|2025-04-26|2025-04-27,52774.53384371627,318.38687295159644,1153.1027726806922
2025-04-29,14,2025-04-15,2025-04-28,2025-04-15|2025-04-16|2025-04-17|2025-04-18|2025-04-19|2025-04-20|2025-04-21|2025-04-22|2025-04-23|2025-04-24|2025-04-25|2025-04-26|2025-04-27|2025-04-28,54696.0093959459,530.7791480157837,1894.6416720201503
2025-04-30,14,2025-04-16,2025-04-29,2025-04-16|2025-04-17|2025-04-18|2025-04-19|2025-04-20|2025-04-21|2025-04-22|2025-04-23|2025-04-24|2025-04-25|2025-04-26|2025-04-27|2025-04-28|2025-04-29,54495.94708765439,539.9027612648414,1925.6268006489283
2025-05-01,14,2025-04-17,2025-04-30,2025-04-17|2025-04-18|2025-04-19|2025-04-20|2025-04-21|2025-04-22|2025-04-23|2025-04-24|2025-04-25|2025-04-26|2025-04-27|2025-04-28|2025-04-29|2025-04-30,53758.462224221235,509.56582186606164,1813.923438850287
2025-05-02,14,2025-04-18,2025-05-01,2025-04-18|2025-04-19|2025-04-20|2025-04-21|2025-04-22|2025-04-23|2025-04-24|2025-04-25|2025-04-26|2025-04-27|2025-04-28|2025-04-29|2025-04-30|2025-05-01,8272.002010245713,278.1840329876918,1140.5472472131949
2025-05-03,14,2025-04-19,2025-05-02,2025-04-19|2025-04-20|2025-04-21|2025-04-22|2025-04-23|2025-04-24|2025-04-25|2025-04-26|2025-04-27|2025-04-28|2025-04-29|2025-04-30|2025-05-01|2025-05-02,12004.749722841352,333.66168559047776,1440.8561959243216
2025-05-04,14,2025-04-20,2025-05-03,2025-04-20|2025-04-21|2025-04-22|2025-04-23|2025-04-24|2025-04-25|2025-04-26|2025-04-27|2025-04-28|2025-04-29|2025-04-30|2025-05-01|2025-05-02|2025-05-03,58175.125186415506,691.4264819962884,2643.0075353855777
2025-05-05,14,2025-04-21,2025-05-04,2025-04-21|2025-04-22|2025-04-23|2025-04-24|2025-04-25|2025-04-26|2025-04-27|2025-04-28|2025-04-29|2025-04-30|2025-05-01|2025-05-02|2025-05-03|2025-05-04,59169.071363775314,656.333496639461,2500.815623143831
2025-05-06,14,2025-04-22,2025-05-05,2025-04-22|2025-04-23|2025-04-24|2025-04-25|2025-04-26|2025-04-27|2025-04-28|2025-04-29|2025-04-30|2025-05-01|2025-05-02|2025-05-03|2025-05-04|2025-05-05,59186.11604115579,625.1930716103216,2307.1967515056167
2025-05-07,14,2025-04-23,2025-05-06,2025-04-23|2025-04-24|2025-04-25|2025-04-26|2025-04-27|2025-04-28|2025-04-29|2025-04-30|2025-05-01|2025-05-02|2025-05-03|2025-05-04|2025-05-05|2025-05-06,60238.76444798658,615.3698295438306,2227.6231147263393
2025-05-08,14,2025-04-24,2025-05-07,2025-04-24|2025-04-25|2025-04-26|2025-04-27|2025-04-28|2025-04-29|2025-04-30|2025-05-01|2025-05-02|2025-05-03|2025-05-04|2025-05-05|2025-05-06|2025-05-07,61986.748804786344,592.9894468240983,2125.540841540988
2025-05-09,14,2025-04-25,2025-05-08,2025-04-25|2025-04-26|2025-04-27|2025-04-28|2025-04-29|2025-04-30|2025-05-01|2025-05-02|2025-05-03|2025-05-04|2025-05-05|2025-05-06|2025-05-07|2025-05-08,17339.227820404943,259.24958035778064,992.4430415821644
2025-05-10,14,2025-04-26,2025-05-09,2025-04-26|2025-04-27|2025-04-28|2025-04-29|2025-04-30|2025-05-01|2025-05-02|2025-05-03|2025-05-04|2025-05-05|2025-05-06|2025-05-07|2025-05-08|2025-05-09,16888.056991227233,253.29414249238806,959.4567604341144
2025-05-11,14,2025-04-27,2025-05-10,2025-04-27|2025-04-28|2025-04-29|2025-04-30|2025-05-01|2025-05-02|2025-05-03|2025-05-04|2025-05-05|2025-05-06|2025-05-07|2025-05-08|2025-05-09|2025-05-10,63215.93291543718,581.9316003358389,2135.5786735481347
2025-05-12,14,2025-04-28,2025-05-11,2025-04-28|2025-04-29|2025-04-30|2025-05-01|2025-05-02|2025-05-03|2025-05-04|2025-05-05|2025-05-06|2025-05-07|2025-05-08|2025-05-09|2025-05-10|2025-05-11,64328.83441957118,596.0721736935365,2211.538978583467
2025-05-13,14,2025-04-29,2025-05-12,2025-04-29|2025-04-30|2025-05-01|2025-05-02|2025-05-03|2025-05-04|2025-05-05|2025-05-06|2025-05-07|2025-05-08|2025-05-09|2025-05-10|2025-05-11|2025-05-12,62987.74475307277,494.6485664275774,1873.269853976041
2025-05-14,14,2025-04-30,2025-05-13,2025-04-30|2025-05-01|2025-05-02|2025-05-03|2025-05-04|2025-05-05|2025-05-06|2025-05-07|2025-05-08|2025-05-09|2025-05-10|2025-05-11|2025-05-12|2025-05-13,63392.59517450698,506.4377533764506,1932.3368827280503
2025-05-15,14,2025-05-01,2025-05-14,2025-05-01|2025-05-02|2025-05-03|2025-05-04|2025-05-05|2025-05-06|2025-05-07|2025-05-08|2025-05-09|2025-05-10|2025-05-11|2025-05-12|2025-05-13|2025-05-14,63277.503299628705,514.8727715406965,1938.4780914842
2025-05-16,14,2025-05-02,2025-05-15,2025-05-02|2025-05-03|2025-05-04|2025-05-05|2025-05-06|2025-05-07|2025-05-08|2025-05-09|2025-05-10|2025-05-11|2025-05-12|2025-05-13|2025-05-14|2025-05-15,16966.687562888917,241.85576733847907,972.4961536383711
2025-05-17,14,2025-05-03,2025-05-16,2025-05-03|2025-05-04|2025-05-05|2025-05-06|2025-05-07|2025-05-08|2025-05-09|2025-05-10|2025-05-11|2025-05-12|2025-05-13|2025-05-14|2025-05-15|2025-05-16,15323.959721090181,232.6231812349316,923.6868829725654
2025-05-18,14,2025-05-04,2025-05-17,2025-05-04|2025-05-05|2025-05-06|2025-05-07|2025-05-08|2025-05-09|2025-05-10|2025-05-11|2025-05-12|2025-05-13|2025-05-14|2025-05-15|2025-05-16|2025-05-17,60696.941024882035,482.5107008893413,1835.395205683441
2025-05-19,14,2025-05-05,2025-05-18,2025-05-05|2025-05-06|2025-05-07|2025-05-08|2025-05-09|2025-05-10|2025-05-11|2025-05-12|2025-05-13|2025-05-14|2025-05-15|2025-05-16|2025-05-17|2025-05-18,60694.08725869945,482.1784573499872,1829.015807442274
2025-05-20,14,2025-05-06,2025-05-19,2025-05-06|2025-05-07|2025-05-08|2025-05-09|2025-05-10|2025-05-11|2025-05-12|2025-05-13|2025-05-14|2025-05-15|2025-05-16|2025-05-17|2025-05-18|2025-05-19,59387.262719830615,488.9536929446949,1894.1984955852256
2025-05-21,14,2025-05-07,2025-05-20,2025-05-07|2025-05-08|2025-05-09|2025-05-10|2025-05-11|2025-05-12|2025-05-13|2025-05-14|2025-05-15|2025-05-16|2025-05-17|2025-05-18|2025-05-19|2025-05-20,59612.45150316112,468.77028631654,1859.2920127437458
2025-05-22,14,2025-05-08,2025-05-21,2025-05-08|2025-05-09|2025-05-10|2025-05-11|2025-05-12|2025-05-13|2025-05-14|2025-05-15|2025-05-16|2025-05-17|2025-05-18|2025-05-19|2025-05-20|2025-05-21,59107.299362217775,442.69019264334446,1724.2106730840478
2025-05-23,14,2025-05-09,2025-05-22,2025-05-09|2025-05-10|2025-05-11|2025-05-12|2025-05-13|2025-05-14|2025-05-15|2025-05-16|2025-05-17|2025-05-18|2025-05-19|2025-05-20|2025-05-21|2025-05-22,13077.738219963152,184.63341803775185,739.9697606114677
2025-05-24,14,2025-05-10,2025-05-23,2025-05-10|2025-05-11|2025-05-12|2025-05-13|2025-05-14|2025-05-15|2025-05-16|2025-05-17|2025-05-18|2025-05-19|2025-05-20|2025-05-21|2025-05-22|2025-05-23,13769.6265176433,192.84365685791093,769.7791591655508
2025-05-25,14,2025-05-11,2025-05-24,2025-05-11|2025-05-12|2025-05-13|2025-05-14|2025-05-15|2025-05-16|2025-05-17|2025-05-18|2025-05-19|2025-05-20|2025-05-21|2025-05-22|2025-05-23|2025-05-24,57781.57890017107,440.83054343784505,1668.1438057421838
2025-05-26,14,2025-05-12,2025-05-25,2025-05-12|2025-05-13|2025-05-14|2025-05-15|2025-05-16|2025-05-17|2025-05-18|2025-05-19|2025-05-20|2025-05-21|2025-05-22|2025-05-23|2025-05-24|2025-05-25,56254.60019907224,453.75760498461176,1737.3101827048233
2025-05-27,14,2025-05-13,2025-05-26,2025-05-13|2025-05-14|2025-05-15|2025-05-16|2025-05-17|2025-05-18|2025-05-19|2025-05-20|2025-05-21|2025-05-22|2025-05-23|2025-05-24|2025-05-25|2025-05-26,57796.777813632434,519.123387973176,1979.1134184710293
2025-05-28,14,2025-05-14,2025-05-27,2025-05-14|2025-05-15|2025-05-16|2025-05-17|2025-05-18|2025-05-19|2025-05-20|2025-05-21|2025-05-22|2025-05-23|2025-05-24|2025-05-25|2025-05-26|2025-05-27,57173.55802586995,521.4591564450611,1973.814826964516
2025-05-29,14,2025-05-15,2025-05-28,2025-05-15|2025-05-16|2025-05-17|2025-05-18|2025-05-19|2025-05-20|2025-05-21|2025-05-22|2025-05-23|2025-05-24|2025-05-25|2025-05-26|2025-05-27|2025-05-28,57661.41989676461,490.5388235736577,1844.3825497274743
2025-05-30,14,2025-05-16,2025-05-29,2025-05-16|2025-05-17|2025-05-18|2025-05-19|2025-05-20|2025-05-21|2025-05-22|2025-05-23|2025-05-24|2025-05-25|2025-05-26|2025-05-27|2025-05-28|2025-05-29,13424.130873772869,202.6201690522517,820.8817309126025
2025-05-31,14,2025-05-17,2025-05-30,2025-05-17|2025-05-18|2025-05-19|2025-05-20|2025-05-21|2025-05-22|2025-05-23|2025-05-24|2025-05-25|2025-05-26|2025-05-27|2025-05-28|2025-05-29|2025-05-30,14120.658906212288,195.57238737770263,792.1849604604519
2025-06-01,14,2025-05-18,2025-05-31,2025-05-18|2025-05-19|2025-05-20|2025-05-21|2025-05-22|2025-05-23|2025-05-24|2025-05-25|2025-05-26|2025-05-27|2025-05-28|2025-05-29|2025-05-30|2025-05-31,60106.807794352644,477.22860091701125,1799.2617883835032
2025-06-02,14,2025-05-19,2025-06-01,2025-05-19|2025-05-20|2025-05-21|2025-05-22|2025-05-23|2025-05-24|2025-05-25|2025-05-26|2025-05-27|2025-05-28|2025-05-29|2025-05-30|2025-05-31|2025-06-01,62988.85332626662,970.668993385295,3685.5632680272806
2025-06-03,14,2025-05-20,2025-06-02,2025-05-20|2025-05-21|2025-05-22|2025-05-23|2025-05-24|2025-05-25|2025-05-26|2025-05-27|2025-05-28|2025-05-29|2025-05-30|2025-05-31|2025-06-01|2025-06-02,65981.33599453405,1265.9696593351434,4905.481905218209
2025-06-04,14,2025-05-21,2025-06-03,2025-05-21|2025-05-22|2025-05-23|2025-05-24|2025-05-25|2025-05-26|2025-05-27|2025-05-28|2025-05-29|2025-05-30|2025-05-31|2025-06-01|2025-06-02|2025-06-03,69619.49040296562,1093.6598554869595,4338.811263228931
2025-06-05,14,2025-05-22,2025-06-04,2025-05-22|2025-05-23|2025-05-24|2025-05-25|2025-05-26|2025-05-27|2025-05-28|2025-05-29|2025-05-30|2025-05-31|2025-06-01|2025-06-02|2025-06-03|2025-06-04,72626.2682696445,924.841731841797,3616.3353352758786
2025-06-06,14,2025-05-23,2025-06-05,2025-05-23|2025-05-24|2025-05-25|2025-05-26|2025-05-27|2025-05-28|2025-05-29|2025-05-30|2025-05-31|2025-06-01|2025-06-02|2025-06-03|2025-06-04|2025-06-05,29422.97112229241,546.4312992279459,1943.5731894763755
2025-06-07,14,2025-05-24,2025-06-06,2025-05-24|2025-05-25|2025-05-26|2025-05-27|2025-05-28|2025-05-29|2025-05-30|2025-05-31|2025-06-01|2025-06-02|2025-06-03|2025-06-04|2025-06-05|2025-06-06,33850.35143663922,502.02521800720285,1803.303134417771
2025-06-08,14,2025-05-25,2025-06-07,2025-05-25|2025-05-26|2025-05-27|2025-05-28|2025-05-29|2025-05-30|2025-05-31|2025-06-01|2025-06-02|2025-06-03|2025-06-04|2025-06-05|2025-06-06|2025-06-07,85449.4224797088,678.3697326382234,2565.720350718574
2025-06-09,14,2025-05-26,2025-06-08,2025-05-26|2025-05-27|2025-05-28|2025-05-29|2025-05-30|2025-05-31|2025-06-01|2025-06-02|2025-06-03|2025-06-04|2025-06-05|2025-06-06|2025-06-07|2025-06-08,84107.95846458088,677.9476156154409,2566.6236409179287
2025-06-10,14,2025-05-27,2025-06-09,2025-05-27|2025-05-28|2025-05-29|2025-05-30|2025-05-31|2025-06-01|2025-06-02|2025-06-03|2025-06-04|2025-06-05|2025-06-06|2025-06-07|2025-06-08|2025-06-09,84560.1612849012,659.2082598472946,2518.795548479456
2025-06-11,14,2025-05-28,2025-06-10,2025-05-28|2025-05-29|2025-05-30|2025-05-31|2025-06-01|2025-06-02|2025-06-03|2025-06-04|2025-06-05|2025-06-06|2025-06-07|2025-06-08|2025-06-09|2025-06-10,85315.02912012859,662.1565243295979,2524.081783604498
2025-06-12,14,2025-05-29,2025-06-11,2025-05-29|2025-05-30|2025-05-31|2025-06-01|2025-06-02|2025-06-03|2025-06-04|2025-06-05|2025-06-06|2025-06-07|2025-06-08|2025-06-09|2025-06-10|2025-06-11,86299.06490535408,654.5404827623671,2474.2594406274393
2025-06-13,14,2025-05-30,2025-06-12,2025-05-30|2025-05-31|2025-06-01|2025-06-02|2025-06-03|2025-06-04|2025-06-05|2025-06-06|2025-06-07|2025-06-08|2025-06-09|2025-06-10|2025-06-11|2025-06-12,41065.73279467129,527.9327896792947,1863.8338763067788
2025-06-14,14,2025-05-31,2025-06-13,2025-05-31|2025-06-01|2025-06-02|2025-06-03|2025-06-04|2025-06-05|2025-06-06|2025-06-07|2025-06-08|2025-06-09|2025-06-10|2025-06-11|2025-06-12|2025-06-13,41125.88487699133,524.3204044566152,1843.1712303452853
2025-06-15,14,2025-06-01,2025-06-14,2025-06-01|2025-06-02|2025-06-03|2025-06-04|2025-06-05|2025-06-06|2025-06-07|2025-06-08|2025-06-09|2025-06-10|2025-06-11|2025-06-12|2025-06-13|2025-06-14,88084.88125214125,656.6462661950688,2453.242347039904
2025-06-16,14,2025-06-02,2025-06-15,2025-06-02|2025-06-03|2025-06-04|2025-06-05|2025-06-06|2025-06-07|2025-06-08|2025-06-09|2025-06-10|2025-06-11|2025-06-12|2025-06-13|2025-06-14|2025-06-15,87525.11874950651,589.273179438084,2370.6620490487066
2025-06-17,14,2025-06-03,2025-06-16,2025-06-03|2025-06-04|2025-06-05|2025-06-06|2025-06-07|2025-06-08|2025-06-09|2025-06-10|2025-06-11|2025-06-12|2025-06-13|2025-06-14|2025-06-15|2025-06-16,86152.08670484275,688.9022402068882,2726.455318698205
2025-06-18,14,2025-06-04,2025-06-17,2025-06-04|2025-06-05|2025-06-06|2025-06-07|2025-06-08|2025-06-09|2025-06-10|2025-06-11|2025-06-12|2025-06-13|2025-06-14|2025-06-15|2025-06-16|2025-06-17,86365.0736319384,735.1774392455637,2942.1494031361967
2025-06-19,14,2025-06-05,2025-06-18,2025-06-05|2025-06-06|2025-06-07|2025-06-08|2025-06-09|2025-06-10|2025-06-11|2025-06-12|2025-06-13|2025-06-14|2025-06-15|2025-06-16|2025-06-17|2025-06-18,84605.98191203258,785.7426442964434,3112.755292776779
2025-06-20,14,2025-06-06,2025-06-19,2025-06-06|2025-06-07|2025-06-08|2025-06-09|2025-06-10|2025-06-11|2025-06-12|2025-06-13|2025-06-14|2025-06-15|2025-06-16|2025-06-17|2025-06-18|2025-06-19,37324.231242137124,590.2365153778289,2178.2400343905515
2025-06-21,14,2025-06-07,2025-06-20,2025-06-07|2025-06-08|2025-06-09|2025-06-10|2025-06-11|2025-06-12|2025-06-13|2025-06-14|2025-06-15|2025-06-16|2025-06-17|2025-06-18|2025-06-19|2025-06-20,34990.678545958115,438.9502026360207,1589.2160534021682
2025-06-22,14,2025-06-08,2025-06-21,2025-06-08|2025-06-09|2025-06-10|2025-06-11|2025-06-12|2025-06-13|2025-06-14|2025-06-15|2025-06-16|2025-06-17|2025-06-18|2025-06-19|2025-06-20|2025-06-21,79132.6676777527,644.3158367483908,2592.048599487774
2025-06-23,14,2025-06-09,2025-06-22,2025-06-09|2025-06-10|2025-06-11|2025-06-12|2025-06-13|2025-06-14|2025-06-15|2025-06-16|2025-06-17|2025-06-18|2025-06-19|2025-06-20|2025-06-21|2025-06-22,78561.69362955088,654.7226753606136,2627.632257240839
2025-06-24,14,2025-06-10,2025-06-23,2025-06-10|2025-06-11|2025-06-12|2025-06-13|2025-06-14|2025-06-15|2025-06-16|2025-06-17|2025-06-18|2025-06-19|2025-06-20|2025-06-21|2025-06-22|2025-06-23,77238.15807240708,628.1347776640185,2536.436740466062
2025-06-25,14,2025-06-11,2025-06-24,2025-06-11|2025-06-12|2025-06-13|2025-06-14|2025-06-15|2025-06-16|2025-06-17|2025-06-18|2025-06-19|2025-06-20|2025-06-21|2025-06-22|2025-06-23|2025-06-24,78127.71288653865,710.6646229798627,2855.9675142493606
2025-06-26,14,2025-06-12,2025-06-25,2025-06-12|2025-06-13|2025-06-14|2025-06-15|2025-06-16|2025-06-17|2025-06-18|2025-06-19|2025-06-20|2025-06-21|2025-06-22|2025-06-23|2025-06-24|2025-06-25,77430.07761100991,732.4537624684773,2940.2758196765403
2025-06-27,14,2025-06-13,2025-06-26,2025-06-13|2025-06-14|2025-06-15|2025-06-16|2025-06-17|2025-06-18|2025-06-19|2025-06-20|2025-06-21|2025-06-22|2025-06-23|2025-06-24|2025-06-25|2025-06-26,31036.005212853197,445.1842343460873,1644.376748922632
2025-06-28,14,2025-06-14,2025-06-27,2025-06-14|2025-06-15|2025-06-16|2025-06-17|2025-06-18|2025-06-19|2025-06-20|2025-06-21|2025-06-22|2025-06-23|2025-06-24|2025-06-25|2025-06-26|2025-06-27,30445.05237981877,424.34540564601696,1542.9547056927568
2025-06-29,14,2025-06-15,2025-06-28,2025-06-15|2025-06-16|2025-06-17|2025-06-18|2025-06-19|2025-06-20|2025-06-21|2025-06-22|2025-06-23|2025-06-24|2025-06-25|2025-06-26|2025-06-27|2025-06-28,76456.55042230744,776.1936941595432,3010.481051682252
2025-06-30,14,2025-06-16,2025-06-29,2025-06-16|2025-06-17|2025-06-18|2025-06-19|2025-06-20|2025-06-21|2025-06-22|2025-06-23|2025-06-24|2025-06-25|2025-06-26|2025-06-27|2025-06-28|2025-06-29,77052.36329680409,763.8107874388687,3007.102838046433
2025-07-01,14,2025-06-17,2025-06-30,2025-06-17|2025-06-18|2025-06-19|2025-06-20|2025-06-21|2025-06-22|2025-06-23|2025-06-24|2025-06-25|2025-06-26|2025-06-27|2025-06-28|2025-06-29|2025-06-30,77358.75872191736,781.5456628109633,3054.050940497387
2025-07-02,14,2025-06-18,2025-07-01,2025-06-18|2025-06-19|2025-06-20|2025-06-21|2025-06-22|2025-06-23|2025-06-24|2025-06-25|2025-06-26|2025-06-27|2025-06-28|2025-06-29|2025-06-30|2025-07-01,75804.83021942737,924.1649760478688,3484.956531813368
2025-07-03,14,2025-06-19,2025-07-02,2025-06-19|2025-06-20|2025-06-21|2025-06-22|2025-06-23|2025-06-24|2025-06-25|2025-06-26|2025-06-27|2025-06-28|2025-06-29|2025-06-30|2025-07-01|2025-07-02,74902.22724890681,1115.2866033685286,4096.788372633128
2025-07-04,14,2025-06-20,2025-07-03,2025-06-20|2025-06-21|2025-06-22|2025-06-23|2025-06-24|2025-06-25|2025-06-26|2025-06-27|2025-06-28|2025-06-29|2025-06-30|2025-07-01|2025-07-02|2025-07-03,31208.71388282575,492.7508576509126,1882.5304371123311
2025-07-05,14,2025-06-21,2025-07-04,2025-06-21|2025-06-22|2025-06-23|2025-06-24|2025-06-25|2025-06-26|2025-06-27|2025-06-28|2025-06-29|2025-06-30|2025-07-01|2025-07-02|2025-07-03|2025-07-04,32352.142478481197,387.38190363433944,1457.9348874789016
2025-07-06,14,2025-06-22,2025-07-05,2025-06-22|2025-06-23|2025-06-24|2025-06-25|2025-06-26|2025-06-27|2025-06-28|2025-06-29|2025-06-30|2025-07-01|2025-07-02|2025-07-03|2025-07-04|2025-07-05,77462.02406575395,757.7149552153743,3030.226532838455
2025-07-07,14,2025-06-23,2025-07-06,2025-06-23|2025-06-24|2025-06-25|2025-06-26|2025-06-27|2025-06-28|2025-06-29|2025-06-30|2025-07-01|2025-07-02|2025-07-03|2025-07-04|2025-07-05|2025-07-06,78227.70885644446,802.9896198895664,3297.59990937807
2025-07-08,14,2025-06-24,2025-07-07,2025-06-24|2025-06-25|2025-06-26|2025-06-27|2025-06-28|2025-06-29|2025-06-30|2025-07-01|2025-07-02|2025-07-03|2025-07-04|2025-07-05|2025-07-06|2025-07-07,82931.04413017596,815.4733408007497,3345.714614670349
2025-07-09,14,2025-06-25,2025-07-08,2025-06-25|2025-06-26|2025-06-27|2025-06-28|2025-06-29|2025-06-30|2025-07-01|2025-07-02|2025-07-03|2025-07-04|2025-07-05|2025-07-06|2025-07-07|2025-07-08,81851.49872485196,683.7318694127889,2649.1321676476023
2025-07-10,14,2025-06-26,2025-07-09,2025-06-26|2025-06-27|2025-06-28|2025-06-29|2025-06-30|2025-07-01|2025-07-02|2025-07-03|2025-07-04|2025-07-05|2025-07-06|2025-07-07|2025-07-08|2025-07-09,82450.49668754818,653.4895596015986,2596.7810098818986
2025-07-11,14,2025-06-27,2025-07-10,2025-06-27|2025-06-28|2025-06-29|2025-06-30|2025-07-01|2025-07-02|2025-07-03|2025-07-04|2025-07-05|2025-07-06|2025-07-07|2025-07-08|2025-07-09|2025-07-10,35412.516933877574,332.18908400575265,1274.695562077289
2025-07-12,14,2025-06-28,2025-07-11,2025-06-28|2025-06-29|2025-06-30|2025-07-01|2025-07-02|2025-07-03|2025-07-04|2025-07-05|2025-07-06|2025-07-07|2025-07-08|2025-07-09|2025-07-10|2025-07-11,37552.65888443028,327.93820834824294,1258.9347171472793
2025-07-13,14,2025-06-29,2025-07-12,2025-06-29|2025-06-30|2025-07-01|2025-07-02|2025-07-03|2025-07-04|2025-07-05|2025-07-06|2025-07-07|2025-07-08|2025-07-09|2025-07-10|2025-07-11|2025-07-12,83687.97293382119,727.9146092882792,2917.34294566504
2025-07-14,14,2025-06-30,2025-07-13,2025-06-30|2025-07-01|2025-07-02|2025-07-03|2025-07-04|2025-07-05|2025-07-06|2025-07-07|2025-07-08|2025-07-09|2025-07-10|2025-07-11|2025-07-12|2025-07-13,82203.29244907318,757.2790293796714,2985.001760871469
2025-07-15,14,2025-07-01,2025-07-14,2025-07-01|2025-07-02|2025-07-03|2025-07-04|2025-07-05|2025-07-06|2025-07-07|2025-07-08|2025-07-09|2025-07-10|2025-07-11|2025-07-12|2025-07-13|2025-07-14,86333.8124626464,745.452521739367,2927.6788947384507
2025-07-16,14,2025-07-02,2025-07-15,2025-07-02|2025-07-03|2025-07-04|2025-07-05|2025-07-06|2025-07-07|2025-07-08|2025-07-09|2025-07-10|2025-07-11|2025-07-12|2025-07-13|2025-07-14|2025-07-15,85820.51077965334,744.3481972607835,2911.278446034182
2025-07-17,14,2025-07-03,2025-07-16,2025-07-03|2025-07-04|2025-07-05|2025-07-06|2025-07-07|2025-07-08|2025-07-09|2025-07-10|2025-07-11|2025-07-12|2025-07-13|2025-07-14|2025-07-15|2025-07-16,85526.12832128946,763.8222922851021,2987.5533096083795
2025-07-18,14,2025-07-04,2025-07-17,2025-07-04|2025-07-05|2025-07-06|2025-07-07|2025-07-08|2025-07-09|2025-07-10|2025-07-11|2025-07-12|2025-07-13|2025-07-14|2025-07-15|2025-07-16|2025-07-17,38912.93500941101,347.7292806636077,1273.5124205643394
2025-07-19,14,2025-07-05,2025-07-18,2025-07-05|2025-07-06|2025-07-07|2025-07-08|2025-07-09|2025-07-10|2025-07-11|2025-07-12|2025-07-13|2025-07-14|2025-07-15|2025-07-16|2025-07-17|2025-07-18,39791.21486468991,366.5589692366879,1317.3112466125665
2025-07-20,14,2025-07-06,2025-07-19,2025-07-06|2025-07-07|2025-07-08|2025-07-09|2025-07-10|2025-07-11|2025-07-12|2025-07-13|2025-07-14|2025-07-15|2025-07-16|2025-07-17|2025-07-18|2025-07-19,83675.01979104395,758.8304288859844,2873.222164995664
2025-07-21,14,2025-07-07,2025-07-20,2025-07-07|2025-07-08|2025-07-09|2025-07-10|2025-07-11|2025-07-12|2025-07-13|2025-07-14|2025-07-15|2025-07-16|2025-07-17|2025-07-18|2025-07-19|2025-07-20,83448.49800868724,669.4329049887068,2452.698576313494
2025-07-22,14,2025-07-08,2025-07-21,2025-07-08|2025-07-09|2025-07-10|2025-07-11|2025-07-12|2025-07-13|2025-07-14|2025-07-15|2025-07-16|2025-07-17|2025-07-18|2025-07-19|2025-07-20|2025-07-21,85992.73541198466,587.8856315833045,2188.6417456067456
2025-07-23,14,2025-07-09,2025-07-22,2025-07-09|2025-07-10|2025-07-11|2025-07-12|2025-07-13|2025-07-14|2025-07-15|2025-07-16|2025-07-17|2025-07-18|2025-07-19|2025-07-20|2025-07-21|2025-07-22,85580.71912948134,609.0022140356143,2349.7941553601863
2025-07-24,14,2025-07-10,2025-07-23,2025-07-10|2025-07-11|2025-07-12|2025-07-13|2025-07-14|2025-07-15|2025-07-16|2025-07-17|2025-07-18|2025-07-19|2025-07-20|2025-07-21|2025-07-22|2025-07-23,85492.74798795894,620.0031602081774,2378.577766252534
2025-07-25,14,2025-07-11,2025-07-24,2025-07-11|2025-07-12|2025-07-13|2025-07-14|2025-07-15|2025-07-16|2025-07-17|2025-07-18|2025-07-19|2025-07-20|2025-07-21|2025-07-22|2025-07-23|2025-07-24,39728.31374868874,258.8031506838898,997.4378635815749
2025-07-26,14,2025-07-12,2025-07-25,2025-07-12|2025-07-13|2025-07-14|2025-07-15|2025-07-16|2025-07-17|2025-07-18|2025-07-19|2025-07-20|2025-07-21|2025-07-22|2025-07-23|2025-07-24|2025-07-25,38404.3693774303,282.42418200005756,1085.9231126298303
2025-07-27,14,2025-07-13,2025-07-26,2025-07-13|2025-07-14|2025-07-15|2025-07-16|2025-07-17|2025-07-18|2025-07-19|2025-07-20|2025-07-21|2025-07-22|2025-07-23|2025-07-24|2025-07-25|2025-07-26,82715.38780741075,638.6540825685978,2514.146670750791
2025-07-28,14,2025-07-14,2025-07-27,2025-07-14|2025-07-15|2025-07-16|2025-07-17|2025-07-18|2025-07-19|2025-07-20|2025-07-21|2025-07-22|2025-07-23|2025-07-24|2025-07-25|2025-07-26|2025-07-27,83156.12845156222,626.9371530457817,2385.5975522317967
2025-07-29,14,2025-07-15,2025-07-28,2025-07-15|2025-07-16|2025-07-17|2025-07-18|2025-07-19|2025-07-20|2025-07-21|2025-07-22|2025-07-23|2025-07-24|2025-07-25|2025-07-26|2025-07-27|2025-07-28,85699.84646134172,616.2685023696725,2324.5285267734826
2025-07-30,14,2025-07-16,2025-07-29,2025-07-16|2025-07-17|2025-07-18|2025-07-19|2025-07-20|2025-07-21|2025-07-22|2025-07-23|2025-07-24|2025-07-25|2025-07-26|2025-07-27|2025-07-28|2025-07-29,85853.92523581204,616.9775191669954,2362.3438148969967
2025-07-31,14,2025-07-17,2025-07-30,2025-07-17|2025-07-18|2025-07-19|2025-07-20|2025-07-21|2025-07-22|2025-07-23|2025-07-24|2025-07-25|2025-07-26|2025-07-27|2025-07-28|2025-07-29|2025-07-30,85290.27572543942,588.1837381073909,2236.346308949012
2025-08-01,14,2025-07-18,2025-07-31,2025-07-18|2025-07-19|2025-07-20|2025-07-21|2025-07-22|2025-07-23|2025-07-24|2025-07-25|2025-07-26|2025-07-27|2025-07-28|2025-07-29|2025-07-30|2025-07-31,39197.4548207499,252.7256089287393,940.6637782767375
2025-08-02,14,2025-07-19,2025-08-01,2025-07-19|2025-07-20|2025-07-21|2025-07-22|2025-07-23|2025-07-24|2025-07-25|2025-07-26|2025-07-27|2025-07-28|2025-07-29|2025-07-30|2025-07-31|2025-08-01,38135.72045244205,277.22182563877897,1005.1239720800704
2025-08-03,14,2025-07-20,2025-08-02,2025-07-20|2025-07-21|2025-07-22|2025-07-23|2025-07-24|2025-07-25|2025-07-26|2025-07-27|2025-07-28|2025-07-29|2025-07-30|2025-07-31|2025-08-01|2025-08-02,81521.90423540502,588.3986407930286,2245.2321421174297
2025-08-04,14,2025-07-21,2025-08-03,2025-07-21|2025-07-22|2025-07-23|2025-07-24|2025-07-25|2025-07-26|2025-07-27|2025-07-28|2025-07-29|2025-07-30|2025-07-31|2025-08-01|2025-08-02|2025-08-03,79576.7527239167,630.9114251858458,2425.631425913718
2025-08-05,14,2025-07-22,2025-08-04,2025-07-22|2025-07-23|2025-07-24|2025-07-25|2025-07-26|2025-07-27|2025-07-28|2025-07-29|2025-07-30|2025-07-31|2025-08-01|2025-08-02|2025-08-03|2025-08-04,76844.17434520237,603.8136084355194,2219.973545601955
2025-08-06,14,2025-07-23,2025-08-05,2025-07-23|2025-07-24|2025-07-25|2025-07-26|2025-07-27|2025-07-28|2025-07-29|2025-07-30|2025-07-31|2025-08-01|2025-08-02|2025-08-03|2025-08-04|2025-08-05,75263.45388446789,566.4500631943868,2065.7959252600317
2025-08-07,14,2025-07-24,2025-08-06,2025-07-24|2025-07-25|2025-07-26|2025-07-27|2025-07-28|2025-07-29|2025-07-30|2025-07-31|2025-08-01|2025-08-02|2025-08-03|2025-08-04|2025-08-05|2025-08-06,73760.22926058974,582.3776862292568,2069.945484059081
2025-08-08,14,2025-07-25,2025-08-07,2025-07-25|2025-07-26|2025-07-27|2025-07-28|2025-07-29|2025-07-30|2025-07-31|2025-08-01|2025-08-02|2025-08-03|2025-08-04|2025-08-05|2025-08-06|2025-08-07,26112.663822157054,271.7071661600211,987.3619216231533
2025-08-09,14,2025-07-26,2025-08-08,2025-07-26|2025-07-27|2025-07-28|2025-07-29|2025-07-30|2025-07-31|2025-08-01|2025-08-02|2025-08-03|2025-08-04|2025-08-05|2025-08-06|2025-08-07|2025-08-08,25464.133885685143,260.87366167178277,946.5381160969711
2025-08-10,14,2025-07-27,2025-08-09,2025-07-27|2025-07-28|2025-07-29|2025-07-30|2025-07-31|2025-08-01|2025-08-02|2025-08-03|2025-08-04|2025-08-05|2025-08-06|2025-08-07|2025-08-08|2025-08-09,70284.55920801609,579.3873030261772,1987.771911746826
2025-08-11,14,2025-07-28,2025-08-10,2025-07-28|2025-07-29|2025-07-30|2025-07-31|2025-08-01|2025-08-02|2025-08-03|2025-08-04|2025-08-05|2025-08-06|2025-08-07|2025-08-08|2025-08-09|2025-08-10,71190.49483280694,541.5749407303861,1907.59066050129
2025-08-12,14,2025-07-29,2025-08-11,2025-07-29|2025-07-30|2025-07-31|2025-08-01|2025-08-02|2025-08-03|2025-08-04|2025-08-05|2025-08-06|2025-08-07|2025-08-08|2025-08-09|2025-08-10|2025-08-11,69456.24213074654,568.3919950304282,2015.8247428673797
2025-08-13,14,2025-07-30,2025-08-12,2025-07-30|2025-07-31|2025-08-01|2025-08-02|2025-08-03|2025-08-04|2025-08-05|2025-08-06|2025-08-07|2025-08-08|2025-08-09|2025-08-10|2025-08-11|2025-08-12,70497.25159662173,503.4629880814065,1828.2344610526238
2025-08-14,14,2025-07-31,2025-08-13,2025-07-31|2025-08-01|2025-08-02|2025-08-03|2025-08-04|2025-08-05|2025-08-06|2025-08-07|2025-08-08|2025-08-09|2025-08-10|2025-08-11|2025-08-12|2025-08-13,69773.7417631991,564.1676179972654,2051.2576995948107
2025-08-15,14,2025-08-01,2025-08-14,2025-08-01|2025-08-02|2025-08-03|2025-08-04|2025-08-05|2025-08-06|2025-08-07|2025-08-08|2025-08-09|2025-08-10|2025-08-11|2025-08-12|2025-08-13|2025-08-14,24510.811789524,234.02096953304797,887.4522534124899
2025-08-16,14,2025-08-02,2025-08-15,2025-08-02|2025-08-03|2025-08-04|2025-08-05|2025-08-06|2025-08-07|2025-08-08|2025-08-09|2025-08-10|2025-08-11|2025-08-12|2025-08-13|2025-08-14|2025-08-15,24790.497583731878,219.27410553644276,800.2466414366206
2025-08-17,14,2025-08-03,2025-08-16,2025-08-03|2025-08-04|2025-08-05|2025-08-06|2025-08-07|2025-08-08|2025-08-09|2025-08-10|2025-08-11|2025-08-12|2025-08-13|2025-08-14|2025-08-15|2025-08-16,70554.56107977084,542.7985873995236,2011.401632965634
2025-08-18,14,2025-08-04,2025-08-17,2025-08-04|2025-08-05|2025-08-06|2025-08-07|2025-08-08|2025-08-09|2025-08-10|2025-08-11|2025-08-12|2025-08-13|2025-08-14|2025-08-15|2025-08-16|2025-08-17,70492.2324839819,538.1969827075126,1948.767278057027
2025-08-19,14,2025-08-05,2025-08-18,2025-08-05|2025-08-06|2025-08-07|2025-08-08|2025-08-09|2025-08-10|2025-08-11|2025-08-12|2025-08-13|2025-08-14|2025-08-15|2025-08-16|2025-08-17|2025-08-18,70470.28316870924,542.5662804512411,1971.9032412340493
2025-08-20,14,2025-08-06,2025-08-19,2025-08-06|2025-08-07|2025-08-08|2025-08-09|2025-08-10|2025-08-11|2025-08-12|2025-08-13|2025-08-14|2025-08-15|2025-08-16|2025-08-17|2025-08-18|2025-08-19,70387.79569371534,542.7307793334113,1947.7781309691932
2025-08-21,14,2025-08-07,2025-08-20,2025-08-07|2025-08-08|2025-08-09|2025-08-10|2025-08-11|2025-08-12|2025-08-13|2025-08-14|2025-08-15|2025-08-16|2025-08-17|2025-08-18|2025-08-19|2025-08-20,71571.1101450783,519.7918157470374,1888.6530522539676
2025-08-22,14,2025-08-08,2025-08-21,2025-08-08|2025-08-09|2025-08-10|2025-08-11|2025-08-12|2025-08-13|2025-08-14|2025-08-15|2025-08-16|2025-08-17|2025-08-18|2025-08-19|2025-08-20|2025-08-21,26276.43445030362,224.01732248422834,842.3151359594797
2025-08-23,14,2025-08-09,2025-08-22,2025-08-09|2025-08-10|2025-08-11|2025-08-12|2025-08-13|2025-08-14|2025-08-15|2025-08-16|2025-08-17|2025-08-18|2025-08-19|2025-08-20|2025-08-21|2025-08-22,27195.26047710131,213.32148518367057,796.2377675253683
2025-08-24,14,2025-08-10,2025-08-23,2025-08-10|2025-08-11|2025-08-12|2025-08-13|2025-08-14|2025-08-15|2025-08-16|2025-08-17|2025-08-18|2025-08-19|2025-08-20|2025-08-21|2025-08-22|2025-08-23,73990.1449514391,476.92699300632995,1762.793844326798
2025-08-25,14,2025-08-11,2025-08-24,2025-08-11|2025-08-12|2025-08-13|2025-08-14|2025-08-15|2025-08-16|2025-08-17|2025-08-18|2025-08-19|2025-08-20|2025-08-21|2025-08-22|2025-08-23|2025-08-24,74172.61469550505,451.05172253176437,1702.640211780903
2025-08-26,14,2025-08-12,2025-08-25,2025-08-12|2025-08-13|2025-08-14|2025-08-15|2025-08-16|2025-08-17|2025-08-18|2025-08-19|2025-08-20|2025-08-21|2025-08-22|2025-08-23|2025-08-24|2025-08-25,74868.10163502811,483.868010812513,1857.454703317817
2025-08-27,14,2025-08-13,2025-08-26,2025-08-13|2025-08-14|2025-08-15|2025-08-16|2025-08-17|2025-08-18|2025-08-19|2025-08-20|2025-08-21|2025-08-22|2025-08-23|2025-08-24|2025-08-25|2025-08-26,74711.25957839472,526.7360373631328,2052.705546417632
2025-08-28,14,2025-08-14,2025-08-27,2025-08-14|2025-08-15|2025-08-16|2025-08-17|2025-08-18|2025-08-19|2025-08-20|2025-08-21|2025-08-22|2025-08-23|2025-08-24|2025-08-25|2025-08-26|2025-08-27,73979.36716038012,546.2084256751019,2063.2652765268804
2025-08-29,14,2025-08-15,2025-08-28,2025-08-15|2025-08-16|2025-08-17|2025-08-18|2025-08-19|2025-08-20|2025-08-21|2025-08-22|2025-08-23|2025-08-24|2025-08-25|2025-08-26|2025-08-27|2025-08-28,30009.064489244825,246.56804167855873,964.5042165856017
2025-08-30,14,2025-08-16,2025-08-29,2025-08-16|2025-08-17|2025-08-18|2025-08-19|2025-08-20|2025-08-21|2025-08-22|2025-08-23|2025-08-24|2025-08-25|2025-08-26|2025-08-27|2025-08-28|2025-08-29,30162.83479020642,245.66182133164057,966.8777290927698
2025-08-31,14,2025-08-17,2025-08-30,2025-08-17|2025-08-18|2025-08-19|2025-08-20|2025-08-21|2025-08-22|2025-08-23|2025-08-24|2025-08-25|2025-08-26|2025-08-27|2025-08-28|2025-08-29|2025-08-30,75382.24664504259,590.4113027429761,2298.799675185682
2025-09-01,14,2025-08-18,2025-08-31,2025-08-18|2025-08-19|2025-08-20|2025-08-21|2025-08-22|2025-08-23|2025-08-24|2025-08-25|2025-08-26|2025-08-27|2025-08-28|2025-08-29|2025-08-30|2025-08-31,75968.02372092099,598.35883108673,2320.152712102202
2025-09-02,14,2025-08-19,2025-09-01,2025-08-19|2025-08-20|2025-08-21|2025-08-22|2025-08-23|2025-08-24|2025-08-25|2025-08-26|2025-08-27|2025-08-28|2025-08-29|2025-08-30|2025-08-31|2025-09-01,74853.10235679601,603.2317187509232,2340.395803127723
2025-09-03,14,2025-08-20,2025-09-02,2025-08-20|2025-08-21|2025-08-22|2025-08-23|2025-08-24|2025-08-25|2025-08-26|2025-08-27|2025-08-28|2025-08-29|2025-08-30|2025-08-31|2025-09-01|2025-09-02,74567.31942533886,603.0194968169816,2347.4519171136267
2025-09-04,14,2025-08-21,2025-09-03,2025-08-21|2025-08-22|2025-08-23|2025-08-24|2025-08-25|2025-08-26|2025-08-27|2025-08-28|2025-08-29|2025-08-30|2025-08-31|2025-09-01|2025-09-02|2025-09-03,73605.29715172955,572.6697603148426,2161.289825478395
2025-09-05,14,2025-08-22,2025-09-04,2025-08-22|2025-08-23|2025-08-24|2025-08-25|2025-08-26|2025-08-27|2025-08-28|2025-08-29|2025-08-30|2025-08-31|2025-09-01|2025-09-02|2025-09-03|2025-09-04,27039.77211531029,263.46318042075876,1012.786638593654
2025-09-06,14,2025-08-23,2025-09-05,2025-08-23|2025-08-24|2025-08-25|2025-08-26|2025-08-27|2025-08-28|2025-08-29|2025-08-30|2025-08-31|2025-09-01|2025-09-02|2025-09-03|2025-09-04|2025-09-05,25952.853689320964,258.0467631588209,990.5755828123637
2025-09-07,14,2025-08-24,2025-09-06,2025-08-24|2025-08-25|2025-08-26|2025-08-27|2025-08-28|2025-08-29|2025-08-30|2025-08-31|2025-09-01|2025-09-02|2025-09-03|2025-09-04|2025-09-05|2025-09-06,70569.14942115598,632.5101735398858,2348.268726264746
2025-09-08,14,2025-08-25,2025-09-07,2025-08-25|2025-08-26|2025-08-27|2025-08-28|2025-08-29|2025-08-30|2025-08-31|2025-09-01|2025-09-02|2025-09-03|2025-09-04|2025-09-05|2025-09-06|2025-09-07,65266.42370662774,673.0909588999359,2491.0202419569146
2025-09-09,14,2025-08-26,2025-09-08,2025-08-26|2025-08-27|2025-08-28|2025-08-29|2025-08-30|2025-08-31|2025-09-01|2025-09-02|2025-09-03|2025-09-04|2025-09-05|2025-09-06|2025-09-07|2025-09-08,65422.64216076834,681.628215978942,2552.7885225104123
2025-09-10,14,2025-08-27,2025-09-09,2025-08-27|2025-08-28|2025-08-29|2025-08-30|2025-08-31|2025-09-01|2025-09-02|2025-09-03|2025-09-04|2025-09-05|2025-09-06|2025-09-07|2025-09-08|2025-09-09,64584.632399043105,662.2996700173359,2455.841939822791
2025-09-11,14,2025-08-28,2025-09-10,2025-08-28|2025-08-29|2025-08-30|2025-08-31|2025-09-01|2025-09-02|2025-09-03|2025-09-04|2025-09-05|2025-09-06|2025-09-07|2025-09-08|2025-09-09|2025-09-10,65263.655999464216,786.847433582158,2944.88086493909
2025-09-12,14,2025-08-29,2025-09-11,2025-08-29|2025-08-30|2025-08-31|2025-09-01|2025-09-02|2025-09-03|2025-09-04|2025-09-05|2025-09-06|2025-09-07|2025-09-08|2025-09-09|2025-09-10|2025-09-11,18052.840479893035,355.2500718716011,1298.1477084589062
2025-09-13,14,2025-08-30,2025-09-12,2025-08-30|2025-08-31|2025-09-01|2025-09-02|2025-09-03|2025-09-04|2025-09-05|2025-09-06|2025-09-07|2025-09-08|2025-09-09|2025-09-10|2025-09-11|2025-09-12,17593.912355858854,461.42042593668344,1811.2165850478916
2025-09-14,14,2025-08-31,2025-09-13,2025-08-31|2025-09-01|2025-09-02|2025-09-03|2025-09-04|2025-09-05|2025-09-06|2025-09-07|2025-09-08|2025-09-09|2025-09-10|2025-09-11|2025-09-12|2025-09-13,61602.30483174195,677.4774756822861,2707.6875794192542
2025-09-15,14,2025-09-01,2025-09-14,2025-09-01|2025-09-02|2025-09-03|2025-09-04|2025-09-05|2025-09-06|2025-09-07|2025-09-08|2025-09-09|2025-09-10|2025-09-11|2025-09-12|2025-09-13|2025-09-14,59026.485136110954,586.7583702682414,2287.0134368339536
2025-09-16,14,2025-09-02,2025-09-15,2025-09-02|2025-09-03|2025-09-04|2025-09-05|2025-09-06|2025-09-07|2025-09-08|2025-09-09|2025-09-10|2025-09-11|2025-09-12|2025-09-13|2025-09-14|2025-09-15,58947.60998587785,597.1778100165575,2325.7598860859266
2025-09-17,14,2025-09-03,2025-09-16,2025-09-03|2025-09-04|2025-09-05|2025-09-06|2025-09-07|2025-09-08|2025-09-09|2025-09-10|2025-09-11|2025-09-12|2025-09-13|2025-09-14|2025-09-15|2025-09-16,60617.00077192112,644.4009623057274,2445.3120822308074
2025-09-18,14,2025-09-04,2025-09-17,2025-09-04|2025-09-05|2025-09-06|2025-09-07|2025-09-08|2025-09-09|2025-09-10|2025-09-11|2025-09-12|2025-09-13|2025-09-14|2025-09-15|2025-09-16|2025-09-17,61363.182125725194,589.9401670167392,2231.9067183539946
2025-09-19,14,2025-09-05,2025-09-18,2025-09-05|2025-09-06|2025-09-07|2025-09-08|2025-09-09|2025-09-10|2025-09-11|2025-09-12|2025-09-13|2025-09-14|2025-09-15|2025-09-16|2025-09-17|2025-09-18,17198.73893596338,249.93314244033175,971.6687566096149
2025-09-20,14,2025-09-06,2025-09-19,2025-09-06|2025-09-07|2025-09-08|2025-09-09|2025-09-10|2025-09-11|2025-09-12|2025-09-13|2025-09-14|2025-09-15|2025-09-16|2025-09-17|2025-09-18|2025-09-19,18764.367147818324,243.35277164993522,924.0633863012091
2025-09-21,14,2025-09-07,2025-09-20,2025-09-07|2025-09-08|2025-09-09|2025-09-10|2025-09-11|2025-09-12|2025-09-13|2025-09-14|2025-09-15|2025-09-16|2025-09-17|2025-09-18|2025-09-19|2025-09-20,65786.24489270017,509.64073382621524,1981.2074508794733
2025-09-22,14,2025-09-08,2025-09-21,2025-09-08|2025-09-09|2025-09-10|2025-09-11|2025-09-12|2025-09-13|2025-09-14|2025-09-15|2025-09-16|2025-09-17|2025-09-18|2025-09-19|2025-09-20|2025-09-21,63321.12972878198,470.9999758437604,1809.0429720970192
2025-09-23,14,2025-09-09,2025-09-22,2025-09-09|2025-09-10|2025-09-11|2025-09-12|2025-09-13|2025-09-14|2025-09-15|2025-09-16|2025-09-17|2025-09-18|2025-09-19|2025-09-20|2025-09-21|2025-09-22,64680.63934154494,484.61033389409437,1856.3027871200488
2025-09-24,14,2025-09-10,2025-09-23,2025-09-10|2025-09-11|2025-09-12|2025-09-13|2025-09-14|2025-09-15|2025-09-16|2025-09-17|2025-09-18|2025-09-19|2025-09-20|2025-09-21|2025-09-22|2025-09-23,65274.19361403945,506.4748984194351,1973.5099852500514
2025-09-25,14,2025-09-11,2025-09-24,2025-09-11|2025-09-12|2025-09-13|2025-09-14|2025-09-15|2025-09-16|2025-09-17|2025-09-18|2025-09-19|2025-09-20|2025-09-21|2025-09-22|2025-09-23|2025-09-24,65003.32238048991,451.83613454569786,1770.746712175312
2025-09-26,14,2025-09-12,2025-09-25,2025-09-12|2025-09-13|2025-09-14|2025-09-15|2025-09-16|2025-09-17|2025-09-18|2025-09-19|2025-09-20|2025-09-21|2025-09-22|2025-09-23|2025-09-24|2025-09-25,20072.722438859433,244.96452034834076,951.3961415025608
2025-09-27,14,2025-09-13,2025-09-26,2025-09-13|2025-09-14|2025-09-15|2025-09-16|2025-09-17|2025-09-18|2025-09-19|2025-09-20|2025-09-21|2025-09-22|2025-09-23|2025-09-24|2025-09-25|2025-09-26,20870.779886908993,229.96219714274983,898.9378899632236
2025-09-28,14,2025-09-14,2025-09-27,2025-09-14|2025-09-15|2025-09-16|2025-09-17|2025-09-18|2025-09-19|2025-09-20|2025-09-21|2025-09-22|2025-09-23|2025-09-24|2025-09-25|2025-09-26|2025-09-27,67222.20050971839,469.0750529789766,1876.3759822556133
2025-09-29,14,2025-09-15,2025-09-28,2025-09-15|2025-09-16|2025-09-17|2025-09-18|2025-09-19|2025-09-20|2025-09-21|2025-09-22|2025-09-23|2025-09-24|2025-09-25|2025-09-26|2025-09-27|2025-09-28,66671.93069035305,481.13192753638356,1909.7149112934658
2025-09-30,14,2025-09-16,2025-09-29,2025-09-16|2025-09-17|2025-09-18|2025-09-19|2025-09-20|2025-09-21|2025-09-22|2025-09-23|2025-09-24|2025-09-25|2025-09-26|2025-09-27|2025-09-28|2025-09-29,67476.76977824149,493.88170007539935,2000.4068773593483
2025-10-01,14,2025-09-17,2025-09-30,2025-09-17|2025-09-18|2025-09-19|2025-09-20|2025-09-21|2025-09-22|2025-09-23|2025-09-24|2025-09-25|2025-09-26|2025-09-27|2025-09-28|2025-09-29|2025-09-30,68202.78489451527,461.2520314235086,1888.6516829718564
2025-10-02,14,2025-09-18,2025-10-01,2025-09-18|2025-09-19|2025-09-20|2025-09-21|2025-09-22|2025-09-23|2025-09-24|2025-09-25|2025-09-26|2025-09-27|2025-09-28|2025-09-29|2025-09-30|2025-10-01,66579.91852361777,464.4851868317793,1866.6269626783107
2025-10-03,14,2025-09-19,2025-10-02,2025-09-19|2025-09-20|2025-09-21|2025-09-22|2025-09-23|2025-09-24|2025-09-25|2025-09-26|2025-09-27|2025-09-28|2025-09-29|2025-09-30|2025-10-01|2025-10-02,19939.05430967985,225.6190562809689,909.3714586775588
2025-10-04,14,2025-09-20,2025-10-03,2025-09-20|2025-09-21|2025-09-22|2025-09-23|2025-09-24|2025-09-25|2025-09-26|2025-09-27|2025-09-28|2025-09-29|2025-09-30|2025-10-01|2025-10-02|2025-10-03,19239.053043696542,228.5210706396653,914.2778712765075
2025-10-05,14,2025-09-21,2025-10-04,2025-09-21|2025-09-22|2025-09-23|2025-09-24|2025-09-25|2025-09-26|2025-09-27|2025-09-28|2025-09-29|2025-09-30|2025-10-01|2025-10-02|2025-10-03|2025-10-04,63968.74895900964,449.71208834735233,1836.7595790205964
2025-10-06,14,2025-09-22,2025-10-05,2025-09-22|2025-09-23|2025-09-24|2025-09-25|2025-09-26|2025-09-27|2025-09-28|2025-09-29|2025-09-30|2025-10-01|2025-10-02|2025-10-03|2025-10-04|2025-10-05,63484.2534191388,442.89126739199037,1811.9591501597013
2025-10-07,14,2025-09-23,2025-10-06,2025-09-23|2025-09-24|2025-09-25|2025-09-26|2025-09-27|2025-09-28|2025-09-29|2025-09-30|2025-10-01|2025-10-02|2025-10-03|2025-10-04|2025-10-05|2025-10-06,63214.40820919482,446.21073935533957,1823.253540823536
2025-10-08,14,2025-09-24,2025-10-07,2025-09-24|2025-09-25|2025-09-26|2025-09-27|2025-09-28|2025-09-29|2025-09-30|2025-10-01|2025-10-02|2025-10-03|2025-10-04|2025-10-05|2025-10-06|2025-10-07,60601.956650487846,464.6420574961534,1910.7431610632952
2025-10-09,14,2025-09-25,2025-10-08,2025-09-25|2025-09-26|2025-09-27|2025-09-28|2025-09-29|2025-09-30|2025-10-01|2025-10-02|2025-10-03|2025-10-04|2025-10-05|2025-10-06|2025-10-07|2025-10-08,61400.17572337807,467.18911997134455,1894.7963629378937
2025-10-10,14,2025-09-26,2025-10-09,2025-09-26|2025-09-27|2025-09-28|2025-09-29|2025-09-30|2025-10-01|2025-10-02|2025-10-03|2025-10-04|2025-10-05|2025-10-06|2025-10-07|2025-10-08|2025-10-09,16083.247096447842,216.2535352536317,921.6001321120908
2025-10-11,14,2025-09-27,2025-10-10,2025-09-27|2025-09-28|2025-09-29|2025-09-30|2025-10-01|2025-10-02|2025-10-03|2025-10-04|2025-10-05|2025-10-06|2025-10-07|2025-10-08|2025-10-09|2025-10-10,16762.336544629936,222.94896722084792,955.7318050558359
2025-10-12,14,2025-09-28,2025-10-11,2025-09-28|2025-09-29|2025-09-30|2025-10-01|2025-10-02|2025-10-03|2025-10-04|2025-10-05|2025-10-06|2025-10-07|2025-10-08|2025-10-09|2025-10-10|2025-10-11,61831.05527750455,433.9032029027049,1773.9275066652958
2025-10-13,14,2025-09-29,2025-10-12,2025-09-29|2025-09-30|2025-10-01|2025-10-02|2025-10-03|2025-10-04|2025-10-05|2025-10-06|2025-10-07|2025-10-08|2025-10-09|2025-10-10|2025-10-11|2025-10-12,62609.53288743632,420.11188280688145,1709.4615480935047
2025-10-14,14,2025-09-30,2025-10-13,2025-09-30|2025-10-01|2025-10-02|2025-10-03|2025-10-04|2025-10-05|2025-10-06|2025-10-07|2025-10-08|2025-10-09|2025-10-10|2025-10-11|2025-10-12|2025-10-13,62257.32309339481,379.02665322296707,1481.9514407194795
2025-10-15,14,2025-10-01,2025-10-14,2025-10-01|2025-10-02|2025-10-03|2025-10-04|2025-10-05|2025-10-06|2025-10-07|2025-10-08|2025-10-09|2025-10-10|2025-10-11|2025-10-12|2025-10-13|2025-10-14,61248.756773332956,335.36466201185186,1241.1617513571728
2025-10-16,14,2025-10-02,2025-10-15,2025-10-02|2025-10-03|2025-10-04|2025-10-05|2025-10-06|2025-10-07|2025-10-08|2025-10-09|2025-10-10|2025-10-11|2025-10-12|2025-10-13|2025-10-14|2025-10-15,62662.39936042712,364.4050853256067,1390.7742780316107
2025-10-17,14,2025-10-03,2025-10-16,2025-10-03|2025-10-04|2025-10-05|2025-10-06|2025-10-07|2025-10-08|2025-10-09|2025-10-10|2025-10-11|2025-10-12|2025-10-13|2025-10-14|2025-10-15|2025-10-16,18826.232399640936,169.09952992428444,645.5667217446764
2025-10-18,14,2025-10-04,2025-10-17,2025-10-04|2025-10-05|2025-10-06|2025-10-07|2025-10-08|2025-10-09|2025-10-10|2025-10-11|2025-10-12|2025-10-13|2025-10-14|2025-10-15|2025-10-16|2025-10-17,20463.15224841427,170.69646406133066,652.4866465788618
2025-10-19,14,2025-10-05,2025-10-18,2025-10-05|2025-10-06|2025-10-07|2025-10-08|2025-10-09|2025-10-10|2025-10-11|2025-10-12|2025-10-13|2025-10-14|2025-10-15|2025-10-16|2025-10-17|2025-10-18,66349.21981943959,398.1690967900581,1526.6052803508176
2025-10-20,14,2025-10-06,2025-10-19,2025-10-06|2025-10-07|2025-10-08|2025-10-09|2025-10-10|2025-10-11|2025-10-12|2025-10-13|2025-10-14|2025-10-15|2025-10-16|2025-10-17|2025-10-18|2025-10-19,67776.24635725659,390.8416407855091,1465.7563071500244
2025-10-21,14,2025-10-07,2025-10-20,2025-10-07|2025-10-08|2025-10-09|2025-10-10|2025-10-11|2025-10-12|2025-10-13|2025-10-14|2025-10-15|2025-10-16|2025-10-17|2025-10-18|2025-10-19|2025-10-20,68985.29245276634,418.60643336092846,1632.1636724533353
2025-10-22,14,2025-10-08,2025-10-21,2025-10-08|2025-10-09|2025-10-10|2025-10-11|2025-10-12|2025-10-13|2025-10-14|2025-10-15|2025-10-16|2025-10-17|2025-10-18|2025-10-19|2025-10-20|2025-10-21,69086.6110771013,430.7162417643898,1670.82005284592
2025-10-23,14,2025-10-09,2025-10-22,2025-10-09|2025-10-10|2025-10-11|2025-10-12|2025-10-13|2025-10-14|2025-10-15|2025-10-16|2025-10-17|2025-10-18|2025-10-19|2025-10-20|2025-10-21|2025-10-22,69964.93980221928,435.6171059080617,1735.1008460501628
2025-10-24,14,2025-10-10,2025-10-23,2025-10-10|2025-10-11|2025-10-12|2025-10-13|2025-10-14|2025-10-15|2025-10-16|2025-10-17|2025-10-18|2025-10-19|2025-10-20|2025-10-21|2025-10-22|2025-10-23,24504.703432557857,202.176713642101,782.6186949039342
2025-10-25,14,2025-10-11,2025-10-24,2025-10-11|2025-10-12|2025-10-13|2025-10-14|2025-10-15|2025-10-16|2025-10-17|2025-10-18|2025-10-19|2025-10-20|2025-10-21|2025-10-22|2025-10-23|2025-10-24,25080.291192134304,209.13703922864428,807.086983713067
2025-10-26,14,2025-10-12,2025-10-25,2025-10-12|2025-10-13|2025-10-14|2025-10-15|2025-10-16|2025-10-17|2025-10-18|2025-10-19|2025-10-20|2025-10-21|2025-10-22|2025-10-23|2025-10-24|2025-10-25,71157.2662146147,463.98472251867224,1860.0354743339904
2025-10-27,14,2025-10-13,2025-10-26,2025-10-13|2025-10-14|2025-10-15|2025-10-16|2025-10-17|2025-10-18|2025-10-19|2025-10-20|2025-10-21|2025-10-22|2025-10-23|2025-10-24|2025-10-25|2025-10-26,71395.23742302842,471.9536974746949,1890.948548818062
2025-10-28,14,2025-10-14,2025-10-27,2025-10-14|2025-10-15|2025-10-16|2025-10-17|2025-10-18|2025-10-19|2025-10-20|2025-10-21|2025-10-22|2025-10-23|2025-10-24|2025-10-25|2025-10-26|2025-10-27,71453.15708421785,445.6289416500161,1789.0410651152165
2025-10-29,14,2025-10-15,2025-10-28,2025-10-15|2025-10-16|2025-10-17|2025-10-18|2025-10-19|2025-10-20|2025-10-21|2025-10-22|2025-10-23|2025-10-24|2025-10-25|2025-10-26|2025-10-27|2025-10-28,70671.28655268927,439.57156753741737,1770.2874479232742
2025-10-30,14,2025-10-16,2025-10-29,2025-10-16|2025-10-17|2025-10-18|2025-10-19|2025-10-20|2025-10-21|2025-10-22|2025-10-23|2025-10-24|2025-10-25|2025-10-26|2025-10-27|2025-10-28|2025-10-29,71149.11915876056,460.5201318454222,1825.387769097673
2025-10-31,14,2025-10-17,2025-10-30,2025-10-17|2025-10-18|2025-10-19|2025-10-20|2025-10-21|2025-10-22|2025-10-23|2025-10-24|2025-10-25|2025-10-26|2025-10-27|2025-10-28|2025-10-29|2025-10-30,25707.33707759009,188.37111035024768,722.7655691713352
2025-11-01,14,2025-10-18,2025-10-31,2025-10-18|2025-10-19|2025-10-20|2025-10-21|2025-10-22|2025-10-23|2025-10-24|2025-10-25|2025-10-26|2025-10-27|2025-10-28|2025-10-29|2025-10-30|2025-10-31,26759.263399031828,180.12445448830638,720.8485598989308
2025-11-02,14,2025-10-19,2025-11-01,2025-10-19|2025-10-20|2025-10-21|2025-10-22|2025-10-23|2025-10-24|2025-10-25|2025-10-26|2025-10-27|2025-10-28|2025-10-29|2025-10-30|2025-10-31|2025-11-01,72917.05142565753,415.50343016340724,1649.5177189262938
2025-11-03,14,2025-10-20,2025-11-02,2025-10-20|2025-10-21|2025-10-22|2025-10-23|2025-10-24|2025-10-25|2025-10-26|2025-10-27|2025-10-28|2025-10-29|2025-10-30|2025-10-31|2025-11-01|2025-11-02,73553.26532751019,389.5284205775598,1552.0244004093727
2025-11-04,14,2025-10-21,2025-11-03,2025-10-21|2025-10-22|2025-10-23|2025-10-24|2025-10-25|2025-10-26|2025-10-27|2025-10-28|2025-10-29|2025-10-30|2025-10-31|2025-11-01|2025-11-02|2025-11-03,74234.85623156712,387.8504221124692,1540.3435419646084
2025-11-05,14,2025-10-22,2025-11-04,2025-10-22|2025-10-23|2025-10-24|2025-10-25|2025-10-26|2025-10-27|2025-10-28|2025-10-29|2025-10-30|2025-10-31|2025-11-01|2025-11-02|2025-11-03|2025-11-04,74021.4596088442,438.02127859606964,1716.3095994551697
2025-11-06,14,2025-10-23,2025-11-05,2025-10-23|2025-10-24|2025-10-25|2025-10-26|2025-10-27|2025-10-28|2025-10-29|2025-10-30|2025-10-31|2025-11-01|2025-11-02|2025-11-03|2025-11-04|2025-11-05,73446.77084005132,421.08687785483295,1618.5026904981555
2025-11-07,14,2025-10-24,2025-11-06,2025-10-24|2025-10-25|2025-10-26|2025-10-27|2025-10-28|2025-10-29|2025-10-30|2025-10-31|2025-11-01|2025-11-02|2025-11-03|2025-11-04|2025-11-05|2025-11-06,29439.268448916213,176.82198403616465,694.4225091902007
2025-11-08,14,2025-10-25,2025-11-07,2025-10-25|2025-10-26|2025-10-27|2025-10-28|2025-10-29|2025-10-30|2025-10-31|2025-11-01|2025-11-02|2025-11-03|2025-11-04|2025-11-05|2025-11-06|2025-11-07,29404.4544534027,175.53429395429313,678.1115516890335
2025-11-09,14,2025-10-26,2025-11-08,2025-10-26|2025-10-27|2025-10-28|2025-10-29|2025-10-30|2025-10-31|2025-11-01|2025-11-02|2025-11-03|2025-11-04|2025-11-05|2025-11-06|2025-11-07|2025-11-08,75323.71294601168,417.2333203271914,1619.0648316343857
2025-11-10,14,2025-10-27,2025-11-09,2025-10-27|2025-10-28|2025-10-29|2025-10-30|2025-10-31|2025-11-01|2025-11-02|2025-11-03|2025-11-04|2025-11-05|2025-11-06|2025-11-07|2025-11-08|2025-11-09,75907.50144519017,425.28436163196824,1638.0902711149229
2025-11-11,14,2025-10-28,2025-11-10,2025-10-28|2025-10-29|2025-10-30|2025-10-31|2025-11-01|2025-11-02|2025-11-03|2025-11-04|2025-11-05|2025-11-06|2025-11-07|2025-11-08|2025-11-09|2025-11-10,76429.19356768465,414.3317176106681,1603.4166943177272
2025-11-12,14,2025-10-29,2025-11-11,2025-10-29|2025-10-30|2025-10-31|2025-11-01|2025-11-02|2025-11-03|2025-11-04|2025-11-05|2025-11-06|2025-11-07|2025-11-08|2025-11-09|2025-11-10|2025-11-11,77072.2828090369,393.04497105123886,1519.405044733976
2025-11-13,14,2025-10-30,2025-11-12,2025-10-30|2025-10-31|2025-11-01|2025-11-02|2025-11-03|2025-11-04|2025-11-05|2025-11-06|2025-11-07|2025-11-08|2025-11-09|2025-11-10|2025-11-11|2025-11-12,76685.40191618822,368.7678023252259,1450.6753296040238
2025-11-14,14,2025-10-31,2025-11-13,2025-10-31|2025-11-01|2025-11-02|2025-11-03|2025-11-04|2025-11-05|2025-11-06|2025-11-07|2025-11-08|2025-11-09|2025-11-10|2025-11-11|2025-11-12|2025-11-13,31683.705622740774,166.50476591213697,634.2234384103015
2025-11-15,14,2025-11-01,2025-11-14,2025-11-01|2025-11-02|2025-11-03|2025-11-04|2025-11-05|2025-11-06|2025-11-07|2025-11-08|2025-11-09|2025-11-10|2025-11-11|2025-11-12|2025-11-13|2025-11-14,32084.75147661347,190.2981424850477,682.6890597711136
2025-11-16,14,2025-11-02,2025-11-15,2025-11-02|2025-11-03|2025-11-04|2025-11-05|2025-11-06|2025-11-07|2025-11-08|2025-11-09|2025-11-10|2025-11-11|2025-11-12|2025-11-13|2025-11-14|2025-11-15,78490.1706795443,356.7628776585798,1424.772794108231
2025-11-17,14,2025-11-03,2025-11-16,2025-11-03|2025-11-04|2025-11-05|2025-11-06|2025-11-07|2025-11-08|2025-11-09|2025-11-10|2025-11-11|2025-11-12|2025-11-13|2025-11-14|2025-11-15|2025-11-16,79264.32379600228,345.54263498755205,1368.3096985834345
2025-11-18,14,2025-11-04,2025-11-17,2025-11-04|2025-11-05|2025-11-06|2025-11-07|2025-11-08|2025-11-09|2025-11-10|2025-11-11|2025-11-12|2025-11-13|2025-11-14|2025-11-15|2025-11-16|2025-11-17,78800.28035919294,337.3908668255894,1323.9264265449208
2025-11-19,14,2025-11-05,2025-11-18,2025-11-05|2025-11-06|2025-11-07|2025-11-08|2025-11-09|2025-11-10|2025-11-11|2025-11-12|2025-11-13|2025-11-14|2025-11-15|2025-11-16|2025-11-17|2025-11-18,79312.81466153442,332.15615603758306,1300.0245174814297
2025-11-20,14,2025-11-06,2025-11-19,2025-11-06|2025-11-07|2025-11-08|2025-11-09|2025-11-10|2025-11-11|2025-11-12|2025-11-13|2025-11-14|2025-11-15|2025-11-16|2025-11-17|2025-11-18|2025-11-19,79802.00125635984,329.9347891798332,1288.6501340891216
2025-11-21,14,2025-11-07,2025-11-20,2025-11-07|2025-11-08|2025-11-09|2025-11-10|2025-11-11|2025-11-12|2025-11-13|2025-11-14|2025-11-15|2025-11-16|2025-11-17|2025-11-18|2025-11-19|2025-11-20,34145.49771817532,263.8852677735525,962.2037016964533
2025-11-22,14,2025-11-08,2025-11-21,2025-11-08|2025-11-09|2025-11-10|2025-11-11|2025-11-12|2025-11-13|2025-11-14|2025-11-15|2025-11-16|2025-11-17|2025-11-18|2025-11-19|2025-11-20|2025-11-21,34404.811969026,271.59128071738763,973.2879508518948
2025-11-23,14,2025-11-09,2025-11-22,2025-11-09|2025-11-10|2025-11-11|2025-11-12|2025-11-13|2025-11-14|2025-11-15|2025-11-16|2025-11-17|2025-11-18|2025-11-19|2025-11-20|2025-11-21|2025-11-22,80509.57792550336,330.51857642278395,1258.9716946463893
2025-11-24,14,2025-11-10,2025-11-23,2025-11-10|2025-11-11|2025-11-12|2025-11-13|2025-11-14|2025-11-15|2025-11-16|2025-11-17|2025-11-18|2025-11-19|2025-11-20|2025-11-21|2025-11-22|2025-11-23,80574.41036921117,320.89738366937354,1194.4922744681971
2025-11-25,14,2025-11-11,2025-11-24,2025-11-11|2025-11-12|2025-11-13|2025-11-14|2025-11-15|2025-11-16|2025-11-17|2025-11-18|2025-11-19|2025-11-20|2025-11-21|2025-11-22|2025-11-23|2025-11-24,80306.08143493411,328.23492039594345,1217.5360616844007
2025-11-26,14,2025-11-12,2025-11-25,2025-11-12|2025-11-13|2025-11-14|2025-11-15|2025-11-16|2025-11-17|2025-11-18|2025-11-19|2025-11-20|2025-11-21|2025-11-22|2025-11-23|2025-11-24|2025-11-25,80608.13251216702,340.50843819621775,1266.6240235279572
2025-11-27,14,2025-11-13,2025-11-26,2025-11-13|2025-11-14|2025-11-15|2025-11-16|2025-11-17|2025-11-18|2025-11-19|2025-11-20|2025-11-21|2025-11-22|2025-11-23|2025-11-24|2025-11-25|2025-11-26,80734.5632721298,337.0092102060288,1263.0467301556712
2025-11-28,14,2025-11-14,2025-11-27,2025-11-14|2025-11-15|2025-11-16|2025-11-17|2025-11-18|2025-11-19|2025-11-20|2025-11-21|2025-11-22|2025-11-23|2025-11-24|2025-11-25|2025-11-26|2025-11-27,35035.074229854494,269.80510271672455,950.8222625930287
2025-11-29,14,2025-11-15,2025-11-28,2025-11-15|2025-11-16|2025-11-17|2025-11-18|2025-11-19|2025-11-20|2025-11-21|2025-11-22|2025-11-23|2025-11-24|2025-11-25|2025-11-26|2025-11-27|2025-11-28,35589.19161348016,270.68202519658877,967.3699479715543
2025-11-30,14,2025-11-16,2025-11-29,2025-11-16|2025-11-17|2025-11-18|2025-11-19|2025-11-20|2025-11-21|2025-11-22|2025-11-23|2025-11-24|2025-11-25|2025-11-26|2025-11-27|2025-11-28|2025-11-29,82190.47326787171,418.13723332494095,1531.0757369666464
2025-12-01,14,2025-11-17,2025-11-30,2025-11-17|2025-11-18|2025-11-19|2025-11-20|2025-11-21|2025-11-22|2025-11-23|2025-11-24|2025-11-25|2025-11-26|2025-11-27|2025-11-28|2025-11-29|2025-11-30,83052.57248476491,358.0195477194232,1330.3790458610365
2025-12-02,14,2025-11-18,2025-12-01,2025-11-18|2025-11-19|2025-11-20|2025-11-21|2025-11-22|2025-11-23|2025-11-24|2025-11-25|2025-11-26|2025-11-27|2025-11-28|2025-11-29|2025-11-30|2025-12-01,84281.627954197,544.2784455018248,2005.9459192963127
2025-12-03,14,2025-11-19,2025-12-02,2025-11-19|2025-11-20|2025-11-21|2025-11-22|2025-11-23|2025-11-24|2025-11-25|2025-11-26|2025-11-27|2025-11-28|2025-11-29|2025-11-30|2025-12-01|2025-12-02,86009.36482572049,674.6879831927401,2515.675700103677
2025-12-04,14,2025-11-20,2025-12-03,2025-11-20|2025-11-21|2025-11-22|2025-11-23|2025-11-24|2025-11-25|2025-11-26|2025-11-27|2025-11-28|2025-11-29|2025-11-30|2025-12-01|2025-12-02|2025-12-03,87840.98476719871,538.7976984547511,2022.6404848720392
2025-12-05,14,2025-11-21,2025-12-04,2025-11-21|2025-11-22|2025-11-23|2025-11-24|2025-11-25|2025-11-26|2025-11-27|2025-11-28|2025-11-29|2025-11-30|2025-12-01|2025-12-02|2025-12-03|2025-12-04,43585.263482843606,389.67572357197923,1380.8594782224452
2025-12-06,14,2025-11-22,2025-12-05,2025-11-22|2025-11-23|2025-11-24|2025-11-25|2025-11-26|2025-11-27|2025-11-28|2025-11-29|2025-11-30|2025-12-01|2025-12-02|2025-12-03|2025-12-04|2025-12-05,44818.38811704736,380.97845448797005,1320.6841007525857
2025-12-07,14,2025-11-23,2025-12-06,2025-11-23|2025-11-24|2025-11-25|2025-11-26|2025-11-27|2025-11-28|2025-11-29|2025-11-30|2025-12-01|2025-12-02|2025-12-03|2025-12-04|2025-12-05|2025-12-06,91313.37794777696,471.77675342217424,1754.921790510944
2025-12-08,14,2025-11-24,2025-12-07,2025-11-24|2025-11-25|2025-11-26|2025-11-27|2025-11-28|2025-11-29|2025-11-30|2025-12-01|2025-12-02|2025-12-03|2025-12-04|2025-12-05|2025-12-06|2025-12-07,94357.43653429586,462.1495838085571,1721.8890755782681
2025-12-09,14,2025-11-25,2025-12-08,2025-11-25|2025-11-26|2025-11-27|2025-11-28|2025-11-29|2025-11-30|2025-12-01|2025-12-02|2025-12-03|2025-12-04|2025-12-05|2025-12-06|2025-12-07|2025-12-08,94774.23113795424,451.7121544862916,1689.8248242805892
2025-12-10,14,2025-11-26,2025-12-09,2025-11-26|2025-11-27|2025-11-28|2025-11-29|2025-11-30|2025-12-01|2025-12-02|2025-12-03|2025-12-04|2025-12-05|2025-12-06|2025-12-07|2025-12-08|2025-12-09,94449.55773724361,451.07654573836265,1688.3242116546558
2025-12-11,14,2025-11-27,2025-12-10,2025-11-27|2025-11-28|2025-11-29|2025-11-30|2025-12-01|2025-12-02|2025-12-03|2025-12-04|2025-12-05|2025-12-06|2025-12-07|2025-12-08|2025-12-09|2025-12-10,94900.29806850149,437.15065908020915,1637.5727575426154
2025-12-12,14,2025-11-28,2025-12-11,2025-11-28|2025-11-29|2025-11-30|2025-12-01|2025-12-02|2025-12-03|2025-12-04|2025-12-05|2025-12-06|2025-12-07|2025-12-08|2025-12-09|2025-12-10|2025-12-11,49137.418304196035,384.6477613815999,1408.7949609581913
2025-12-13,14,2025-11-29,2025-12-12,2025-11-29|2025-11-30|2025-12-01|2025-12-02|2025-12-03|2025-12-04|2025-12-05|2025-12-06|2025-12-07|2025-12-08|2025-12-09|2025-12-10|2025-12-11|2025-12-12,50082.33666743745,387.18668659786084,1421.327890906846
2025-12-14,14,2025-11-30,2025-12-13,2025-11-30|2025-12-01|2025-12-02|2025-12-03|2025-12-04|2025-12-05|2025-12-06|2025-12-07|2025-12-08|2025-12-09|2025-12-10|2025-12-11|2025-12-12|2025-12-13,95704.17990570562,423.0642677683829,1612.061156474065
2025-12-15,14,2025-12-01,2025-12-14,2025-12-01|2025-12-02|2025-12-03|2025-12-04|2025-12-05|2025-12-06|2025-12-07|2025-12-08|2025-12-09|2025-12-10|2025-12-11|2025-12-12|2025-12-13|2025-12-14,97673.14759327543,411.0163495493502,1574.028666178136
2025-12-16,14,2025-12-02,2025-12-15,2025-12-02|2025-12-03|2025-12-04|2025-12-05|2025-12-06|2025-12-07|2025-12-08|2025-12-09|2025-12-10|2025-12-11|2025-12-12|2025-12-13|2025-12-14|2025-12-15,97661.78741071664,428.2536325802808,1681.6042090567037
2025-12-17,14,2025-12-03,2025-12-16,2025-12-03|2025-12-04|2025-12-05|2025-12-06|2025-12-07|2025-12-08|2025-12-09|2025-12-10|2025-12-11|2025-12-12|2025-12-13|2025-12-14|2025-12-15|2025-12-16,96951.24299254977,430.76183773744384,1653.3162257357728
2025-12-18,14,2025-12-04,2025-12-17,2025-12-04|2025-12-05|2025-12-06|2025-12-07|2025-12-08|2025-12-09|2025-12-10|2025-12-11|2025-12-12|2025-12-13|2025-12-14|2025-12-15|2025-12-16|2025-12-17,96099.39520569154,461.5101859782838,1741.014095774727
2025-12-19,14,2025-12-05,2025-12-18,2025-12-05|2025-12-06|2025-12-07|2025-12-08|2025-12-09|2025-12-10|2025-12-11|2025-12-12|2025-12-13|2025-12-14|2025-12-15|2025-12-16|2025-12-17|2025-12-18,50047.39259620063,440.93638773328075,1636.0163726173632
2025-12-20,14,2025-12-06,2025-12-19,2025-12-06|2025-12-07|2025-12-08|2025-12-09|2025-12-10|2025-12-11|2025-12-12|2025-12-13|2025-12-14|2025-12-15|2025-12-16|2025-12-17|2025-12-18|2025-12-19,49955.94009451714,398.4764084867502,1464.7339882260299
2025-12-21,14,2025-12-07,2025-12-20,2025-12-07|2025-12-08|2025-12-09|2025-12-10|2025-12-11|2025-12-12|2025-12-13|2025-12-14|2025-12-15|2025-12-16|2025-12-17|2025-12-18|2025-12-19|2025-12-20,94778.07899061436,368.70363141995,1386.3077282654262
2025-12-22,14,2025-12-08,2025-12-21,2025-12-08|2025-12-09|2025-12-10|2025-12-11|2025-12-12|2025-12-13|2025-12-14|2025-12-15|2025-12-16|2025-12-17|2025-12-18|2025-12-19|2025-12-20|2025-12-21,95434.31794453782,389.12537888128384,1462.584768592573
2025-12-23,14,2025-12-09,2025-12-22,2025-12-09|2025-12-10|2025-12-11|2025-12-12|2025-12-13|2025-12-14|2025-12-15|2025-12-16|2025-12-17|2025-12-18|2025-12-19|2025-12-20|2025-12-21|2025-12-22,95314.62150568026,382.4044385627403,1412.028375171233
2025-12-24,14,2025-12-10,2025-12-23,2025-12-10|2025-12-11|2025-12-12|2025-12-13|2025-12-14|2025-12-15|2025-12-16|2025-12-17|2025-12-18|2025-12-19|2025-12-20|2025-12-21|2025-12-22|2025-12-23,94485.28603686293,383.4583747553385,1409.27455414329
2025-12-25,14,2025-12-11,2025-12-24,2025-12-11|2025-12-12|2025-12-13|2025-12-14|2025-12-15|2025-12-16|2025-12-17|2025-12-18|2025-12-19|2025-12-20|2025-12-21|2025-12-22|2025-12-23|2025-12-24,93947.86987423064,395.84868625510575,1460.4184193350704
2025-12-26,14,2025-12-12,2025-12-25,2025-12-12|2025-12-13|2025-12-14|2025-12-15|2025-12-16|2025-12-17|2025-12-18|2025-12-19|2025-12-20|2025-12-21|2025-12-22|2025-12-23|2025-12-24|2025-12-25,48466.317436823454,343.1911404042152,1197.1934882766818
2025-12-27,14,2025-12-13,2025-12-26,2025-12-13|2025-12-14|2025-12-15|2025-12-16|2025-12-17|2025-12-18|2025-12-19|2025-12-20|2025-12-21|2025-12-22|2025-12-23|2025-12-24|2025-12-25|2025-12-26,48332.83231259752,313.98342586061295,1136.4456628535534
2025-12-28,14,2025-12-14,2025-12-27,2025-12-14|2025-12-15|2025-12-16|2025-12-17|2025-12-18|2025-12-19|2025-12-20|2025-12-21|2025-12-22|2025-12-23|2025-12-24|2025-12-25|2025-12-26|2025-12-27,93770.81670159983,334.3257233854616,1210.7721858762902
2025-12-29,14,2025-12-15,2025-12-28,2025-12-15|2025-12-16|2025-12-17|2025-12-18|2025-12-19|2025-12-20|2025-12-21|2025-12-22|2025-12-23|2025-12-24|2025-12-25|2025-12-26|2025-12-27|2025-12-28,94099.90179738593,343.4874369382651,1245.280279656173
2025-12-30,14,2025-12-16,2025-12-29,2025-12-16|2025-12-17|2025-12-18|2025-12-19|2025-12-20|2025-12-21|2025-12-22|2025-12-23|2025-12-24|2025-12-25|2025-12-26|2025-12-27|2025-12-28|2025-12-29,93490.38429587163,366.16505021995374,1333.517526211459
2025-12-31,14,2025-12-17,2025-12-30,2025-12-17|2025-12-18|2025-12-19|2025-12-20|2025-12-21|2025-12-22|2025-12-23|2025-12-24|2025-12-25|2025-12-26|2025-12-27|2025-12-28|2025-12-29|2025-12-30,92692.08252740023,388.21424961051514,1451.1190224113518
