date,variant,initial_soc_kwh,rho,objective,seconds,recovery_error,emergency_charging_slots
2025-02-01,greedy_closed,6000.0,0.9729222695628021,29265.990905180322,0.37705909996293485,7.275957614183426e-12,83
2025-02-01,dp_closed,6000.0,0.9729222695628021,29265.990905180322,0.38396830001147464,7.275957614183426e-12,83
2025-02-02,greedy_closed,6399.993174039125,0.9734740196876224,65246.21811318075,0.4771277999971062,7.275957614183426e-12,100
2025-02-02,dp_closed,6399.993174039125,0.9734740196876224,65246.21811318075,0.47733980003977194,7.275957614183426e-12,100
2025-02-03,greedy_closed,6564.876866148589,0.9656111461030065,64583.49480005112,0.5728772999718785,1.0913936421275139e-10,100
2025-02-03,dp_closed,6564.876866148589,0.9656111461030065,64583.49480005112,0.575983399990946,1.0913936421275139e-10,100
2025-02-04,greedy_closed,6916.60562179366,0.9592246375854695,64356.95947128303,0.5006620999774896,3.637978807091713e-11,98
2025-02-04,dp_closed,6916.60562179366,0.9592246375854695,64356.95947128303,0.5032483999966644,3.637978807091713e-11,98
2025-02-05,greedy_closed,6957.1321159523795,0.9554713090755867,62849.30600944876,0.48051860003033653,2.1827872842550278e-11,101
2025-02-05,dp_closed,6957.1321159523795,0.9554713090755867,62849.30600944876,0.4810148000251502,2.1827872842550278e-11,101
2025-02-06,greedy_closed,6811.37899765332,0.9525459484633293,62360.09645253655,0.3822863000095822,5.820766091346741e-11,120
2025-02-06,dp_closed,6811.37899765332,0.9525459484633293,62360.09645253655,0.3850664999918081,5.820766091346741e-11,120
2025-02-07,greedy_closed,6774.984265432543,0.9492635999714211,24858.81581799824,0.3842814000090584,0.0,84
2025-02-07,dp_closed,6774.984265432543,0.9492635999714211,24858.81581799824,0.38494570000329986,0.0,84
2025-02-08,greedy_closed,5708.558220345236,0.9492478197843063,23801.603274640293,0.6222833999781869,1.4551915228366852e-11,70
2025-02-08,dp_closed,5708.558220345236,0.9492478197843063,23801.603274640293,0.6440411999938078,1.4551915228366852e-11,70
2025-02-09,greedy_closed,5830.71233526164,0.9476778440050606,56811.46047051011,1.145301099983044,2.9103830456733704e-11,85
2025-02-09,dp_closed,5830.71233526164,0.9476778440050606,56811.46047051011,1.1467800000100397,2.9103830456733704e-11,85
2025-02-10,greedy_closed,6479.759049548944,0.92904280709686,56683.67740540884,0.9597697000135668,1.4551915228366852e-11,82
2025-02-10,dp_closed,6479.759049548944,0.92904280709686,56683.67740540884,0.963375499995891,1.4551915228366852e-11,82
2025-02-11,greedy_closed,6812.704866589507,0.8879327283537991,55877.23191912362,1.0575138999847695,8.003553375601768e-11,82
2025-02-11,dp_closed,6812.704866589507,0.8879327283537991,55877.23191912362,1.0695075999828987,8.003553375601768e-11,82
2025-02-12,greedy_closed,10385.253489243822,0.8808306704270775,51994.122320922834,0.9063848000369035,0.0,51
2025-02-12,dp_closed,10385.253489243822,0.8808306704270775,51994.122320922834,0.9045069999992847,0.0,51
2025-02-13,greedy_closed,10378.252898566578,0.8793676873732122,50344.6304944969,1.314200599968899,2.1827872842550278e-11,61
2025-02-13,dp_closed,10378.252898566578,0.8793676873732122,50344.6304944969,1.3099969999748282,2.1827872842550278e-11,61
2025-02-14,greedy_closed,10502.896204123019,0.8801166393771912,14788.825772643362,0.38076600001659244,0.0,0
2025-02-14,dp_closed,10502.896204123019,0.8801166393771912,14788.825772643362,0.38262260000919923,0.0,0
2025-02-15,greedy_closed,10172.411750205029,0.8834674090696549,14594.614949324678,0.37141170003451407,3.637978807091713e-12,0
2025-02-15,dp_closed,10172.411750205029,0.8834674090696549,14594.614949324678,0.37016240000957623,3.637978807091713e-12,0
2025-02-16,greedy_closed,9832.253977717655,0.8858344854420716,46475.24596574239,0.9994812000077218,4.3655745685100555e-11,66
2025-02-16,dp_closed,9832.253977717655,0.8858344854420716,46475.24596574239,0.9949083999963477,4.3655745685100555e-11,66
2025-02-17,greedy_closed,10057.266970958604,0.8879621861637691,46054.84896804232,1.0316556000034325,1.4551915228366852e-11,65
2025-02-17,dp_closed,10057.266970958604,0.8879621861637691,46054.84896804232,1.0269489999627694,1.4551915228366852e-11,65
2025-02-18,greedy_closed,10024.57526525997,0.8920973334551819,45588.663363237116,0.7971393999760039,2.1827872842550278e-11,63
2025-02-18,dp_closed,10024.57526525997,0.8920973334551819,45588.663363237116,0.7942555000190623,2.1827872842550278e-11,63
2025-02-19,greedy_closed,10162.566004050215,0.894945686159216,45137.93768431861,0.954203300003428,2.1827872842550278e-11,72
2025-02-19,dp_closed,10162.566004050215,0.894945686159216,45137.93768431861,0.9545334999565966,2.1827872842550278e-11,72
2025-02-20,greedy_closed,9705.793251381328,0.8963587041292511,44968.634796080885,1.20074649999151,2.1827872842550278e-11,75
2025-02-20,dp_closed,9705.793251381328,0.8963587041292511,44968.634796080885,1.1962858999613672,2.1827872842550278e-11,75
2025-02-21,greedy_closed,10062.423780143108,0.8942015792244982,13649.203508484912,0.3279455000301823,1.0913936421275139e-11,0
2025-02-21,dp_closed,10062.423780143108,0.8942015792244982,13649.203508484912,0.32595419994322583,1.0913936421275139e-11,0
2025-02-22,greedy_closed,10030.008424675487,0.8944099779050245,13385.62299721376,0.32432780001545325,5.4569682106375694e-12,0
2025-02-22,dp_closed,10030.008424675487,0.8944099779050245,13385.62299721376,0.3227700999705121,5.4569682106375694e-12,0
2025-02-23,greedy_closed,9717.2300875,0.8938181431352774,43117.97963832909,1.0635121999657713,0.0,62
2025-02-23,dp_closed,9717.2300875,0.8938181431352774,43117.97963832909,1.0684219999820925,0.0,62
2025-02-24,greedy_closed,9777.138218889544,0.8927049148162808,42653.0653954153,1.077581999998074,1.4551915228366852e-11,67
2025-02-24,dp_closed,9777.138218889544,0.8927049148162808,42653.0653954153,1.0778730000020005,1.4551915228366852e-11,67
2025-02-25,greedy_closed,9658.8071085,0.8917163069389401,42343.40146910403,0.9850001999875531,3.637978807091713e-11,65
2025-02-25,dp_closed,9658.8071085,0.8917163069389401,42343.40146910403,0.9901676999870688,3.637978807091713e-11,65
2025-02-26,greedy_closed,9645.296355661032,0.8979133060787573,41607.93956104892,1.0445407000370324,2.1827872842550278e-11,56
2025-02-26,dp_closed,9645.296355661032,0.8979133060787573,41607.93956104892,1.0365294000366703,2.1827872842550278e-11,56
2025-02-27,greedy_closed,9773.794570500002,0.8982002292290022,41165.949459761025,1.2083214000449516,0.0,55
2025-02-27,dp_closed,9773.794570500002,0.8982002292290022,41165.949459761025,1.2032608999870718,0.0,55
2025-02-28,greedy_closed,9856.494183305022,0.9034539816443761,12552.986911704806,0.32100620004348457,7.275957614183426e-12,0
2025-02-28,dp_closed,9856.494183305022,0.9034539816443761,12552.986911704806,0.3245163999963552,7.275957614183426e-12,0
2025-03-01,greedy_closed,9778.08901673693,0.9006486413096256,12320.341641743318,0.3478977999766357,7.275957614183426e-12,0
2025-03-01,dp_closed,9778.08901673693,0.9006486413096256,12320.341641743318,0.3494738999870606,7.275957614183426e-12,0
2025-03-02,greedy_closed,9643.8831075,0.9012943540377426,39822.90041126087,1.0864586000097916,1.4551915228366852e-11,48
2025-03-02,dp_closed,9643.8831075,0.9012943540377426,39822.90041126087,1.0882938000140712,1.4551915228366852e-11,48
2025-03-03,greedy_closed,9668.3636955,0.9079160484465163,40442.80954122615,1.2544020999921486,1.4551915228366852e-11,43
2025-03-03,dp_closed,9668.3636955,0.9079160484465163,40442.80954122615,1.26623979996657,1.4551915228366852e-11,43
2025-03-04,greedy_closed,9675.0808005,0.9087588739454682,41682.793277872915,1.2312181000015698,7.275957614183426e-12,56
2025-03-04,dp_closed,9675.0808005,0.9087588739454682,41682.793277872915,1.2051200999994762,7.275957614183426e-12,56
2025-03-05,greedy_closed,9587.48644275,0.9073650043226625,42298.038097542005,0.9610412999754772,2.1827872842550278e-11,56
2025-03-05,dp_closed,9587.48644275,0.9073650043226625,42298.038097542005,0.9612558999797329,2.1827872842550278e-11,56
2025-03-06,greedy_closed,9736.497120750002,0.9101005286231577,42314.425645771764,1.0372901000082493,2.9103830456733704e-11,55
2025-03-06,dp_closed,9736.497120750002,0.9101005286231577,42314.425645771764,1.0361742000095546,2.9103830456733704e-11,55
2025-03-07,greedy_closed,9672.1189995,0.9131573035552846,12181.115104832983,0.2704168000491336,0.0,0
2025-03-07,dp_closed,9672.1189995,0.9131573035552846,12181.115104832983,0.26746110001113266,0.0,0
2025-03-08,greedy_closed,9808.120845100535,0.9151381068744548,11770.41026939303,0.3431760999956168,1.8189894035458565e-12,0
2025-03-08,dp_closed,9808.120845100535,0.9151381068744548,11770.41026939303,0.3486487999907695,1.8189894035458565e-12,0
2025-03-09,greedy_closed,9995.706350896071,0.9179474473881948,40904.00036982916,1.0341660000267439,1.4551915228366852e-11,52
2025-03-09,dp_closed,9995.706350896071,0.9179474473881948,40904.00036982916,1.0289471999858506,1.4551915228366852e-11,52
2025-03-10,greedy_closed,9716.66950383598,0.9186126504971929,40169.27525778851,1.1437951000407338,7.275957614183426e-12,53
2025-03-10,dp_closed,9716.66950383598,0.9186126504971929,40169.27525778851,1.143993199977558,7.275957614183426e-12,53
2025-03-11,greedy_closed,9676.771056000003,0.9172651417793781,39751.262983405046,1.0203586000134237,2.1827872842550278e-11,53
2025-03-11,dp_closed,9676.771056000003,0.9172651417793781,39751.262983405046,1.0288219000212848,2.1827872842550278e-11,53
2025-03-12,greedy_closed,9848.653378555557,0.9176656742575232,39359.92176771285,1.197536499996204,7.275957614183426e-12,51
2025-03-12,dp_closed,9848.653378555557,0.9176656742575232,39359.92176771285,1.180562000023201,7.275957614183426e-12,51
2025-03-13,greedy_closed,9641.329166756783,0.915670001203218,38930.80828847375,1.1194015000364743,7.275957614183426e-12,51
2025-03-13,dp_closed,9641.329166756783,0.915670001203218,38930.80828847375,1.1157824999536388,7.275957614183426e-12,51
2025-03-14,greedy_closed,9628.309070884075,0.9150823117873732,11328.895374992233,0.2583998999907635,0.0,0
2025-03-14,dp_closed,9628.309070884075,0.9150823117873732,11328.895374992233,0.265036600001622,0.0,0
2025-03-15,greedy_closed,9904.84598775132,0.9165750675895075,11091.136812568562,0.2531237999792211,1.8189894035458565e-12,0
2025-03-15,dp_closed,9904.84598775132,0.9165750675895075,11091.136812568562,0.2534977000323124,1.8189894035458565e-12,0
2025-03-16,greedy_closed,9762.883464890067,0.9118508301385511,38376.51649170344,0.8339814000064507,7.275957614183426e-12,58
2025-03-16,dp_closed,9762.883464890067,0.9118508301385511,38376.51649170344,0.8229288999573328,7.275957614183426e-12,58
2025-03-17,greedy_closed,10050.29152912201,0.9121460744464013,38068.68856128308,0.8468015000107698,1.4551915228366852e-11,54
2025-03-17,dp_closed,10050.29152912201,0.9121460744464013,38068.68856128308,0.8347070000017993,1.4551915228366852e-11,54
2025-03-18,greedy_closed,10249.74075580423,0.9162442430075606,37108.65426911416,0.9271552999853157,2.9103830456733704e-11,49
2025-03-18,dp_closed,10249.74075580423,0.9162442430075606,37108.65426911416,0.9218892999924719,2.9103830456733704e-11,49
2025-03-19,greedy_closed,10146.489265407661,0.9172244298822215,37091.51451348358,0.8742605000152253,4.3655745685100555e-11,47
2025-03-19,dp_closed,10146.489265407661,0.9172244298822215,37091.51451348358,0.8721463000401855,4.3655745685100555e-11,47
2025-03-20,greedy_closed,10385.697675121042,0.9174721056693367,36655.79733257177,0.7898202000069432,4.3655745685100555e-11,45
2025-03-20,dp_closed,10385.697675121042,0.9174721056693367,36655.79733257177,0.8019572000484914,4.3655745685100555e-11,45
2025-03-21,greedy_closed,9784.581285000002,0.9163534225971844,10732.05581384148,0.2922454999643378,0.0,0
2025-03-21,dp_closed,9784.581285000002,0.9163534225971844,10732.05581384148,0.28081460000248626,0.0,0
2025-03-22,greedy_closed,10026.995161139135,0.9180099489549784,10631.706393865948,0.2641779000405222,0.0,0
2025-03-22,dp_closed,10026.995161139135,0.9180099489549784,10631.706393865948,0.2635528999962844,0.0,0
2025-03-23,greedy_closed,10146.499059364198,0.9165645667367834,35198.69356958378,0.8389096000464633,5.820766091346741e-11,40
2025-03-23,dp_closed,10146.499059364198,0.9165645667367834,35198.69356958378,0.8499057000153698,5.820766091346741e-11,40
2025-03-24,greedy_closed,10036.86990935344,0.9164645578472339,34729.514579138646,1.0069759000325575,2.9103830456733704e-11,41
2025-03-24,dp_closed,10036.86990935344,0.9164645578472339,34729.514579138646,1.023506500001531,2.9103830456733704e-11,41
2025-03-25,greedy_closed,9994.317758887682,0.9169666317260596,34741.84515648124,0.7807129000429995,2.9103830456733704e-11,45
2025-03-25,dp_closed,9994.317758887682,0.9169666317260596,34741.84515648124,0.7794870999641716,2.9103830456733704e-11,45
2025-03-26,greedy_closed,9663.218614778578,0.9175849659863338,35015.29232887047,0.9792037999723107,1.4551915228366852e-11,48
2025-03-26,dp_closed,9663.218614778578,0.9175849659863338,35015.29232887047,0.991901500034146,1.4551915228366852e-11,48
2025-03-27,greedy_closed,10186.944015226474,0.9188349717346551,34316.350642209814,0.9867970999912359,4.3655745685100555e-11,41
2025-03-27,dp_closed,10186.944015226474,0.9188349717346551,34316.350642209814,0.9993050000048243,4.3655745685100555e-11,41
2025-03-28,greedy_closed,9699.07551,0.9147698948266074,10124.05676198165,0.275566800031811,1.8189894035458565e-12,0
2025-03-28,dp_closed,9754.398029387376,0.9147698948266074,10102.29343607985,0.27869349997490644,1.8189894035458565e-12,0
2025-03-29,greedy_closed,10134.520301946963,0.9147456877710775,9968.489460586316,0.26386160001857206,3.637978807091713e-12,0
2025-03-29,dp_closed,10134.520301946963,0.9147456877710775,9968.489460586316,0.2728319999878295,3.637978807091713e-12,0
2025-03-30,greedy_closed,9829.14888,0.9148119827364177,32944.66316185211,0.8597562999930233,3.637978807091713e-11,40
2025-03-30,dp_closed,9829.14888,0.9148119827364177,32944.66316185211,0.866517600021325,3.637978807091713e-11,40
2025-03-31,greedy_closed,10279.476693177088,0.9146973596242695,32343.075292401096,0.8137142999912612,5.4569682106375694e-11,35
2025-03-31,dp_closed,10279.476693177088,0.9146973596242695,32343.075292401096,0.8152623000205494,5.4569682106375694e-11,35
2025-04-01,greedy_closed,10000.220475888891,0.9151687231821798,32353.73854906833,0.5867613999871537,2.9103830456733704e-11,39
2025-04-01,dp_closed,10000.220475888891,0.9151687231821798,32353.73854906833,0.594047499995213,2.9103830456733704e-11,39
2025-04-02,greedy_closed,9929.714414094813,0.9136817544409898,32249.67282470594,0.5046417000121437,4.001776687800884e-11,42
2025-04-02,dp_closed,9929.714414094813,0.9136817544409898,32249.67282470594,0.5063231999520212,4.001776687800884e-11,42
2025-04-03,greedy_closed,9882.0772681936,0.9148438726270901,32788.699559305445,0.6372522000456229,7.275957614183426e-12,47
2025-04-03,dp_closed,9882.0772681936,0.9148438726270901,32788.699559305445,0.6347396000055596,7.275957614183426e-12,47
2025-04-04,greedy_closed,10137.495556425149,0.9148017351423865,9580.165258713569,0.17989130003843457,1.8189894035458565e-12,0
2025-04-04,dp_closed,10137.495556425149,0.9148017351423865,9580.165258713569,0.17609870003070682,1.8189894035458565e-12,0
2025-04-05,greedy_closed,10381.023785432137,0.9154455441761109,9455.157884408945,0.16437549999682233,1.8189894035458565e-12,0
2025-04-05,dp_closed,10381.023785432137,0.9154455441761109,9455.157884408945,0.1676306999870576,1.8189894035458565e-12,0
2025-04-06,greedy_closed,9986.72640618518,0.9126811550074271,32226.68136252404,0.49104600003920496,1.8189894035458565e-11,35
2025-04-06,dp_closed,9986.72640618518,0.9126811550074271,32226.68136252404,0.49369089998072013,1.8189894035458565e-11,35
2025-04-07,greedy_closed,10218.049847125169,0.9106899789181966,31906.836685367067,0.5922078000148758,3.637978807091713e-12,29
2025-04-07,dp_closed,10218.049847125169,0.9106899789181966,31906.836685367067,0.6068182999733835,3.637978807091713e-12,29
2025-04-08,greedy_closed,10302.88353742947,0.9092200689311082,31614.952502619188,0.5379335000179708,1.0913936421275139e-11,28
2025-04-08,dp_closed,10302.88353742947,0.9092200689311082,31614.952502619188,0.5414373999810778,1.0913936421275139e-11,28
2025-04-09,greedy_closed,9747.218421000001,0.9054615895651967,31569.461649346198,0.5602627000189386,0.0,33
2025-04-09,dp_closed,9747.218421000001,0.9054615895651967,31569.461649346198,0.5583244999870658,0.0,33
2025-04-10,greedy_closed,9737.859846,0.9065694818962965,31892.00144848418,1.0027454999508336,1.0913936421275139e-11,36
2025-04-10,dp_closed,9737.859846,0.9065694818962965,31892.00144848418,0.9921427000081167,1.0913936421275139e-11,36
2025-04-11,greedy_closed,9904.697193000002,0.9053111564423629,9240.382636747481,0.25526250002440065,5.4569682106375694e-12,0
2025-04-11,dp_closed,9904.697193000002,0.9053111564423629,9240.382636747481,0.2598409000202082,5.4569682106375694e-12,0
2025-04-12,greedy_closed,10102.377527234128,0.9041827490365832,9326.675287666365,0.2539206999936141,5.4569682106375694e-12,0
2025-04-12,dp_closed,10102.377527234128,0.9041827490365832,9326.675287666365,0.25858600001083687,5.4569682106375694e-12,0
2025-04-13,greedy_closed,10268.920020252815,0.9017080926935558,30927.785798126155,0.806542599981185,2.546585164964199e-11,32
2025-04-13,dp_closed,10268.920020252815,0.9017080926935558,30927.785798126155,0.7980745000531897,2.546585164964199e-11,32
2025-04-14,greedy_closed,9910.403475,0.8971552112779401,30827.77274183625,0.8024814000236802,1.4551915228366852e-11,32
2025-04-14,dp_closed,9910.403475,0.8971552112779401,30827.77274183625,0.7928865000139922,1.4551915228366852e-11,32
2025-04-15,greedy_closed,10216.945067339777,0.8952822892825046,30732.768692430607,0.625144999998156,1.0913936421275139e-11,32
2025-04-15,dp_closed,10216.945067339777,0.8952822892825046,30732.768692430607,0.6522922000149265,1.0913936421275139e-11,32
2025-04-16,greedy_closed,10308.906454393229,0.8973331359756501,30360.73761638282,0.7377077999990433,7.275957614183426e-12,29
2025-04-16,dp_closed,10308.906454393229,0.8973331359756501,30360.73761638282,0.7349321999936365,7.275957614183426e-12,29
2025-04-17,greedy_closed,9773.295639000002,0.8901673715562263,30620.86328266709,0.8650079999933951,0.0,38
2025-04-17,dp_closed,9773.295639000002,0.8901673715562263,30620.86328266709,0.8691500999848358,0.0,38
2025-04-18,greedy_closed,10037.839068000001,0.888454183867303,8770.833378871,0.2521753999753855,1.8189894035458565e-12,0
2025-04-18,dp_closed,10037.839068000001,0.888454183867303,8770.833378871,0.26203240000177175,1.8189894035458565e-12,0
2025-04-19,greedy_closed,10587.939894795018,0.8852781483812625,8623.85974492751,0.2596701000002213,1.8189894035458565e-12,0
2025-04-19,dp_closed,10587.939894795018,0.8852781483812625,8623.85974492751,0.2531923999777064,1.8189894035458565e-12,0
2025-04-20,greedy_closed,10518.287047795078,0.8849303190220759,29806.852730975887,0.7492948999861255,2.1827872842550278e-11,32
2025-04-20,dp_closed,10518.287047795078,0.8849303190220759,29806.852730975887,0.7311982999672182,2.1827872842550278e-11,32
2025-04-21,greedy_closed,10387.392771901741,0.8808485139011748,29510.827417208537,0.7104207000229508,2.546585164964199e-11,29
2025-04-21,dp_closed,10387.392771901741,0.8808485139011748,29510.827417208537,0.7059143999940716,2.546585164964199e-11,29
2025-04-22,greedy_closed,10046.98592700939,0.8841846688580287,29543.906100706266,0.6575838000280783,1.4551915228366852e-11,29
2025-04-22,dp_closed,10046.98592700939,0.8841846688580287,29543.906100706266,0.6677823000354692,1.4551915228366852e-11,29
2025-04-23,greedy_closed,9778.633386000001,0.8833742517767673,29730.050763593008,0.6911469000042416,2.9103830456733704e-11,33
2025-04-23,dp_closed,9822.49884043499,0.8833742517767673,29709.831148842542,0.7608761000446975,3.637978807091713e-11,31
2025-04-24,greedy_closed,10493.352327308512,0.8835449102618587,29121.051599639955,0.7618590000201948,1.0913936421275139e-11,25
2025-04-24,dp_closed,10493.30158012424,0.8835449102618587,29121.072535672756,0.7763367999577895,1.0913936421275139e-11,25
2025-04-25,greedy_closed,10307.098093828079,0.8852910439362025,8087.191947263258,0.2473665999714285,3.637978807091713e-12,0
2025-04-25,dp_closed,10307.098093828079,0.8852910439362025,8087.191947263258,0.25495329999830574,3.637978807091713e-12,0
2025-04-26,greedy_closed,10118.526491158735,0.88072817805483,8083.841047560184,0.23940169997513294,3.637978807091713e-12,0
2025-04-26,dp_closed,10118.526491158735,0.88072817805483,8083.841047560184,0.2438821999821812,3.637978807091713e-12,0
2025-04-27,greedy_closed,9744.83418611111,0.8857825095054133,27799.77362890585,0.5736795999691822,3.637978807091713e-12,21
2025-04-27,dp_closed,9744.83418611111,0.8857825095054133,27799.77362890585,0.5629378999583423,3.637978807091713e-12,21
2025-04-28,greedy_closed,9819.673092,0.8848113595214826,27660.135374550686,0.47065419994760305,0.0,15
2025-04-28,dp_closed,9819.673092,0.8848113595214826,27660.135374550686,0.47352120000869036,0.0,15
2025-04-29,greedy_closed,9872.001867,0.8917589592357436,29104.634951331936,0.4596797999693081,1.8189894035458565e-11,33
2025-04-29,dp_closed,9872.001867,0.8917589592357436,29104.634951331936,0.46165900002233684,1.8189894035458565e-11,33
2025-04-30,greedy_closed,10006.389327638148,0.8933308335996369,28841.886324121187,0.5051358999917284,1.8189894035458565e-11,24
2025-04-30,dp_closed,10006.389327638148,0.8933308335996369,28841.886324121187,0.5085629999521188,1.8189894035458565e-11,24
2025-05-01,greedy_closed,10359.659031783069,0.8931811242323876,28452.472715135824,0.4303648000350222,1.0913936421275139e-11,22
2025-05-01,dp_closed,10359.659031783069,0.8931811242323876,28452.472715135824,0.4319139999570325,1.0913936421275139e-11,22
2025-05-02,greedy_closed,9062.899784851854,0.8892779645694998,8772.358226759683,0.15365880000172183,3.637978807091713e-12,0
2025-05-02,dp_closed,9062.899784851854,0.8892779645694998,8772.358226759683,0.15871690004132688,3.637978807091713e-12,0
2025-05-03,greedy_closed,9179.137018740743,0.8943689898624283,9346.95815073705,0.1594403000199236,9.094947017729282e-12,0
2025-05-03,dp_closed,9179.137018740743,0.8943689898624283,9346.95815073705,0.16049149999162182,9.094947017729282e-12,0
2025-05-04,greedy_closed,9290.743890402118,0.894216763833436,31181.04998976285,0.5730819999589585,0.0,40
2025-05-04,dp_closed,9290.743890402118,0.894216763833436,31181.04998976285,0.5775684000109322,0.0,40
2025-05-05,greedy_closed,8551.58100084302,0.8921013687263539,31609.93962627413,0.49453169998014346,1.0913936421275139e-11,43
2025-05-05,dp_closed,8551.58100084302,0.8921013687263539,31609.93962627413,0.4921468999818899,1.0913936421275139e-11,43
2025-05-06,greedy_closed,8116.64886214397,0.8929233252273006,31788.6246507685,0.6080478999647312,2.9103830456733704e-11,46
2025-05-06,dp_closed,8116.64886214397,0.8929233252273006,31788.6246507685,0.6180090999696404,2.9103830456733704e-11,46
2025-05-07,greedy_closed,7875.677439667778,0.8930474610687906,32130.808741108955,0.6264255999703892,1.4551915228366852e-11,38
2025-05-07,dp_closed,7875.677439667778,0.8930474610687906,32130.808741108955,0.6302506999927573,1.4551915228366852e-11,38
2025-05-08,greedy_closed,8104.778149403225,0.8920463833170894,33126.97523931535,0.8577541999984533,2.9103830456733704e-11,37
2025-05-08,dp_closed,8104.778149403225,0.8920463833170894,33126.97523931535,0.8686908000381663,2.9103830456733704e-11,37
2025-05-09,greedy_closed,8032.760990491086,0.8913499487136982,10961.733297675088,0.2987898000283167,1.8189894035458565e-12,0
2025-05-09,dp_closed,8032.760990491086,0.8913499487136982,10961.733297675088,0.29773560003377497,1.8189894035458565e-12,0
2025-05-10,greedy_closed,8820.658539182754,0.8902759889739048,10651.019484169023,0.2702041000011377,1.8189894035458565e-12,0
2025-05-10,dp_closed,8820.658539182754,0.8902759889739048,10651.019484169023,0.268829700013157,1.8189894035458565e-12,0
2025-05-11,greedy_closed,8351.202402076882,0.8917780766741805,33037.792887574265,0.8358271999750286,1.4551915228366852e-11,42
2025-05-11,dp_closed,8351.202402076882,0.8917780766741805,33037.792887574265,0.8374225000152364,1.4551915228366852e-11,42
2025-05-12,greedy_closed,8436.311098152524,0.8897279705017239,33555.24692924576,0.9369060999597423,0.0,47
2025-05-12,dp_closed,8436.311098152524,0.8897279705017239,33555.24692924576,0.9324487000121735,0.0,47
2025-05-13,greedy_closed,8705.04148033333,0.8939790398178552,33144.23055407832,0.7670476000057533,8.003553375601768e-11,43
2025-05-13,dp_closed,8705.04148033333,0.8939790398178552,33144.23055407832,0.7656692999880761,8.003553375601768e-11,43
2025-05-14,greedy_closed,9110.720020968258,0.8932246936057175,33150.14855591893,0.691319499979727,2.9103830456733704e-11,41
2025-05-14,dp_closed,9110.720020968258,0.8932246936057175,33150.14855591893,0.695679199998267,2.9103830456733704e-11,41
2025-05-15,greedy_closed,8730.667900845647,0.8943642399791739,33620.78936455099,0.8906973999692127,7.275957614183426e-12,44
2025-05-15,dp_closed,8730.667900845647,0.8943642399791739,33620.78936455099,0.9061256000422873,7.275957614183426e-12,44
2025-05-16,greedy_closed,9316.221688149592,0.8913099914047461,10631.664550586176,0.24980409996351227,3.637978807091713e-12,0
2025-05-16,dp_closed,9316.221688149592,0.8913099914047461,10631.664550586176,0.2569907000288367,3.637978807091713e-12,0
2025-05-17,greedy_closed,9033.260486687841,0.8938060781188208,10668.080821499148,0.2650694999611005,5.4569682106375694e-12,0
2025-05-17,dp_closed,9033.260486687841,0.8938060781188208,10668.080821499148,0.26730659999884665,5.4569682106375694e-12,0
2025-05-18,greedy_closed,8501.6961372963,0.8949126438536817,32761.269474325007,0.8207367999712005,4.3655745685100555e-11,39
2025-05-18,dp_closed,8501.6961372963,0.8949126438536817,32761.269474325007,0.8071314000408165,4.3655745685100555e-11,39
2025-05-19,greedy_closed,9295.33110885593,0.8949568653928631,32412.071339479786,0.8596755000180565,3.637978807091713e-12,36
2025-05-19,dp_closed,9295.33110885593,0.8949568653928631,32412.071339479786,0.8716362999984995,3.637978807091713e-12,36
2025-05-20,greedy_closed,9296.81871664429,0.8968492832339305,31990.50996299522,0.7583894999697804,7.275957614183426e-12,35
2025-05-20,dp_closed,9296.81871664429,0.8968492832339305,31990.50996299522,0.7609065999859013,7.275957614183426e-12,35
2025-05-21,greedy_closed,8370.4045858299,0.8977240208517003,32764.572494065025,0.9300046999705955,0.0,36
2025-05-21,dp_closed,8370.4045858299,0.8977240208517003,32764.572494065025,0.9154086000053212,0.0,36
2025-05-22,greedy_closed,8706.28192982653,0.8978791129918104,32907.71281651935,0.973504800000228,7.275957614183426e-12,32
2025-05-22,dp_closed,8706.28192982653,0.8978791129918104,32907.71281651935,0.9811606999719515,7.275957614183426e-12,32
2025-05-23,greedy_closed,10108.087072936705,0.8970024542436035,10517.716883736457,0.2645988999865949,1.2732925824820995e-11,0
2025-05-23,dp_closed,10108.087072936705,0.8970024542436035,10517.716883736457,0.25584140000864863,1.2732925824820995e-11,0
2025-05-24,greedy_closed,9697.467014227517,0.8953341372794754,10889.942493319344,0.27993630000855774,0.0,0
2025-05-24,dp_closed,9697.467014227517,0.8953341372794754,10889.942493319344,0.278868000023067,0.0,0
2025-05-25,greedy_closed,9834.579399804019,0.8944973177230909,31992.857322434375,0.8777805999852717,1.4551915228366852e-11,26
2025-05-25,dp_closed,9834.579399804019,0.8944973177230909,31992.857322434375,0.8759252000018023,1.4551915228366852e-11,26
2025-05-26,greedy_closed,9970.489508826118,0.89383306749472,31712.46898427219,0.8741609000135213,2.1827872842550278e-11,22
2025-05-26,dp_closed,9970.489508826118,0.89383306749472,31712.46898427219,0.868445799977053,2.1827872842550278e-11,22
2025-05-27,greedy_closed,9089.046736747103,0.8925073597405444,32797.21504411977,0.9940725999767892,2.1827872842550278e-11,34
2025-05-27,dp_closed,9089.046736747103,0.8925073597405444,32797.21504411977,0.9966506999917328,2.1827872842550278e-11,34
2025-05-28,greedy_closed,9941.841083290614,0.8921697137968794,32158.175200513895,0.6853101999731734,2.1827872842550278e-11,27
2025-05-28,dp_closed,9941.841083290614,0.8921697137968794,32158.175200513895,0.691825499990955,2.1827872842550278e-11,27
2025-05-29,greedy_closed,10193.435847057885,0.8849642193455725,31957.612006864896,0.6775391999981366,7.275957614183426e-12,20
2025-05-29,dp_closed,10193.435847057885,0.8849642193455725,31957.612006864896,0.702201799955219,7.275957614183426e-12,20
2025-05-30,greedy_closed,9403.916772122606,0.8835024566472249,11242.297031840859,0.2581495000049472,3.637978807091713e-12,0
2025-05-30,dp_closed,9403.916772122606,0.8835024566472249,11242.297031840859,0.27078840002650395,3.637978807091713e-12,0
2025-05-31,greedy_closed,9910.06044608407,0.8815942817203025,11322.611197006296,0.26480239996453747,1.0913936421275139e-11,0
2025-05-31,dp_closed,9910.06044608407,0.8815942817203025,11322.611197006296,0.27706189994933084,1.0913936421275139e-11,0
2025-06-01,greedy_closed,10800.0,0.8801074368999843,32519.361788130023,0.7390782000147738,1.0913936421275139e-11,24
2025-06-01,dp_closed,10800.0,0.8801074368999843,32519.361788130023,0.733187000034377,1.0913936421275139e-11,24
2025-06-02,greedy_closed,8289.56926515344,0.8942103827177583,35443.005579949306,1.0368649000301957,7.275957614183426e-12,40
2025-06-02,dp_closed,8289.56926515344,0.8942103827177583,35443.005579949306,1.0243550000013784,7.275957614183426e-12,40
2025-06-03,greedy_closed,8196.48670736259,0.9041603065616609,37396.69122372394,0.8294279000256211,2.1827872842550278e-11,53
2025-06-03,dp_closed,8196.48670736259,0.9041603065616609,37396.69122372394,0.8192073999671265,2.1827872842550278e-11,53
2025-06-04,greedy_closed,8238.421129357166,0.9081263006431373,39343.04774790302,1.0325119000044651,0.0,70
2025-06-04,dp_closed,8238.421129357166,0.9081263006431373,39343.04774790302,1.029219199961517,0.0,70
2025-06-05,greedy_closed,7763.16703402587,0.9123813968980801,41578.014736182864,0.8705057999468409,7.275957614183426e-11,77
2025-06-05,dp_closed,7763.16703402587,0.9123813968980801,41578.014736182864,0.8697069999761879,7.275957614183426e-11,77
2025-06-06,greedy_closed,7438.4123573306415,0.9165425962817813,15311.429955945594,0.3042892000521533,5.4569682106375694e-12,0
2025-06-06,dp_closed,7438.4123573306415,0.9165425962817813,15311.429955945594,0.31758189998799935,5.4569682106375694e-12,0
2025-06-07,greedy_closed,7168.735021486779,0.9240486096754055,16456.109986275347,0.3591145999962464,3.637978807091713e-12,0
2025-06-07,dp_closed,7168.735021486779,0.9240486096754055,16456.109986275347,0.3770621999865398,3.637978807091713e-12,0
2025-06-08,greedy_closed,7012.360843767195,0.9274601867503683,49678.2688139364,0.6732809999957681,7.275957614183426e-12,82
2025-06-08,dp_closed,7012.360843767195,0.9274601867503683,49678.2688139364,0.6891849000239745,7.275957614183426e-12,82
2025-06-09,greedy_closed,8176.0322329135815,0.9288326998093874,48213.51973648473,0.6321429999661632,2.1827872842550278e-11,76
2025-06-09,dp_closed,8176.0322329135815,0.9288326998093874,48213.51973648473,0.6525474999798462,2.1827872842550278e-11,76
2025-06-10,greedy_closed,7375.527898564566,0.9285951306531689,49037.92532679687,0.595049099996686,2.9103830456733704e-11,80
2025-06-10,dp_closed,7375.527898564566,0.9285951306531689,49037.92532679687,0.6156360000022687,2.9103830456733704e-11,80
2025-06-11,greedy_closed,8011.770526201198,0.928421925110722,49137.68250487477,0.5381835000007413,7.275957614183426e-12,78
2025-06-11,dp_closed,8011.770526201198,0.928421925110722,49137.68250487477,0.544421800004784,7.275957614183426e-12,78
2025-06-12,greedy_closed,7439.0681476583095,0.9287122311404519,50149.24074540135,0.6177641999674961,4.3655745685100555e-11,73
2025-06-12,dp_closed,7439.0681476583095,0.9287122311404519,50149.24074540135,0.6070451000123285,4.3655745685100555e-11,73
2025-06-13,greedy_closed,8247.139393039259,0.9291915649754589,18201.223921637025,0.34777780005242676,7.275957614183426e-12,2
2025-06-13,dp_closed,8247.139393039259,0.9291915649754589,18201.223921637025,0.3568389000138268,7.275957614183426e-12,2
2025-06-14,greedy_closed,8124.168662344634,0.929467973094318,18355.39944620396,0.4144664999912493,3.637978807091713e-12,1
2025-06-14,dp_closed,8124.168662344634,0.929467973094318,18355.39944620396,0.42440720001468435,3.637978807091713e-12,1
2025-06-15,greedy_closed,8247.587227478678,0.9298242775242909,50846.55700247752,0.5981910999980755,5.820766091346741e-11,70
2025-06-15,dp_closed,8247.587227478678,0.9298242775242909,50846.55700247752,0.6156303000170738,5.820766091346741e-11,70
2025-06-16,greedy_closed,9463.75353282011,0.9291668621755301,50689.71234670954,0.6757936999783851,1.4551915228366852e-11,67
2025-06-16,dp_closed,9463.75353282011,0.9291668621755301,50689.71234670954,0.694802800018806,1.4551915228366852e-11,67
2025-06-17,greedy_closed,9284.267864191524,0.927946580614414,51084.819161092084,0.6881815000087954,2.9103830456733704e-11,67
2025-06-17,dp_closed,9284.267864191524,0.927946580614414,51084.819161092084,0.7051622000290081,2.9103830456733704e-11,67
2025-06-18,greedy_closed,8788.96894193642,0.9278671187446339,51730.92064885278,0.8110046999645419,8.003553375601768e-11,71
2025-06-18,dp_closed,8788.96894193642,0.9278671187446339,51730.92064885278,0.8206625999882817,8.003553375601768e-11,71
2025-06-19,greedy_closed,9179.23363219039,0.9274800502810946,50984.545357723764,0.6718727999832481,1.4551915228366852e-11,69
2025-06-19,dp_closed,9179.23363219039,0.9274800502810946,50984.545357723764,0.6911176000139676,1.4551915228366852e-11,69
2025-06-20,greedy_closed,9200.138693256582,0.9276533414809679,18709.95211739547,0.41560910001862794,1.8189894035458565e-11,1
2025-06-20,dp_closed,9200.138693256582,0.9276533414809679,18709.95211739547,0.39554860000498593,1.8189894035458565e-11,1
2025-06-21,greedy_closed,9349.753837493252,0.9263912549389517,18609.16906932564,0.35722189996158704,7.275957614183426e-12,1
2025-06-21,dp_closed,9349.753837493252,0.9263912549389517,18609.16906932564,0.37031679996289313,7.275957614183426e-12,1
2025-06-22,greedy_closed,9751.138628037037,0.9271965220309389,50518.196782236766,0.5873696000198834,0.0,66
2025-06-22,dp_closed,9751.138628037037,0.9271965220309389,50518.196782236766,0.579682799987495,0.0,66
2025-06-23,greedy_closed,10115.073989968258,0.9273766021405517,49893.66181114541,0.6566288000321947,7.275957614183426e-12,64
2025-06-23,dp_closed,10115.073989968258,0.9273766021405517,49893.66181114541,0.6567802999634296,7.275957614183426e-12,64
2025-06-24,greedy_closed,9812.617743012657,0.9269965155378165,49567.033991751436,0.7073344999807887,0.0,65
2025-06-24,dp_closed,9812.617743012657,0.9269965155378165,49567.033991751436,0.6811612999881618,0.0,65
2025-06-25,greedy_closed,9493.390994799522,0.9297163258529932,50023.58462701889,0.7765399999916553,8.731149137020111e-11,64
2025-06-25,dp_closed,9493.390994799522,0.9297163258529932,50023.58462701889,0.7848559999838471,8.731149137020111e-11,64
2025-06-26,greedy_closed,10038.358408572398,0.9286519560809142,49986.05713500299,0.7389644000213593,2.9103830456733704e-11,59
2025-06-26,dp_closed,10038.358408572398,0.9286519560809142,49986.05713500299,0.7396642999956384,2.9103830456733704e-11,59
2025-06-27,greedy_closed,9816.756790343912,0.9283044009546245,18496.558980241465,0.3658375999657437,7.275957614183426e-12,1
2025-06-27,dp_closed,9816.756790343912,0.9283044009546245,18496.558980241465,0.37719840003410354,7.275957614183426e-12,1
2025-06-28,greedy_closed,10178.237131481488,0.9274485998015302,18402.095753225163,0.3606996000162326,1.8189894035458565e-11,1
2025-06-28,dp_closed,10178.237131481488,0.9274485998015302,18402.095753225163,0.3779093999764882,1.8189894035458565e-11,1
2025-06-29,greedy_closed,10433.205267682535,0.927766227266321,51157.602285121226,0.6338400000240654,7.275957614183426e-12,60
2025-06-29,dp_closed,10433.205267682535,0.927766227266321,51157.602285121226,0.6315273000509478,7.275957614183426e-12,60
2025-06-30,greedy_closed,10800.0,0.927598238068335,51111.79050409482,0.6332888000179082,7.275957614183426e-12,59
2025-06-30,dp_closed,10800.0,0.927598238068335,51111.79050409482,0.6399537000106648,7.275957614183426e-12,59
2025-07-01,greedy_closed,10537.847363696454,0.927248178828318,51520.307787631435,0.7712791000376455,2.1827872842550278e-11,59
2025-07-01,dp_closed,10537.847363696454,0.927248178828318,51520.307787631435,0.7811043999972753,2.1827872842550278e-11,59
2025-07-02,greedy_closed,6736.221932798944,0.9200546068907816,51152.76016421688,0.8749461000552401,1.4551915228366852e-11,83
2025-07-02,dp_closed,6736.221932798944,0.9200546068907816,51152.76016421688,0.8794743999605998,1.4551915228366852e-11,83
2025-07-03,greedy_closed,6637.1824003552365,0.9161946571715196,49728.46609886468,0.8164934999658726,6.548361852765083e-11,83
2025-07-03,dp_closed,6637.1824003552365,0.9161946571715196,49728.46609886468,0.8246070999884978,6.548361852765083e-11,83
2025-07-04,greedy_closed,6450.241484083548,0.9159675019252324,19871.347734193536,0.35493539995513856,3.637978807091713e-12,0
2025-07-04,dp_closed,6450.241484083548,0.9159675019252324,19871.347734193536,0.3549788999953307,3.637978807091713e-12,0
2025-07-05,greedy_closed,6469.055636926719,0.9156122515005504,20081.677940052392,0.37453750002896413,1.0913936421275139e-11,0
2025-07-05,dp_closed,6469.055636926719,0.9156122515005504,20081.677940052392,0.3722970000235364,1.0913936421275139e-11,0
2025-07-06,greedy_closed,6483.577809534393,0.9135958932806343,48180.19398474632,1.0059793000109494,7.275957614183426e-12,72
2025-07-06,dp_closed,6483.577809534393,0.9135958932806343,48180.19398474632,1.006777799979318,7.275957614183426e-12,72
2025-07-07,greedy_closed,6441.609004504277,0.9083476869965244,47571.41351112999,0.8918082999880426,7.275957614183426e-12,71
2025-07-07,dp_closed,6441.609004504277,0.9083476869965244,47571.41351112999,0.9150832000304945,7.275957614183426e-12,71
2025-07-08,greedy_closed,6530.314752601121,0.9053010841169488,47861.923169551446,0.9593606000416912,0.0,56
2025-07-08,dp_closed,6552.740805105511,0.9053010841169488,47851.31896909502,0.766637200023979,7.275957614183426e-12,56
2025-07-09,greedy_closed,6955.100741904764,0.9043385872927028,47562.72692182077,0.9631983999861404,7.275957614183426e-12,61
2025-07-09,dp_closed,6955.100741904764,0.9043385872927028,47562.72692182077,0.9661958000506274,7.275957614183426e-12,61
2025-07-10,greedy_closed,7000.751798078458,0.9045418553096377,48081.851456173456,1.0800463000196032,1.4551915228366852e-11,54
2025-07-10,dp_closed,7000.751798078458,0.9045418553096377,48081.851456173456,1.0829745000228286,1.4551915228366852e-11,54
2025-07-11,greedy_closed,7901.800532533476,0.9037165163809083,21924.02691094907,0.3720188000006601,1.0913936421275139e-11,0
2025-07-11,dp_closed,7901.800532533476,0.9037165163809083,21924.02691094907,0.37736590002896264,1.0913936421275139e-11,0
2025-07-12,greedy_closed,7906.2573657368785,0.907119016374225,22062.28302488985,0.40312770003220066,1.8189894035458565e-11,0
2025-07-12,dp_closed,7906.2573657368785,0.907119016374225,22062.28302488985,0.3916247999877669,1.8189894035458565e-11,0
2025-07-13,greedy_closed,7554.276575356958,0.9092019267449426,47984.21017737112,0.9795887999935076,5.093170329928398e-11,56
2025-07-13,dp_closed,7554.276575356958,0.9092019267449426,47984.21017737112,0.9738206000183709,5.093170329928398e-11,56
2025-07-14,greedy_closed,7805.737962967621,0.9091297789866534,47016.60564150685,0.913938199984841,7.275957614183426e-12,63
2025-07-14,dp_closed,7805.737962967621,0.9091297789866534,47016.60564150685,0.9037447000155225,7.275957614183426e-12,63
2025-07-15,greedy_closed,7514.669193464973,0.9095014639597928,49193.854579408195,0.8660197000135668,3.637978807091713e-11,65
2025-07-15,dp_closed,7514.669193464973,0.9095014639597928,49193.854579408195,0.8698627999983728,3.637978807091713e-11,65
2025-07-16,greedy_closed,9135.789906288896,0.9105157073297062,47965.78231476899,0.9370617999811657,1.4551915228366852e-11,56
2025-07-16,dp_closed,9135.789906288896,0.9105157073297062,47965.78231476899,0.9297099999967031,1.4551915228366852e-11,56
2025-07-17,greedy_closed,8794.039702533546,0.9088577277672079,48209.267392978974,1.0776511000003666,7.275957614183426e-12,58
2025-07-17,dp_closed,8794.039702533546,0.9088577277672079,48209.267392978974,1.0837254000362009,7.275957614183426e-12,58
2025-07-18,greedy_closed,8531.485390032594,0.9082062068834162,22836.844515084922,0.3407501000328921,0.0,0
2025-07-18,dp_closed,8531.485390032594,0.9082062068834162,22836.844515084922,0.3387862999807112,0.0,0
2025-07-19,greedy_closed,8832.172119465606,0.9110259897897235,22797.677226411703,0.36732399999164045,1.0913936421275139e-11,0
2025-07-19,dp_closed,8832.172119465606,0.9110259897897235,22797.677226411703,0.3640950000262819,1.0913936421275139e-11,0
2025-07-20,greedy_closed,8554.413571904963,0.9095028851918858,47884.24077851117,0.9283638999913819,5.093170329928398e-11,38
2025-07-20,dp_closed,8554.413571904963,0.9095028851918858,47884.24077851117,0.9194372000056319,5.093170329928398e-11,38
2025-07-21,greedy_closed,9055.93011203704,0.9094096983052249,48126.909642019746,0.9869935000315309,4.3655745685100555e-11,38
2025-07-21,dp_closed,9055.93011203704,0.9094096983052249,48126.909642019746,0.9942669000010937,4.3655745685100555e-11,38
2025-07-22,greedy_closed,9000.1727817009,0.9080121343844509,50663.079262133586,1.009185500035528,7.275957614183426e-12,37
2025-07-22,dp_closed,9000.1727817009,0.9080121343844509,50663.079262133586,1.0105766000342555,7.275957614183426e-12,37
2025-07-23,greedy_closed,9821.417072497361,0.9080945354022351,50207.227343187784,0.8605843000113964,2.1827872842550278e-11,33
2025-07-23,dp_closed,9821.417072497361,0.9080945354022351,50207.227343187784,0.8524654000066221,2.1827872842550278e-11,33
2025-07-24,greedy_closed,9706.189733441837,0.9081449528403545,50836.82659254752,1.097359100007452,0.0,36
2025-07-24,dp_closed,9706.189733441837,0.9081449528403545,50836.82659254752,1.117369299987331,0.0,36
2025-07-25,greedy_closed,10130.157620628415,0.9056802973187167,23656.370619761517,0.3585744999581948,1.4551915228366852e-11,0
2025-07-25,dp_closed,10130.157620628415,0.9056802973187167,23656.370619761517,0.3689256000216119,1.4551915228366852e-11,0
2025-07-26,greedy_closed,9831.003789725059,0.9049302741356124,23914.04444849158,0.43232330004684627,0.0,0
2025-07-26,dp_closed,9831.003789725059,0.9049302741356124,23914.04444849158,0.4382958000060171,0.0,0
2025-07-27,greedy_closed,9765.845167026457,0.9049653936508082,50048.67416615037,0.8677236000075936,2.1827872842550278e-11,50
2025-07-27,dp_closed,9765.845167026457,0.9049653936508082,50048.67416615037,0.8683313999790698,2.1827872842550278e-11,50
2025-07-28,greedy_closed,10056.54472355027,0.9046739775084591,50323.11659629947,1.0761393999564461,3.637978807091713e-11,48
2025-07-28,dp_closed,10056.54472355027,0.9046739775084591,50323.11659629947,1.0752215000102296,3.637978807091713e-11,48
2025-07-29,greedy_closed,7564.318181789144,0.9052720577108161,54133.285877807204,1.1927051999955438,5.093170329928398e-11,58
2025-07-29,dp_closed,7781.321293959953,0.9052720577108161,54030.69255730851,1.0909159000148065,4.3655745685100555e-11,58
2025-07-30,greedy_closed,10580.098813825398,0.9053616862871088,52890.53043810177,0.8788805999793112,2.9103830456733704e-11,42
2025-07-30,dp_closed,10580.098813825398,0.9053616862871088,52890.53043810177,0.8819211000227369,2.9103830456733704e-11,42
2025-07-31,greedy_closed,10800.0,0.9057536523616974,52867.86613486511,0.9323685000417754,2.1827872842550278e-11,42
2025-07-31,dp_closed,10800.0,0.9057536523616974,52867.86613486511,0.936719199991785,2.1827872842550278e-11,42
2025-08-01,greedy_closed,10663.696806592598,0.9030720622185294,24726.98251108209,0.3959227000013925,4.001776687800884e-11,0
2025-08-01,dp_closed,10663.696806592598,0.9030720622185294,24726.98251108209,0.4007610999979079,4.001776687800884e-11,0
2025-08-02,greedy_closed,10710.72626866667,0.9027855090965843,24711.336976442573,0.43392989999847487,1.0913936421275139e-11,0
2025-08-02,dp_closed,10710.72626866667,0.9027855090965843,24711.336976442573,0.4322325000539422,1.0913936421275139e-11,0
2025-08-03,greedy_closed,10755.63439324587,0.8996008607371602,51120.46199148433,1.0943225999944843,0.0,37
2025-08-03,dp_closed,10755.63439324587,0.8996008607371602,51120.46199148433,1.1082750000059605,0.0,37
2025-08-04,greedy_closed,9867.77300577778,0.8997617498240436,50267.63583014618,1.108528800017666,0.0,46
2025-08-04,dp_closed,9867.77300577778,0.8997617498240436,50267.63583014618,1.109563599980902,0.0,46
2025-08-05,greedy_closed,10607.856149671954,0.8983743301797832,50658.37123470907,0.9305549000273459,2.9103830456733704e-11,47
2025-08-05,dp_closed,10607.856149671954,0.8983743301797832,50658.37123470907,0.936542899988126,2.9103830456733704e-11,47
2025-08-06,greedy_closed,10800.0,0.8934324767053947,49023.31585724226,0.8161663999781013,3.637978807091713e-11,38
2025-08-06,dp_closed,10800.0,0.8934324767053947,49023.31585724226,0.8147890000254847,3.637978807091713e-11,38
2025-08-07,greedy_closed,10800.0,0.8905194947235981,48324.472414070326,1.03361899999436,3.637978807091713e-11,38
2025-08-07,dp_closed,10800.0,0.8905194947235981,48324.472414070326,1.0354320000042208,3.637978807091713e-11,38
2025-08-08,greedy_closed,10759.373950608464,0.888182961597755,23248.7979125894,0.32993680000072345,3.637978807091713e-12,0
2025-08-08,dp_closed,10759.373950608464,0.888182961597755,23248.7979125894,0.33578780002426356,3.637978807091713e-12,0
2025-08-09,greedy_closed,10800.0,0.8867718442745043,23156.95208930754,0.39844770001946017,7.275957614183426e-12,0
2025-08-09,dp_closed,10800.0,0.8867718442745043,23156.95208930754,0.4071088000200689,7.275957614183426e-12,0
2025-08-10,greedy_closed,10546.005157867727,0.8857932058358285,46304.40418628537,1.0235878999810666,4.3655745685100555e-11,43
2025-08-10,dp_closed,10546.005157867727,0.8857932058358285,46304.40418628537,1.0073224999941885,4.3655745685100555e-11,43
2025-08-11,greedy_closed,10440.703899429094,0.8766903980257402,46149.80926496451,0.8265689999680035,7.275957614183426e-12,35
2025-08-11,dp_closed,10440.703899429094,0.8766903980257402,46149.80926496451,0.808057300047949,7.275957614183426e-12,35
2025-08-12,greedy_closed,10358.21536117937,0.8708923132503288,45527.53324864906,0.9811618999810889,1.4551915228366852e-11,24
2025-08-12,dp_closed,10358.21536117937,0.8708923132503288,45527.53324864906,0.9768202000414021,1.4551915228366852e-11,24
2025-08-13,greedy_closed,10194.613960304692,0.868833873898342,45792.52848274411,0.9092081999988295,1.4551915228366852e-11,24
2025-08-13,dp_closed,10194.613960304692,0.868833873898342,45792.52848274411,0.9160111999954097,1.4551915228366852e-11,24
2025-08-14,greedy_closed,10616.711556349212,0.8644260240019177,44919.52600929047,0.8926567999878898,1.4551915228366852e-11,30
2025-08-14,dp_closed,10616.711556349212,0.8644260240019177,44919.52600929047,0.8894868000061251,1.4551915228366852e-11,30
2025-08-15,greedy_closed,10263.799687523806,0.8587956009107813,21847.626483285836,0.3149561999598518,7.275957614183426e-12,0
2025-08-15,dp_closed,10263.799687523806,0.8587956009107813,21847.626483285836,0.31674259999999776,7.275957614183426e-12,0
2025-08-16,greedy_closed,10464.252933351218,0.8605146161112931,21757.359506893168,0.39074499998241663,0.0,0
2025-08-16,dp_closed,10464.252933351218,0.8605146161112931,21757.359506893168,0.38162670005112886,0.0,0
2025-08-17,greedy_closed,10444.04145437533,0.8600227040802929,44742.77321093346,0.7956102000316605,2.1827872842550278e-11,36
2025-08-17,dp_closed,10444.04145437533,0.8600227040802929,44742.77321093346,0.8111727999639697,2.1827872842550278e-11,36
2025-08-18,greedy_closed,10385.00396490476,0.8526654411626596,44187.07732310996,0.8701423999737017,2.9103830456733704e-11,30
2025-08-18,dp_closed,10385.00396490476,0.8526654411626596,44187.07732310996,0.859439600026235,2.9103830456733704e-11,30
2025-08-19,greedy_closed,10558.527357944919,0.8509868166050182,43619.69430800662,0.8954476999933831,1.4551915228366852e-11,33
2025-08-19,dp_closed,10558.527357944919,0.8509868166050182,43619.69430800662,0.8888846000190824,1.4551915228366852e-11,33
2025-08-20,greedy_closed,10234.292095121886,0.8491514428907695,43411.522159314685,1.02941269997973,7.275957614183426e-12,29
2025-08-20,dp_closed,10234.292095121886,0.8491514428907695,43411.522159314685,1.0465337000205182,7.275957614183426e-12,29
2025-08-21,greedy_closed,9320.293241582012,0.8505305329252046,43810.31840259806,0.8064233999466524,1.4551915228366852e-11,40
2025-08-21,dp_closed,9320.293241582012,0.8505305329252046,43810.31840259806,0.799094200017862,1.4551915228366852e-11,40
2025-08-22,greedy_closed,10281.46491727056,0.8490688185131577,20360.11393787007,0.37591550004435703,3.637978807091713e-12,0
2025-08-22,dp_closed,10281.46491727056,0.8490688185131577,20360.11393787007,0.36885099997743964,3.637978807091713e-12,0
2025-08-23,greedy_closed,9384.50206848228,0.8476502649341422,20703.484230396276,0.3771823000279255,1.0913936421275139e-11,0
2025-08-23,dp_closed,9384.50206848228,0.8476502649341422,20703.484230396276,0.3722342000110075,1.0913936421275139e-11,0
2025-08-24,greedy_closed,10072.873475890066,0.8443969196393837,43569.40359659102,1.0045821000239812,1.4551915228366852e-11,37
2025-08-24,dp_closed,10072.873475890066,0.8443969196393837,43569.40359659102,1.0071261000121012,1.4551915228366852e-11,37
2025-08-25,greedy_closed,9942.270011847348,0.8467223051438219,43635.900156788986,0.9658964999835007,0.0,48
2025-08-25,dp_closed,9942.270011847348,0.8467223051438219,43635.900156788986,0.9685676000081003,0.0,48
2025-08-26,greedy_closed,9710.653976328045,0.8488841276076459,44127.95828620942,0.9636127999983728,5.093170329928398e-11,48
2025-08-26,dp_closed,9710.653976328045,0.8488841276076459,44127.95828620942,0.9544157999916933,5.093170329928398e-11,48
2025-08-27,greedy_closed,10356.870834119343,0.8482899945495711,43760.239693635085,0.6810494000092149,2.1827872842550278e-11,40
2025-08-27,dp_closed,10356.870834119343,0.8482899945495711,43760.239693635085,0.6829853999661282,2.1827872842550278e-11,40
2025-08-28,greedy_closed,9990.145250729314,0.8435668847638635,42955.45761929208,0.6262751999893226,2.1827872842550278e-11,36
2025-08-28,dp_closed,9990.145250729314,0.8435668847638635,42955.45761929208,0.6321316999965347,2.1827872842550278e-11,36
2025-08-29,greedy_closed,9586.647713952387,0.8467439656474302,19938.607936773828,0.19817950000287965,3.637978807091713e-12,0
2025-08-29,dp_closed,9586.647713952387,0.8467439656474302,19938.607936773828,0.20115769997937605,3.637978807091713e-12,0
2025-08-30,greedy_closed,10146.094170582015,0.846860359278394,19618.721016017254,0.20103389996802434,0.0,0
2025-08-30,dp_closed,10146.094170582015,0.846860359278394,19618.721016017254,0.20193909999215975,0.0,0
2025-08-31,greedy_closed,9809.272172201061,0.8523193655228725,43339.14009912464,0.7101453000213951,3.637978807091713e-11,40
2025-08-31,dp_closed,9809.272172201061,0.8523193655228725,43339.14009912464,0.7113813000032678,3.637978807091713e-11,40
2025-09-01,greedy_closed,10635.147332751325,0.8467317848561013,43224.98118226956,0.7760287999990396,0.0,42
2025-09-01,dp_closed,10635.147332751325,0.8467317848561013,43224.98118226956,0.7729481999995187,0.0,42
2025-09-02,greedy_closed,10800.0,0.8593144565285216,42491.242543267996,0.6993422999512404,3.637978807091713e-11,42
2025-09-02,dp_closed,10800.0,0.8593144565285216,42491.242543267996,0.6972001999965869,3.637978807091713e-11,42
2025-09-03,greedy_closed,10607.050236978837,0.8628867285750822,42432.37047860996,0.7016361000132747,7.275957614183426e-12,41
2025-09-03,dp_closed,10607.050236978837,0.8628867285750822,42432.37047860996,0.7092047000187449,7.275957614183426e-12,41
2025-09-04,greedy_closed,10268.151080433865,0.8693597495452344,42480.34687672457,0.6152699000085704,7.275957614183426e-12,41
2025-09-04,dp_closed,10268.151080433865,0.8693597495452344,42480.34687672457,0.6284742999705486,7.275957614183426e-12,41
2025-09-05,greedy_closed,10557.997306158728,0.8773845700181488,19006.939142726227,0.23418730002595112,7.275957614183426e-12,0
2025-09-05,dp_closed,10557.997306158728,0.8773845700181488,19006.939142726227,0.2479573999880813,7.275957614183426e-12,0
2025-09-06,greedy_closed,10220.045714074075,0.8875389890314485,18973.60536151739,0.1953621000284329,1.4551915228366852e-11,0
2025-09-06,dp_closed,10220.045714074075,0.8875389890314485,18973.60536151739,0.20273150003049523,1.4551915228366852e-11,0
2025-09-07,greedy_closed,10514.428160555553,0.8977542211511335,41844.315325593474,0.6991272000013851,2.1827872842550278e-11,39
2025-09-07,dp_closed,10514.428160555553,0.8977542211511335,41844.315325593474,0.6981961000128649,2.1827872842550278e-11,39
2025-09-08,greedy_closed,10800.0,0.9036800683768892,39801.098509305666,0.746419099974446,1.4551915228366852e-11,36
2025-09-08,dp_closed,10800.0,0.9036800683768892,39801.098509305666,0.7542964000022039,1.4551915228366852e-11,36
2025-09-09,greedy_closed,9684.102090455026,0.9068277623173119,40557.71495613581,0.6697924999753013,5.093170329928398e-11,45
2025-09-09,dp_closed,9684.102090455026,0.9068277623173119,40557.71495613581,0.6765173000167124,5.093170329928398e-11,45
2025-09-10,greedy_closed,9558.932239931213,0.9106926687133311,40491.105761678504,0.6243981999577954,7.275957614183426e-12,41
2025-09-10,dp_closed,9558.932239931213,0.9106926687133311,40491.105761678504,0.6262193999718875,7.275957614183426e-12,41
2025-09-11,greedy_closed,8031.655847761336,0.914240464793202,41806.39520929492,0.6968736000126228,5.820766091346741e-11,55
2025-09-11,dp_closed,8189.125284153331,0.914240464793202,41731.728953466096,0.8047190000070259,3.637978807091713e-11,53
2025-09-12,greedy_closed,9750.518274539365,0.9181072070715551,17414.647175592447,0.2407715999870561,3.637978807091713e-12,0
2025-09-12,dp_closed,9750.518274539365,0.9181072070715551,17414.647175592447,0.24937649996718392,3.637978807091713e-12,0
2025-09-13,greedy_closed,9303.883541883599,0.9219340133156878,17739.13627352714,0.25181460002204403,3.637978807091713e-12,0
2025-09-13,dp_closed,9303.883541883599,0.9219340133156878,17739.13627352714,0.2569301999756135,3.637978807091713e-12,0
2025-09-14,greedy_closed,9671.131205846557,0.9266670268857168,40972.45666585531,0.6907504000118934,2.9103830456733704e-11,41
2025-09-14,dp_closed,9671.131205846557,0.9266670268857168,40972.45666585531,0.6803684000042267,2.9103830456733704e-11,41
2025-09-15,greedy_closed,9357.329260004311,0.928587670504785,39704.143109380966,0.6118720000376925,3.637978807091713e-11,42
2025-09-15,dp_closed,9357.329260004311,0.928587670504785,39704.143109380966,0.6305677000200376,3.637978807091713e-11,42
2025-09-16,greedy_closed,8591.380020626295,0.9307347998334035,39860.24888408146,0.615232800017111,7.275957614183426e-12,39
2025-09-16,dp_closed,8591.380020626295,0.9307347998334035,39860.24888408146,0.615499599953182,7.275957614183426e-12,39
2025-09-17,greedy_closed,8354.037092460476,0.9317151678878689,40223.177760602426,0.5653925000224262,7.275957614183426e-12,43
2025-09-17,dp_closed,8354.037092460476,0.9317151678878689,40223.177760602426,0.5646621999912895,7.275957614183426e-12,43
2025-09-18,greedy_closed,8646.118073261452,0.9343772231174639,39995.40217187012,0.6456275999662466,2.9103830456733704e-11,40
2025-09-18,dp_closed,8646.118073261452,0.9343772231174639,39995.40217187012,0.6585204000002705,2.9103830456733704e-11,40
2025-09-19,greedy_closed,8409.113001783018,0.9355070801342902,16636.934606688497,0.30007140000816435,7.275957614183426e-12,0
2025-09-19,dp_closed,8409.113001783018,0.9355070801342902,16636.934606688497,0.3036474999971688,7.275957614183426e-12,0
2025-09-20,greedy_closed,8582.96741213772,0.9366542968195126,16580.578303112452,0.2814362000208348,0.0,0
2025-09-20,dp_closed,8582.96741213772,0.9366542968195126,16580.578303112452,0.28637909999815747,0.0,0
2025-09-21,greedy_closed,8711.957012957822,0.9375322602870797,40661.05120680715,0.668411799997557,0.0,40
2025-09-21,dp_closed,8711.957012957822,0.9375322602870797,40661.05120680715,0.6793209000024945,0.0,40
2025-09-22,greedy_closed,8561.300344990004,0.9397967869014191,38442.9058210211,0.6325683000031859,6.548361852765083e-11,44
2025-09-22,dp_closed,8561.300344990004,0.9397967869014191,38442.9058210211,0.6507142999907956,6.548361852765083e-11,44
2025-09-23,greedy_closed,7380.9635004644515,0.940482032984317,39220.66273833168,0.6236905999830924,7.275957614183426e-12,51
2025-09-23,dp_closed,7380.9635004644515,0.940482032984317,39220.66273833168,0.6257703999872319,7.275957614183426e-12,51
2025-09-24,greedy_closed,6391.485837568725,0.9413626282715813,39742.68157550485,0.6512694000266492,2.9103830456733704e-11,48
2025-09-24,dp_closed,6391.485837568725,0.9413626282715813,39742.68157550485,0.6468332000076771,2.9103830456733704e-11,48
2025-09-25,greedy_closed,7839.743431603169,0.9411633132339376,38714.277078627114,0.6537569000502117,0.0,31
2025-09-25,dp_closed,7839.743431603169,0.9411633132339376,38714.277078627114,0.6528642000048421,0.0,31
2025-09-26,greedy_closed,7477.4218701694745,0.941887358850221,15136.245811222505,0.22132759995292872,3.637978807091713e-12,0
2025-09-26,dp_closed,7477.4218701694745,0.941887358850221,15136.245811222505,0.21422520000487566,3.637978807091713e-12,0
2025-09-27,greedy_closed,7663.346715181054,0.9432699092229254,14912.441942177875,0.27968959999270737,2.1827872842550278e-11,0
2025-09-27,dp_closed,7663.346715181054,0.9432699092229254,14912.441942177875,0.273104100022465,2.1827872842550278e-11,0
2025-09-28,greedy_closed,6440.536399243387,0.9440211052021434,39105.36988926821,0.693068900029175,0.0,28
2025-09-28,dp_closed,6440.536399243387,0.9440211052021434,39105.36988926821,0.691624499973841,0.0,28
2025-09-29,greedy_closed,6577.602063127143,0.9450002058680388,37591.935985015014,0.644870100019034,2.1827872842550278e-11,24
2025-09-29,dp_closed,6577.602063127143,0.9450002058680388,37591.935985015014,0.6447385000064969,2.1827872842550278e-11,24
2025-09-30,greedy_closed,6513.968065183225,0.9445935199573556,38026.45159613432,0.6967566999956034,2.1827872842550278e-11,29
2025-09-30,dp_closed,6513.968065183225,0.9445935199573556,38026.45159613432,0.7068720999523066,2.1827872842550278e-11,29
2025-10-01,greedy_closed,6549.31356928042,0.9450672199798597,38266.09559684243,0.7576529000070877,3.637978807091713e-11,39
2025-10-01,dp_closed,6549.31356928042,0.9450672199798597,38266.09559684243,0.7742349000182003,3.637978807091713e-11,39
2025-10-02,greedy_closed,9172.055527946246,0.9460541029192027,36463.26773485738,0.622203599952627,7.275957614183426e-12,26
2025-10-02,dp_closed,9172.055527946246,0.9460541029192027,36463.26773485738,0.6263665999867953,7.275957614183426e-12,26
2025-10-03,greedy_closed,9236.89142093063,0.9457634236965758,12356.64337007145,0.256978599994909,1.8189894035458565e-12,0
2025-10-03,dp_closed,9236.89142093063,0.9457634236965758,12356.64337007145,0.2603406000416726,1.8189894035458565e-12,0
2025-10-04,greedy_closed,8850.339788818572,0.9449808344401824,12821.979355687638,0.1851561000221409,5.4569682106375694e-12,0
2025-10-04,dp_closed,8850.339788818572,0.9449808344401824,12821.979355687638,0.1977329999790527,5.4569682106375694e-12,0
2025-10-05,greedy_closed,8585.460758056011,0.9446945887030381,35504.70081735765,0.665144499973394,1.4551915228366852e-11,24
2025-10-05,dp_closed,8585.460758056011,0.9446945887030381,35504.70081735765,0.6701413999544457,1.4551915228366852e-11,24
2025-10-06,greedy_closed,9012.067074582861,0.9423224508096014,33202.27180363854,0.784908399975393,7.275957614183426e-12,21
2025-10-06,dp_closed,9012.067074582861,0.9423224508096014,33202.27180363854,0.7908296000096016,7.275957614183426e-12,21
2025-10-07,greedy_closed,7092.035901968039,0.9386283409692311,34394.564238686944,0.7033268999657594,5.820766091346741e-11,28
2025-10-07,dp_closed,7092.035901968039,0.9386283409692311,34394.564238686944,0.7024517999961972,5.820766091346741e-11,28
2025-10-08,greedy_closed,7143.262389247498,0.9366504298395381,33243.151955099675,0.47233040002174675,2.9103830456733704e-11,28
2025-10-08,dp_closed,7143.262389247498,0.9366504298395381,33243.151955099675,0.4834541999734938,2.9103830456733704e-11,28
2025-10-09,greedy_closed,8094.195053867851,0.9363129411256816,33441.02504978487,0.4668004999984987,1.4551915228366852e-11,26
2025-10-09,dp_closed,8094.195053867851,0.9363129411256816,33441.02504978487,0.48465669999131933,1.4551915228366852e-11,26
2025-10-10,greedy_closed,7966.434567057624,0.9345519821961968,11465.292291757007,0.19401969999307767,1.8189894035458565e-12,0
2025-10-10,dp_closed,7966.434567057624,0.9345519821961968,11465.292291757007,0.20078769995598122,1.8189894035458565e-12,0
2025-10-11,greedy_closed,7686.940555094906,0.933279546391603,12094.507391632327,0.21476160001475364,1.6370904631912708e-11,0
2025-10-11,dp_closed,7686.940555094906,0.933279546391603,12094.507391632327,0.2195639000274241,1.6370904631912708e-11,0
2025-10-12,greedy_closed,7907.1662845820065,0.9298908353049727,34454.59769699289,0.5685943000135012,2.1827872842550278e-11,33
2025-10-12,dp_closed,7907.1662845820065,0.9298908353049727,34454.59769699289,0.5752553999773227,2.1827872842550278e-11,33
2025-10-13,greedy_closed,7534.304100512313,0.9278349833631894,35308.4072213365,0.58782869996503,3.637978807091713e-11,27
2025-10-13,dp_closed,7534.304100512313,0.9278349833631894,35308.4072213365,0.5996228999574669,3.637978807091713e-11,27
2025-10-14,greedy_closed,8138.779843359072,0.9238231971663391,35102.56072434139,0.5459340999950655,1.4551915228366852e-11,27
2025-10-14,dp_closed,8138.779843359072,0.9238231971663391,35102.56072434139,0.5545712999883108,1.4551915228366852e-11,27
2025-10-15,greedy_closed,8012.033547511556,0.9225279159203671,34680.53886280447,0.6116717999684624,2.1827872842550278e-11,31
2025-10-15,dp_closed,8012.033547511556,0.9225279159203671,34680.53886280447,0.6181366000091657,2.1827872842550278e-11,31
2025-10-16,greedy_closed,8273.956808954335,0.9214072946700442,35402.65445120324,0.6234965999610722,0.0,44
2025-10-16,dp_closed,8273.956808954335,0.9214072946700442,35402.65445120324,0.6343009999836795,0.0,44
2025-10-17,greedy_closed,8354.209676940223,0.9230106234388631,11885.38790701878,0.20104760001413524,7.275957614183426e-12,0
2025-10-17,dp_closed,8354.209676940223,0.9230106234388631,11885.38790701878,0.20950610004365444,7.275957614183426e-12,0
2025-10-18,greedy_closed,7704.835440910055,0.9210185283621602,12513.941282586064,0.20545509998919442,1.8189894035458565e-12,0
2025-10-18,dp_closed,7704.835440910055,0.9210185283621602,12513.941282586064,0.2115903000230901,1.8189894035458565e-12,0
2025-10-19,greedy_closed,7892.440937788363,0.9207069158690596,37618.40898369091,0.7078760999720544,2.9103830456733704e-11,51
2025-10-19,dp_closed,7892.440937788363,0.9207069158690596,37618.40898369091,0.721970800019335,2.9103830456733704e-11,51
2025-10-20,greedy_closed,8079.779334671958,0.9195401959699417,38454.93275318798,0.6353664000052959,2.1827872842550278e-11,39
2025-10-20,dp_closed,8079.779334671958,0.9195401959699417,38454.93275318798,0.6488157999701798,2.1827872842550278e-11,39
2025-10-21,greedy_closed,7967.770526925922,0.919973392513285,39331.194599307346,0.696233700029552,2.1827872842550278e-11,41
2025-10-21,dp_closed,7967.770526925922,0.919973392513285,39331.194599307346,0.7025212000007741,2.1827872842550278e-11,41
2025-10-22,greedy_closed,7975.863293991533,0.9184398084840607,38968.071425724556,0.6255392999737523,4.3655745685100555e-11,46
2025-10-22,dp_closed,7975.863293991533,0.9184398084840607,38968.071425724556,0.6284683999838307,4.3655745685100555e-11,46
2025-10-23,greedy_closed,7842.335474958412,0.9197628761999791,39707.99766608424,0.7785556000308134,3.637978807091713e-11,46
2025-10-23,dp_closed,7842.335474958412,0.9197628761999791,39707.99766608424,0.7730121999629773,3.637978807091713e-11,46
2025-10-24,greedy_closed,8054.4243331375665,0.9206688484901707,12302.34285272969,0.19977210002252832,5.4569682106375694e-12,0
2025-10-24,dp_closed,8054.4243331375665,0.9206688484901707,12302.34285272969,0.1938996000098996,5.4569682106375694e-12,0
2025-10-25,greedy_closed,7481.801307653013,0.9202809580685635,13054.355986649112,0.20207090000621974,1.8189894035458565e-12,0
2025-10-25,dp_closed,7481.801307653013,0.9202809580685635,13054.355986649112,0.20763369998894632,1.8189894035458565e-12,0
2025-10-26,greedy_closed,7425.433047430728,0.9196118720537462,40780.27889201848,0.7798978999489918,2.9103830456733704e-11,45
2025-10-26,dp_closed,7425.433047430728,0.9196118720537462,40780.27889201848,0.7780372999841347,2.9103830456733704e-11,45
2025-10-27,greedy_closed,8022.152050728572,0.9177122157260996,40816.96354628617,0.7512425999739207,2.1827872842550278e-11,45
2025-10-27,dp_closed,8022.152050728572,0.9177122157260996,40816.96354628617,0.7550277000409551,2.1827872842550278e-11,45
2025-10-28,greedy_closed,7657.799670784827,0.9186299887962,40905.65450666845,0.670538000005763,7.275957614183426e-12,45
2025-10-28,dp_closed,7657.799670784827,0.9186299887962,40905.65450666845,0.6721412000479177,7.275957614183426e-12,45
2025-10-29,greedy_closed,8107.372445359009,0.9172533263209282,39853.540035828235,0.7053182999952696,1.4551915228366852e-11,44
2025-10-29,dp_closed,8107.372445359009,0.9172533263209282,39853.540035828235,0.6983899000333622,1.4551915228366852e-11,44
2025-10-30,greedy_closed,7520.338184852703,0.9206220449533014,40839.54842222321,0.6507931999512948,4.3655745685100555e-11,56
2025-10-30,dp_closed,7520.338184852703,0.9206220449533014,40839.54842222321,0.6624224999686703,4.3655745685100555e-11,56
2025-10-31,greedy_closed,7405.300731286625,0.9192790405360288,13059.66770113821,0.22393879998708144,5.4569682106375694e-12,0
2025-10-31,dp_closed,7405.300731286625,0.9192790405360288,13059.66770113821,0.23541139997541904,5.4569682106375694e-12,0
2025-11-01,greedy_closed,7071.716700891373,0.9060261964878424,13676.226072733845,0.23507039999822155,1.0913936421275139e-11,0
2025-11-01,dp_closed,7071.716700891373,0.9060261964878424,13676.226072733845,0.24140959995565936,1.0913936421275139e-11,0
2025-11-02,greedy_closed,7097.585718610095,0.8942342842346889,42513.9993083248,0.8714344999752939,0.0,71
2025-11-02,dp_closed,7097.585718610095,0.8942342842346889,42513.9993083248,0.8793195000034757,0.0,71
2025-11-03,greedy_closed,7635.218253888891,0.8877012538455508,42984.791044401565,0.7780021000071429,1.4551915228366852e-11,61
2025-11-03,dp_closed,7635.218253888891,0.8877012538455508,42984.791044401565,0.7851534999790601,1.4551915228366852e-11,61
2025-11-04,greedy_closed,8114.284862338423,0.8854849954015851,43078.77009031228,0.740105000033509,2.1827872842550278e-11,59
2025-11-04,dp_closed,8114.284862338423,0.8854849954015851,43078.77009031228,0.7455403999774717,2.1827872842550278e-11,59
2025-11-05,greedy_closed,7797.354073097488,0.8811880138299191,42764.72517232159,0.8401810000068508,2.1827872842550278e-11,63
2025-11-05,dp_closed,7797.354073097488,0.8811880138299191,42764.72517232159,0.839559200045187,2.1827872842550278e-11,63
2025-11-06,greedy_closed,8017.073523827772,0.8771894354367489,42682.887272510496,1.1259033000096679,7.275957614183426e-12,62
2025-11-06,dp_closed,8017.073523827772,0.8771894354367489,42682.887272510496,1.1018711000215262,7.275957614183426e-12,62
2025-11-07,greedy_closed,7992.872706216931,0.8758947341635034,13455.054874853115,0.21462380001321435,1.6370904631912708e-11,0
2025-11-07,dp_closed,7992.872706216931,0.8758947341635034,13455.054874853115,0.223967999976594,1.6370904631912708e-11,0
2025-11-08,greedy_closed,8551.02063265627,0.8752680525176375,13313.910772960218,0.2173600000096485,0.0,0
2025-11-08,dp_closed,8551.02063265627,0.8752680525176375,13313.910772960218,0.22221380000701174,0.0,0
2025-11-09,greedy_closed,8664.658759662812,0.8719482784065986,43533.12163668904,0.8885732000344433,7.275957614183426e-12,58
2025-11-09,dp_closed,8664.658759662812,0.8719482784065986,43533.12163668904,0.8952722999965772,7.275957614183426e-12,58
2025-11-10,greedy_closed,8810.144053320055,0.8702364962354909,43909.65929670305,0.9597197999828495,2.9103830456733704e-11,60
2025-11-10,dp_closed,8810.144053320055,0.8702364962354909,43909.65929670305,0.9750277000130154,2.9103830456733704e-11,60
2025-11-11,greedy_closed,8809.027077983794,0.8713026897072228,44337.49764732803,0.8165182999800891,2.1827872842550278e-11,56
2025-11-11,dp_closed,8809.027077983794,0.8713026897072228,44337.49764732803,0.8223489999654703,2.1827872842550278e-11,56
2025-11-12,greedy_closed,8624.729588904944,0.8690520309463875,44821.8908209356,0.8373599000042304,1.4551915228366852e-11,55
2025-11-12,dp_closed,8624.729588904944,0.8690520309463875,44821.8908209356,0.8399188999901526,1.4551915228366852e-11,55
2025-11-13,greedy_closed,8847.879116521766,0.8665173822557405,44892.84852906942,0.825495500001125,2.1827872842550278e-11,55
2025-11-13,dp_closed,8847.879116521766,0.8665173822557405,44892.84852906942,0.8204363000113517,2.1827872842550278e-11,55
2025-11-14,greedy_closed,9062.18625360603,0.8661854994112826,14080.916514665838,0.22092749999137595,1.4551915228366852e-11,0
2025-11-14,dp_closed,9062.18625360603,0.8661854994112826,14080.916514665838,0.21717810002155602,1.4551915228366852e-11,0
2025-11-15,greedy_closed,9035.480948953164,0.8620683555405226,14088.147358931463,0.24041559995384887,3.637978807091713e-12,0
2025-11-15,dp_closed,9035.480948953164,0.8620683555405226,14088.147358931463,0.24027979996753857,3.637978807091713e-12,0
2025-11-16,greedy_closed,9028.578001505242,0.8550825487986119,45900.68044681849,0.9212894000229426,1.4551915228366852e-11,55
2025-11-16,dp_closed,9028.578001505242,0.8550825487986119,45900.68044681849,0.9215209999820217,1.4551915228366852e-11,55
2025-11-17,greedy_closed,9101.451581861264,0.8540810260001553,46303.820662039536,1.1359321000054479,3.637978807091713e-11,52
2025-11-17,dp_closed,9101.451581861264,0.8540810260001553,46303.820662039536,1.1412720999796875,3.637978807091713e-11,52
2025-11-18,greedy_closed,9476.705364625706,0.852889308365303,46018.037621717005,0.8531736999866553,7.275957614183426e-12,51
2025-11-18,dp_closed,9476.705364625706,0.852889308365303,46018.037621717005,0.8490849999943748,7.275957614183426e-12,51
2025-11-19,greedy_closed,9595.307049973695,0.8524859173395893,46219.09463180205,0.8533031000406481,1.4551915228366852e-11,53
2025-11-19,dp_closed,9595.307049973695,0.8524859173395893,46219.09463180205,0.8522228999645449,1.4551915228366852e-11,53
2025-11-20,greedy_closed,9395.424915747859,0.8489577960222262,46650.40527356127,0.7202853000489995,2.9103830456733704e-11,50
2025-11-20,dp_closed,9395.424915747859,0.8489577960222262,46650.40527356127,0.7271513000014238,2.9103830456733704e-11,50
2025-11-21,greedy_closed,9432.483816574957,0.8416163549746326,14598.799609943162,0.24543439998524264,1.0913936421275139e-11,0
2025-11-21,dp_closed,9432.483816574957,0.8416163549746326,14598.799609943162,0.2580411999952048,1.0913936421275139e-11,0
2025-11-22,greedy_closed,9701.844637857143,0.8356239183731924,14458.820773732696,0.24534140003379434,1.8189894035458565e-11,0
2025-11-22,dp_closed,9701.844637857143,0.8356239183731924,14458.820773732696,0.25291999999899417,1.8189894035458565e-11,0
2025-11-23,greedy_closed,9333.956562589443,0.8342614983360678,47512.813837956324,0.78578140004538,7.275957614183426e-12,52
2025-11-23,dp_closed,9333.956562589443,0.8342614983360678,47512.813837956324,0.8009550000424497,7.275957614183426e-12,52
2025-11-24,greedy_closed,9604.774730837413,0.838256492217339,47456.039916414826,0.8295111000188626,2.9103830456733704e-11,51
2025-11-24,dp_closed,9604.774730837413,0.838256492217339,47456.039916414826,0.8429966000257991,2.9103830456733704e-11,51
2025-11-25,greedy_closed,9452.375053153142,0.8409047556864377,47502.47813544251,0.9193188999779522,1.4551915228366852e-11,52
2025-11-25,dp_closed,9452.375053153142,0.8409047556864377,47502.47813544251,0.9186014999868348,1.4551915228366852e-11,52
2025-11-26,greedy_closed,9569.831900238103,0.841373547020294,47733.97769917359,0.9358324999921024,0.0,52
2025-11-26,dp_closed,9569.831900238103,0.841373547020294,47733.97769917359,0.937181499961298,0.0,52
2025-11-27,greedy_closed,9880.892163074534,0.8344376327508978,47625.69564459382,0.8958557000150904,1.4551915228366852e-11,45
2025-11-27,dp_closed,9880.892163074534,0.8344376327508978,47625.69564459382,0.8904775999835692,1.4551915228366852e-11,45
2025-11-28,greedy_closed,9702.732217686353,0.8345716679886199,15082.304446464877,0.2371063000173308,7.275957614183426e-12,1
2025-11-28,dp_closed,9702.732217686353,0.8345716679886199,15082.304446464877,0.2429575999849476,7.275957614183426e-12,1
2025-11-29,greedy_closed,10181.505184560086,0.8225735161283834,14913.68239952929,0.24846570001682267,9.094947017729282e-12,0
2025-11-29,dp_closed,10181.505184560086,0.8225735161283834,14913.68239952929,0.2610166000085883,9.094947017729282e-12,0
2025-11-30,greedy_closed,9652.699656,0.8384511834786531,48890.33774246667,0.7458659999538213,7.275957614183426e-12,47
2025-11-30,dp_closed,9652.699656,0.8384511834786531,48890.33774246667,0.7507102999952622,7.275957614183426e-12,47
2025-12-01,greedy_closed,9620.261403000002,0.8353968802123755,49329.13107842716,0.8255102999974042,8.731149137020111e-11,48
2025-12-01,dp_closed,9620.261403000002,0.8353968802123755,49329.13107842716,0.8201001999550499,8.731149137020111e-11,48
2025-12-02,greedy_closed,9623.190174000003,0.8527980817298592,50499.32890912225,0.729741399991326,5.093170329928398e-11,61
2025-12-02,dp_closed,9623.190174000003,0.8527980817298592,50499.32890912225,0.7283104999805801,5.093170329928398e-11,61
2025-12-03,greedy_closed,9570.922689,0.8707888221005265,52088.82578599519,0.7762717000441626,3.637978807091713e-11,76
2025-12-03,dp_closed,9570.922689,0.8707888221005265,52088.82578599519,0.7779945000074804,3.637978807091713e-11,76
2025-12-04,greedy_closed,9554.725383000003,0.877351170639721,52898.76524261497,0.5393628000165336,4.3655745685100555e-11,83
2025-12-04,dp_closed,9554.725383000003,0.877351170639721,52898.76524261497,0.5396834000130184,4.3655745685100555e-11,83
2025-12-05,greedy_closed,9657.75893230963,0.8845504411905721,18781.683095567452,0.31229459994938225,1.0913936421275139e-11,44
2025-12-05,dp_closed,9657.75893230963,0.8845504411905721,18781.683095567452,0.3055447999504395,1.0913936421275139e-11,44
2025-12-06,greedy_closed,9543.404416444446,0.8909782742835234,19441.836138977727,0.3100950999651104,3.637978807091713e-12,51
2025-12-06,dp_closed,9543.404416444446,0.8909782742835234,19441.836138977727,0.31260040000779554,3.637978807091713e-12,51
2025-12-07,greedy_closed,9611.276899185186,0.8946245972735569,55452.73092245021,0.5868922999943607,1.4551915228366852e-11,83
2025-12-07,dp_closed,9611.276899185186,0.8946245972735569,55452.73092245021,0.5894321000087075,1.4551915228366852e-11,83
2025-12-08,greedy_closed,9531.871650370373,0.8951527298142582,56479.01317515905,0.6868597000138834,3.637978807091713e-11,75
2025-12-08,dp_closed,9531.871650370373,0.8951527298142582,56479.01317515905,0.6854859999730252,3.637978807091713e-11,75
2025-12-09,greedy_closed,10078.325919253011,0.8991000010489679,56416.73815442457,0.6000551999895833,5.093170329928398e-11,67
2025-12-09,dp_closed,10078.325919253011,0.8991000010489679,56416.73815442457,0.6084151000250131,5.093170329928398e-11,67
2025-12-10,greedy_closed,9821.603023917081,0.8995913793173752,56373.74531080192,0.7928339000209235,2.1827872842550278e-11,73
2025-12-10,dp_closed,9821.603023917081,0.8995913793173752,56373.74531080192,0.7927312000538222,2.1827872842550278e-11,73
2025-12-11,greedy_closed,9880.066872471629,0.9008868826598205,56663.68234930269,0.7059390999493189,4.3655745685100555e-11,70
2025-12-11,dp_closed,9880.066872471629,0.9008868826598205,56663.68234930269,0.7135548999649473,4.3655745685100555e-11,70
2025-12-12,greedy_closed,10153.824436602017,0.900843760064565,20822.66545748616,0.32426520000444725,7.275957614183426e-12,45
2025-12-12,dp_closed,10153.824436602017,0.900843760064565,20822.66545748616,0.3233481000061147,7.275957614183426e-12,45
2025-12-13,greedy_closed,9720.857663555558,0.90565132531323,21343.820546305542,0.4477259999839589,3.637978807091713e-12,52
2025-12-13,dp_closed,9720.857663555558,0.90565132531323,21343.820546305542,0.44547670002793893,3.637978807091713e-12,52
2025-12-14,greedy_closed,10089.821088232175,0.9082164136237995,57125.85871644276,0.7028605999657884,5.093170329928398e-11,60
2025-12-14,dp_closed,10089.821088232175,0.9082164136237995,57125.85871644276,0.6991875999956392,5.093170329928398e-11,60
2025-12-15,greedy_closed,10008.528141969182,0.9090238817294547,58154.005666640616,0.7789412999991328,2.1827872842550278e-11,60
2025-12-15,dp_closed,10008.528141969182,0.9090238817294547,58154.005666640616,0.77755190001335,2.1827872842550278e-11,60
2025-12-16,greedy_closed,10119.538149362612,0.9098642775420925,58368.51508506124,0.8218238999834284,2.1827872842550278e-11,61
2025-12-16,dp_closed,10119.538149362612,0.9098642775420925,58368.51508506124,0.829906300001312,2.1827872842550278e-11,61
2025-12-17,greedy_closed,9984.553878324241,0.911309598063835,58348.12416628327,0.7685960999806412,3.637978807091713e-11,61
2025-12-17,dp_closed,9984.553878324241,0.911309598063835,58348.12416628327,0.7597723000217229,3.637978807091713e-11,61
2025-12-18,greedy_closed,10072.377150328044,0.9117488396494979,58405.87316223292,0.7001489999820478,0.0,60
2025-12-18,dp_closed,10072.377150328044,0.9117488396494979,58405.87316223292,0.7079600000288337,0.0,60
2025-12-19,greedy_closed,10256.757025445377,0.9116335578784704,22371.033282883833,0.43580769997788593,2.546585164964199e-11,44
2025-12-19,dp_closed,10256.757025445377,0.9116335578784704,22371.033282883833,0.43940980004845187,2.546585164964199e-11,44
2025-12-20,greedy_closed,9894.170882894181,0.9111318064057372,22677.541641822776,0.4915807999786921,1.8189894035458565e-11,56
2025-12-20,dp_closed,9894.170882894181,0.9111318064057372,22677.541641822776,0.4970562999951653,1.8189894035458565e-11,56
2025-12-21,greedy_closed,10132.187785124703,0.9119758262073746,58618.08707831892,0.8527290999772958,0.0,60
2025-12-21,dp_closed,10132.187785124703,0.9119758262073746,58618.08707831892,0.8542633999604732,0.0,60
2025-12-22,greedy_closed,10290.660690874973,0.911745850171935,59247.21661160459,0.578880199987907,1.4551915228366852e-11,59
2025-12-22,dp_closed,10290.660690874973,0.911745850171935,59247.21661160459,0.587806100025773,1.4551915228366852e-11,59
2025-12-23,greedy_closed,9997.712531401163,0.9113127702792216,59522.083692619126,0.8059560999972746,4.3655745685100555e-11,59
2025-12-23,dp_closed,9997.712531401163,0.9113127702792216,59522.083692619126,0.8099248000071384,4.3655745685100555e-11,59
2025-12-24,greedy_closed,10333.588133021372,0.9099740667958321,58991.87900767617,0.6686001000343822,0.0,59
2025-12-24,dp_closed,10333.588133021372,0.9099740667958321,58991.87900767617,0.672707799996715,0.0,59
2025-12-25,greedy_closed,10130.764328143046,0.9101086055985451,59190.90733314626,0.7869417000329122,1.4551915228366852e-11,59
2025-12-25,dp_closed,10130.764328143046,0.9101086055985451,59190.90733314626,0.7942816999857314,1.4551915228366852e-11,59
2025-12-26,greedy_closed,10211.068349512334,0.9095721784686489,23085.06384626717,0.44847780000418425,4.3655745685100555e-11,47
2025-12-26,dp_closed,10211.068349512334,0.9095721784686489,23085.06384626717,0.4586623999639414,4.3655745685100555e-11,47
2025-12-27,greedy_closed,10552.64363066099,0.9098145310182661,23083.31344748972,0.4483562000095844,2.546585164964199e-11,47
2025-12-27,dp_closed,10552.64363066099,0.9098145310182661,23083.31344748972,0.44266040000366047,2.546585164964199e-11,47
2025-12-28,greedy_closed,10319.345035012804,0.9098819172463414,59432.86842853245,0.629155799979344,1.4551915228366852e-11,59
2025-12-28,dp_closed,10319.345035012804,0.9098819172463414,59432.86842853245,0.6357895000255667,1.4551915228366852e-11,59
2025-12-29,greedy_closed,10439.64454662434,0.9104092974676575,60142.501416018014,0.7979924000101164,4.3655745685100555e-11,60
2025-12-29,dp_closed,10439.64454662434,0.9104092974676575,60142.501416018014,0.7831114999717101,4.3655745685100555e-11,60
2025-12-30,greedy_closed,10250.653757914499,0.9059596953575845,60156.40507685928,0.7852045000181533,2.9103830456733704e-11,58
2025-12-30,dp_closed,10250.653757914499,0.9059596953575845,60156.40507685928,0.7928446000441909,2.9103830456733704e-11,58
2025-12-31,greedy_closed,10438.616443143517,0.9059318892968876,59743.18175993004,0.7433720999979414,1.4551915228366852e-11,58
2025-12-31,dp_closed,10438.616443143517,0.9059318892968876,59743.18175993004,0.7483471999876201,1.4551915228366852e-11,58
