date,days,purchase_kwh,emergency_kwh,actual_grid_kwh,planned_cost_yuan,emergency_cost_yuan,total_cost_yuan,charge_kwh,discharge_kwh,curtailment_kwh,emergency_intervals,emergency_days,emergency_while_charging_kwh,emergency_while_charging_intervals,waste_while_discharging_kwh,soc_start_kwh,soc_end_kwh,v2b_total_cost_yuan,savings_vs_v2b_yuan
2025-02-01,1,47108.69673477165,53.88252315074209,47162.57925792239,24536.508708154528,225.49712042534662,24762.005828579873,20708.02122045702,16799.67666111798,8876.058765250023,6,1,0.0,0,3126.4911161115397,5999.999999999998,5970.91169716911,24837.681053606968,75.67522502709471
2025-02-02,1,92642.0658755059,43.182846855203366,92685.2487223611,58510.15623006874,241.01012429834287,58751.16635436708,24932.73126384869,20169.33285116964,9565.572359682048,5,1,9.905549688582255,1,3664.313197825284,5970.91169716911,6000.0,58603.791989630314,-147.37436473676644
2025-02-03,1,91386.15482736447,83.39298159421364,91469.54780895868,57563.479479039546,298.6487238616693,57862.128202901215,24626.869756184373,19947.764502509348,6573.526055283658,10,1,56.6429833551158,5,2723.8341743450137,6000.0,6000.0,57884.221926939535,22.093724038320943
2025-02-04,1,91138.6012547946,652.6625632670077,91791.2638180616,57297.346839558224,2640.241243368138,59937.58808292636,24564.170542212792,19896.978139192364,5929.207465041181,22,1,215.9900864183171,8,1794.2034206864153,6000.0,6000.0,60125.07786407172,187.48978114535566
2025-02-05,1,90951.81537123266,233.16410481074877,91184.97947604342,57238.92264230261,863.564464299919,58102.48710660253,24587.53421717913,19915.902715915094,5764.920991446041,14,1,121.84640953252244,6,1926.7751525389144,6000.0,6000.0,58088.400388662485,-14.086717940044764
2025-02-06,1,91224.01153942634,120.40638794536684,91344.4179273717,57519.70753679443,546.1878991935481,58065.89543598797,24611.597275779335,19936.64790692369,6398.411341849397,10,1,39.86681259808461,3,2507.054943284706,6000.0,5998.606540508415,58215.019277049105,149.12384106113313
2025-02-07,1,44642.62631250728,144.64986649774266,44787.27617900502,23004.73184259773,803.4732924661128,23808.20513506384,20695.49832686509,16762.099531218293,9048.197716691557,13,1,7.982830459833394,2,1844.1130692723764,5998.606540508415,6000.0,23780.61528583093,-27.589849232910638
2025-02-08,1,42785.66022939172,186.22174836336467,42971.88197775508,22058.436880588102,1015.2290887376857,23073.66596932579,20461.99715679256,16574.217697001972,7506.939801297829,16,1,52.83689012149193,4,2455.0648787665286,6000.0,6000.000000000001,23119.492744909207,45.82677558341675
2025-02-09,1,88011.2695294969,511.5165912891506,88522.78612078606,55257.45400300764,1602.0954767731305,56859.54947978077,24574.57032546474,19905.40196362645,4298.201792281086,18,1,333.51878422111423,7,1501.9411758059148,6000.000000000001,6000.0,57090.935663424636,231.3861836438664
2025-02-10,1,88162.82575376949,110.3939998926838,88273.21975366217,55357.34385018368,527.0871785354012,55884.43102871908,24619.020332728018,19951.51949328247,9279.081330883295,11,1,27.433527000230924,5,4215.213707546515,6000.0,5988.763306919138,55871.78879841227,-12.642230306810234
2025-02-11,1,86887.68583263784,111.85913337486909,86999.5449660127,54377.59071051423,622.6045787661191,55000.19528928035,24509.490041133817,19846.97090266788,7116.428694213439,11,1,17.175500454652706,2,2460.511196710245,5988.763306919138,5995.114452086374,54895.463155781246,-104.73213349910657
2025-02-12,1,85321.08739948702,389.3855696648042,85710.47296915183,53311.19784472433,1572.9558778831656,54884.153722607494,24319.53803910252,19695.66411768775,5819.862914403717,24,1,88.90105411402772,6,2484.453811808069,5995.114452086374,5998.627445403363,54930.79154276581,46.63782015831384
2025-02-13,1,84784.95815971261,242.26503907075218,85027.22319878337,53022.16219782066,795.935405676857,53818.09760349752,24253.20832073411,19650.801992463643,9095.337853846224,23,1,119.78076617408408,11,4502.320919568572,5998.627445403363,5992.290497993344,53728.29434374154,-89.80325975597952
2025-02-14,1,37242.86877846178,812.2095592945994,38055.07833775638,19289.51690264792,2616.009029156972,21905.525931804892,19195.792322543624,15541.653229454343,4599.137428000432,34,1,555.6254271763373,16,1163.4654492307566,5992.290497993344,6000.0,21906.071940959504,0.5460091546119656
2025-02-15,1,36151.494449673875,777.7963576500198,36929.290807323894,18713.27420078771,2772.726977061311,21486.00117784902,18638.43668584271,15099.672411234978,4110.435432716166,40,1,320.9999337370157,11,833.7684111109861,6000.0,5997.179226997354,21720.787295977767,234.78611812874806
2025-02-16,1,81031.00431190294,1230.6392393779142,82261.64355128085,50212.47123818955,4867.890659297866,55080.36189748742,23363.95088316549,18939.902781877125,2460.2163499925005,64,1,550.5530644865854,29,1239.9808608150772,5997.179226997354,5980.398597538385,55196.61286814046,116.25097065303999
2025-02-17,1,81036.93809442122,335.31067826672137,81372.24877268793,50177.13865703837,1139.5505328031757,51316.68918984154,23293.376886973594,18867.08895245072,5762.097671498394,27,1,183.06330764601057,12,2829.004568817067,5980.398597538385,5981.0056264249415,51427.01382665547,110.32463681392983
2025-02-18,1,80338.00216658467,497.63223762535165,80835.63440421002,49653.05285333961,1925.8671566398662,51578.920009979476,23382.67330577178,18928.038217904144,4289.6115330090615,34,1,289.6691404758562,19,2165.246075562329,5981.0056264249415,5994.258026170498,51610.700346707374,31.78033672789752
2025-02-19,1,79863.45171007383,1173.779480468009,81037.23119054185,49278.530972346365,4211.494674927199,53490.025647273564,23487.057052751657,19041.32690851885,3712.173662975702,49,1,498.1290469791451,22,797.6315604792715,5994.258026170498,5975.57947529271,53739.52459123708,249.49894396351738
2025-02-20,1,79764.93631489796,496.209688264922,80261.14600316288,49200.21912150195,2042.981807468668,51243.20092897061,23352.876821792943,18923.592463350895,4838.727911387498,34,1,174.60459496617852,14,1850.7960597838314,5975.57947529271,5966.954766738698,51418.53921578905,175.3382868184417
2025-02-21,1,35677.503682564704,604.6603958127606,36282.164078377464,18513.38665835837,2088.6199019721803,20602.006560330552,18260.2761703825,14794.90319590171,7256.5290705633415,31,1,227.96266389782812,10,1204.70203741565,5966.954766738698,5962.421991303269,20518.87774205239,-83.1288182781609
2025-02-22,1,35174.118336227184,829.0486912986704,36003.16702752585,18239.410734362496,3109.03382801773,21348.444562380228,17980.802890552004,14570.976143935226,4748.577397575744,43,1,433.9874847306439,23,982.4351630415573,5962.421991303269,5955.171099538712,21391.56568430485,43.12112192462155
2025-02-23,1,78548.44339764726,1122.7748055478116,79671.21820319508,48313.097096602345,3685.8123196785546,51998.9094162809,23393.957869475984,18926.45629895739,3671.862949343152,50,1,603.755176283202,22,1313.808195932973,5955.171099538712,5980.337294336668,52131.7970378941,132.88762161320483
2025-02-24,1,78111.84414428174,426.7482487668593,78538.5923930486,47956.276513931516,1845.812389759036,49802.08890369056,23241.685765967137,18808.069035336383,5901.942045751178,31,1,204.248886092406,15,2598.745800829817,5980.337294336668,6000.0,49624.43488134203,-177.6540223485281
2025-02-25,1,77860.9860431498,376.6872704483603,78237.67331359815,47825.68210752762,1267.9592229209268,49093.64133044855,23299.675018855854,18872.73676527324,7989.411826682208,24,1,101.39822842851902,11,3492.286947124447,6000.0,6000.0,49265.94545390229,172.30412345374498
2025-02-26,1,77219.71070272494,583.4729023687413,77803.18360509368,47396.27179743052,2382.3711852515235,49778.642982682046,22991.300192373914,18622.95315582287,4619.988535209311,35,1,238.5659811349094,14,2152.2189848152407,6000.0,6000.0,49954.59245259788,175.9494699158313
2025-02-27,1,76628.58436963243,428.7201470727812,77057.3045167052,46946.17266274792,2061.361261926982,49007.533924674906,22994.669673054294,18625.682435173978,5731.733078824896,25,1,29.393319786496136,5,989.8267667784969,6000.0,6000.0,49449.1963432952,441.6624186202971
2025-02-28,1,35000.94268016161,394.3212221362243,35395.26390229783,18091.715628516795,1423.4540704305155,19515.16969894731,17775.15267293573,14402.366604921612,8729.88428428372,28,1,123.85787090595977,7,1148.1900774986718,6000.0,5995.007844618141,19922.78781822888,407.6181192815711
2025-03-01,1,34652.7514346,330.5824607146499,34983.33389531465,17953.397196525828,1393.6203624388663,19347.017558964693,17490.901951625146,14163.137640972694,7996.80365132887,20,1,107.62940068238817,6,1263.344180632914,5995.007844618141,6000.0,19766.704509641648,419.68695067695444
2025-03-02,1,75562.29640718781,4318.811005685791,79881.10741287359,46293.044246426,16302.17454765461,62595.2187940806,23026.179419244912,18651.20532958837,3147.826256550389,54,1,2867.892850486597,35,1154.807913629705,6000.0,6000.0,62785.354280805506,190.13548672490288
2025-03-03,1,76357.92003653433,2696.8189730840104,79054.73900961834,46761.34738799102,11087.701158041416,57849.048546032434,23390.730135860198,18946.491410046765,2593.353650471568,59,1,1049.7916117724012,27,756.5975026091091,6000.0,6000.0,58059.68172863853,210.6331826060923
2025-03-04,1,78320.09349566014,286.875650456445,78606.9691461166,48227.63513487599,868.0460242908631,49095.68115916686,23338.447081053855,18905.941436279598,4975.005568008997,23,1,117.87254839137665,10,1926.0366747159933,6000.0,5998.000777082246,49322.73676592427,227.05560675740708
2025-03-05,1,79480.65332722699,86.05955685048451,79566.71288407747,48998.17111848397,343.21266723418057,49341.38378571816,23154.801962216556,18753.590288769432,9035.02919396369,16,1,20.5823166403477,5,3866.923999679393,5998.000777082246,6000.0,49350.18223849303,8.798452774870384
2025-03-06,1,79020.08764704401,148.18087223376972,79168.26851927779,48789.35310357993,514.9709834511945,49304.32408703113,23149.626339481303,18765.3481055707,8843.336152033848,17,1,65.42950086524365,8,4644.2797436606415,6000.0,5984.276921565723,49356.10074619279,51.77665916166006
2025-03-07,1,34300.32958420836,140.12985437770328,34440.45943858606,17813.780175873846,442.27042149155574,18256.050597365404,17242.46232502594,13952.24371268016,10227.955292906949,13,1,100.28908317033637,8,2173.596828716735,5984.276921565723,6000.0,18218.358655209122,-37.691942156281584
2025-03-08,1,33363.06117728162,176.39211203732725,33539.453289318946,17451.33174104517,452.52005810299636,17903.851799148164,16669.291327506857,13502.125975280553,11309.14842042598,16,1,57.545030928910876,5,1587.8654120635879,6000.0,6000.0,17911.427659265337,7.5758601171728515
2025-03-09,1,77219.76420468357,257.13315461667924,77476.89735930024,47423.23173464303,989.3716423382145,48412.60337698124,23260.467776618385,18850.218771893455,9733.123304575322,15,1,91.35157195883426,6,3476.8387343049026,6000.0,5989.733474630482,48344.59420223806,-68.00917474317976
2025-03-10,1,75477.85700321652,1358.6225907739126,76836.47959399043,46174.72412571788,3877.802138550607,50052.52626426849,23356.708625907155,18929.719457057134,4367.418975140403,33,1,1149.0813609360475,24,2565.5168790170055,5989.733474630482,5977.74961899455,50066.29749251472,13.771228246230748
2025-03-11,1,75481.65677470787,380.4677936637577,75862.12456837163,45949.59677220656,1467.158924565422,47416.75569677198,23309.8849026857,18860.9814282705,7474.302293956433,23,1,132.2643279486482,8,3774.3154368594032,5977.74961899455,6000.0,47199.989122886625,-216.76657388535386
2025-03-12,1,74920.20875388828,395.9645328225037,75316.17328671078,45615.951420386686,1239.5104716121166,46855.4618919988,23209.91530147047,18841.70831313961,8512.431615046578,26,1,200.19864340460578,14,4084.863004258857,6000.0,5953.692312279425,46859.67644928582,4.214557287021307
2025-03-13,1,73720.42494971643,1788.6280449789492,75509.05299469538,44857.9493932532,7188.2616247007845,52046.21101795398,22561.292170877412,18232.969739462187,3635.1125466134818,45,1,949.4741400077978,25,1749.1711843154633,5953.692312279425,6000.0,52843.534614193064,797.3235962390827
2025-03-14,1,31864.833822374185,198.68614428293984,32063.519966657124,16578.24036374175,822.0239789416011,17400.26434268335,16033.175877005582,12993.145221714458,12994.06332803267,16,1,4.54517764343268,2,1191.80794241559,6000.0,5993.0302651778475,17608.291515154855,208.02717247150576
2025-03-15,1,31521.983470451945,676.9923608321371,32198.975831284082,16474.782888871938,2325.0848695567756,18799.867758428714,16022.596276448721,12976.329863164561,8228.584267999924,37,1,179.5209776473003,8,677.0949594676698,5993.0302651778475,5995.222621576631,18692.584774076116,-107.28298435259785
2025-03-16,1,73315.15723364976,724.6246073489173,74039.78184099868,44462.913732851375,2842.1370225477563,47305.05075539913,22399.172142068863,18140.337517433578,6429.900283030054,33,1,320.5104668483507,13,2755.592677892596,5995.222621576631,5998.546974512418,47741.147505319226,436.0967499200997
2025-03-17,1,72791.7808039537,212.79439699747775,73004.57520095118,44072.23411129029,819.9342272801116,44892.1683385704,22020.231067386856,17835.079441644528,10961.292141875525,14,1,64.38036308902713,5,4467.78265784576,5998.546974512418,6000.0,44831.95476477479,-60.21357379561232
2025-03-18,1,70226.31425253257,973.6915085565579,71200.00576108912,42262.63677446655,4688.335013019821,46950.97178748636,21744.17049775022,17660.7838918826,5990.660788554843,35,1,45.3676900119608,3,1159.324903604761,6000.0,5946.660234772309,47953.02885620922,1002.0570687228537
2025-03-19,1,70227.49464823755,569.8861509691151,70797.38079920667,42301.9326398458,2859.998512787532,45161.93115263333,21866.878134782688,17666.744890330156,7131.777104754132,21,1,45.18768251185543,5,1203.690942232603,5946.660234772309,5997.134011265448,45677.24807417138,515.3169215380476
2025-03-20,1,69885.79111179117,623.0179919900346,70508.80910378121,42210.97675705566,2454.13144264849,44665.10819970415,21957.43546145763,17782.943333919575,4125.355159576489,37,1,331.0188275651129,18,1182.5113559206836,5997.134011265448,6000.0,44753.326657382466,88.21845767831837
2025-03-21,1,30852.32182934973,382.59657395228226,31234.918403302014,15929.915975667343,1299.7161728516442,17229.632148518987,16045.263949908038,13005.020451588232,16161.210388315541,29,1,121.1328480997264,9,990.0847659223581,6000.0,5990.714830930308,17141.057475996724,-88.57467252226343
2025-03-22,1,31024.31749295866,378.5211091057955,31402.838602064458,16082.590640686465,1238.8267595086545,17321.417400195118,16078.276543042655,13018.189676342714,12461.552002031181,22,1,241.51253718375486,12,1047.449898924614,5990.714830930308,5996.508523732345,17385.321593042834,63.90419284771633
2025-03-23,1,68335.22038996742,738.1297514851666,69073.35014145258,41194.107692636964,2807.6872776447885,44001.79497028176,21708.621579769544,17590.801220439516,6185.809665455886,36,1,238.43804843387082,13,1686.9501441025518,5996.508523732345,5988.93325614769,43961.78443628162,-40.01053400013916
2025-03-24,1,68027.55711695389,598.0907725310311,68625.64788948491,40991.5136127776,2106.6268245137417,43098.14043729134,21605.0797742994,17527.784355253876,6549.8553871060685,32,1,231.66215794176125,11,1550.5033789044883,5988.93325614769,5958.189102735068,43480.00910580167,381.8686685103312
2025-03-25,1,67516.56393039915,1370.5225214938534,68887.086451893,40685.38163090013,4690.887763414651,45376.269394314775,21811.77961704436,17629.91168226749,3755.093800449465,45,1,936.7169616250303,27,1318.1476030559852,5958.189102735068,6000.0,45403.05865168481,26.789257370037376
2025-03-26,1,68259.82905131872,176.29058608403557,68436.11963740276,41061.10026875416,482.4751169363491,41543.575385690514,21635.667888553457,17524.890989728297,8732.787871910932,13,1,107.87340357236036,5,3329.832461384224,6000.0,6000.0,41534.140443029886,-9.434942660627712
2025-03-27,1,67647.47970530714,612.6335552080916,68260.11326051522,40744.211478934565,2127.564109154716,42871.77558808928,21707.941523328474,17600.558948144044,5435.741285330794,27,1,231.04824774587865,11,1763.149002583305,6000.0,5980.970761946688,42818.063435981654,-53.712152107626025
2025-03-28,1,30209.17216858985,372.4335011575782,30581.605669747427,15402.45352208266,1420.4674065174133,16822.920928600073,16026.536551986826,12964.36829286135,16697.556643955286,24,1,120.34077828586715,6,841.2026410465395,5980.970761946688,6000.0,16778.61254860166,-44.30837999841242
2025-03-29,1,30352.00118035456,235.6960008374999,30587.69718119206,15467.095698204601,874.2793093411002,16341.375007545701,16012.475470813117,12980.318087366688,19848.330614412298,20,1,45.459937979122174,3,1042.4510816041973,6000.0,5988.652271102152,16274.31547448522,-67.05953306048104
2025-03-30,1,64265.603498415745,819.4385472497883,65085.042045665534,38669.54015101427,3159.435179474624,41828.97533048889,21502.059836549724,17406.455511597218,5643.818020713025,34,1,517.3759357965068,18,1752.4514758403427,5988.652271102152,6000.0,42134.76771564178,305.79238515289035
2025-03-31,1,63574.08142695085,1966.3361929151515,65540.417619866,38198.91292946306,7475.367717105556,45674.280646568615,21467.20379396266,17388.435073109755,4510.25941567976,46,1,1545.6942703707261,31,2557.0175819935494,6000.0,6000.0,46077.368885160126,403.08823859151016
2025-04-01,1,64358.5475993809,3112.4623460550974,67471.009945436,38535.79454285568,8817.105170580613,47352.899713436294,21556.256825668825,17463.351635121417,3169.253238221923,59,1,2673.5701452524268,30,1786.5649120393682,6000.0,5996.907104078148,47648.78062276718,295.88090933088824
2025-04-02,1,64914.37894114538,3092.84277248282,68007.2217136282,38725.108406023064,12318.57112436951,51043.679530392576,21543.573593542722,17447.511004439937,3475.823724525416,56,1,1413.5348463389969,22,788.672498406818,5996.907104078148,6000.0,52217.71101380157,1174.031483408995
2025-04-03,1,66585.40374115367,399.79397658871255,66985.19771774238,39702.07309732879,1593.7140303442707,41295.78712767306,21670.932889498035,17554.058793277465,7004.793354855141,26,1,78.69979661082391,4,1216.533638622978,6000.0,5999.32983023994,41419.51627875274,123.72915107967856
2025-04-04,1,29783.94054113699,181.9548774112117,29965.895418548203,15094.941334713882,730.2459678406865,15825.187302554568,16036.12017708821,12998.666315879183,20497.639307339177,16,1,14.89278983415943,2,1049.6460496841207,5999.32983023994,5988.875416420238,15861.573049826251,36.3857472716827
2025-04-05,1,29979.21815704981,558.2122288632263,30537.430385913038,15179.303835435529,2153.6448032621583,17332.948638697686,16038.8853025076,12981.484969809375,15435.915069881477,27,1,354.9906285592586,11,1191.7799570308048,5988.875416420238,6000.0,17219.166943122334,-113.78169557535148
2025-04-06,1,66410.95352963892,174.11398926455,66585.06751890347,39422.18745553025,703.3988846084889,40125.58634013874,21734.572497888017,17605.00372328929,8045.422477638082,13,1,20.812774963645495,2,2775.4873612549627,6000.0,6000.0,40031.50725413221,-94.07908600653172
2025-04-07,1,65854.1500518769,176.23395784245696,66030.38400971936,38994.50485683795,485.56013986765953,39480.06499670561,21652.940315067826,17543.321375496947,8678.04578681514,16,1,88.6880911767305,7,3276.1821129736804,6000.0,5995.066977453326,39476.44391977004,-3.621076935567544
2025-04-08,1,65722.5695041373,595.3585910431368,66317.92809518044,38912.034255976214,2780.8047137428566,41692.838969719065,21652.886235481732,17553.13607844414,7864.984321476167,35,1,55.35999849500979,6,1558.8341607606587,5995.066977453326,5979.180057782289,41703.8970320601,11.05806234103511
2025-04-09,1,64567.02502201335,1801.7363162582733,66368.76133827162,38357.33430009919,6071.909462243222,44429.24376234241,21568.91759487704,17465.802631449715,3131.33535817763,47,1,1595.597367487695,33,1098.8919147962704,5979.180057782289,5984.758524894162,44465.33169072687,36.087928384455154
2025-04-10,1,65751.57938019345,606.1903851568032,66357.76976535025,39037.700596739676,2734.100705531706,41771.801302271386,21847.54665451311,17682.79546256036,7732.3806733975025,32,1,117.55923271550142,10,2022.4374645391956,5984.758524894162,6000.0,42017.4321005124,245.63079824101442
2025-04-11,1,29183.61099050627,386.8264687926549,29570.437459298926,14650.545873058034,1488.2387036464713,16138.784576704506,16040.276340306491,12992.623835648263,21206.134787974028,23,1,188.31568513593749,9,1402.7484409309434,6000.0,6000.0,16253.099711901148,114.31513519664259
2025-04-12,1,29526.071356041208,162.14117332148237,29688.21252936269,14847.18083076083,689.9216560006131,15537.102486761441,16053.418148900075,13008.10161697388,17617.7354474365,9,1,20.58889581958607,2,1745.3103642904136,6000.0,5994.6300929279805,15530.948010756842,-6.154476004599928
2025-04-13,1,64984.92839902231,299.2126891636255,65284.14108818594,38410.07437928626,1373.3160401319117,39783.39041941818,21623.996673019974,17533.639812089015,6917.425743921644,25,1,19.35950966353778,5,2385.3888025113133,5994.6300929279805,5974.405085213725,39789.96657042234,6.57615100415569
2025-04-14,1,64568.85266376129,276.6621629182329,64845.51482667952,38086.279112237375,1186.2569836498017,39272.536095887175,21458.76453580765,17358.563850696555,8217.282341568422,23,1,104.03770665687432,9,2189.788047703654,5974.405085213725,6000.0,39306.32743543932,33.79133955214638
2025-04-15,1,64593.1872300765,94.02055040430315,64687.20778048081,38213.78056836207,429.84033316047504,38643.62090152255,21475.136157464094,17403.944371304693,10476.58716098807,11,1,63.033960636059135,4,4455.253540912389,6000.0,5989.906573601358,38642.430391209375,-1.1905103131721262
2025-04-16,1,63411.125760508185,595.5588086520886,64006.68456916027,37514.99269662666,1920.4263663245486,39435.41906295121,21118.738628344152,17116.099642528814,4224.453633344935,33,1,399.08189139794223,18,1602.403327577597,5989.906573601358,5978.882847412405,39811.37485265013,375.95578969892085
2025-04-17,1,62256.96071154632,212.33208958730606,62469.292801133626,36966.33890468173,969.0261913276632,37935.365096009395,20675.418116045257,16738.199028690437,5663.731363778809,19,1,114.97497922327744,7,1889.451377916724,5978.882847412405,5988.760231085986,38147.46664981432,212.10155380492506
2025-04-18,1,28662.487320280867,183.17867452749158,28845.665994808358,14293.79014826796,557.0172674886434,14850.807415756604,16016.053377528451,12962.887443775435,19438.382877722004,16,1,48.890695510486296,5,1262.7130879532697,5988.760231085986,6000.0,14908.335462583605,57.52804682700116
2025-04-19,1,28533.749621708685,239.94103453915875,28773.690656247843,14225.318389728776,671.5607579736833,14896.87914770246,16014.324874843773,12971.603148623453,18946.289680027523,11,1,27.022168535921082,2,1251.301959201166,6000.0,6000.0,15006.899477751194,110.02033004873374
2025-04-20,1,61814.73144195273,404.5222038379022,62219.25364579063,36548.49811525392,1625.3627174438807,38173.8608326978,20905.91083960449,16933.78778007964,6289.385702932455,21,1,112.34433281428474,6,1759.4589431304025,6000.0,6000.0,38313.027304504125,139.16647180632572
2025-04-21,1,61589.531866203506,329.0426531150333,61918.57451931854,36315.87940651167,1100.0589631363828,37415.93836964805,20653.32063569043,16738.34511693613,9486.688617230906,25,1,152.3409478036234,11,2861.7451621531645,6000.0,5989.827331081249,37345.85906452578,-70.07930512227176
2025-04-22,1,60953.583801929075,635.6646874102231,61589.2484893393,36205.6530132423,2030.0767601050152,38235.72977334731,20590.146287313702,16668.863090697225,5515.035976056152,27,1,376.0841589683435,14,1961.4168134419251,5989.827331081249,6000.0,38167.607393168,-68.1223801793094
2025-04-23,1,61523.6354042007,323.38545184472014,61847.02085604542,36329.427489072215,1019.4727233153628,37348.900212387576,20560.27244957748,16658.796990702558,6545.628680503832,21,1,182.7344123130056,13,2796.7089553418973,6000.0,5994.470770505779,37439.877134949114,90.97692256153823
2025-04-24,1,60416.68709625399,120.16228172209102,60536.84937797608,35772.48391665235,512.9065089166887,36285.39042556904,20435.581029833218,16547.844327620103,9559.005975762972,18,1,49.212265109162786,6,3090.2837167331736,5994.470770505779,6000.0,36297.44454993917,12.054124370130012
2025-04-25,1,27609.05705109131,178.99769969223166,27788.05475078354,13512.90539978285,595.1820040584212,14108.087403841273,16031.050691021983,12994.840696174497,22751.487105936052,14,1,98.10585469335984,6,1352.9032959399726,6000.0,5989.233737281454,14228.583221304765,120.49581746349213
2025-04-26,1,27464.525024154496,415.435917271992,27879.96094142649,13436.557084945183,1515.524380675388,14952.081465620571,16001.642955745087,12958.568203947842,24766.69255629591,28,1,223.40695775507103,13,1172.887210998273,5989.233737281454,5992.303281954426,14974.064505436127,21.983039815555458
2025-04-27,1,57323.340456883816,1029.6438849032545,58352.98434178707,33825.8140944689,4338.424330804505,38164.238425273405,20445.273882551435,16553.74479862564,5887.984074527942,37,1,388.769342172543,10,1160.2204998832394,5992.303281954426,6000.0,38491.05813830441,326.81971303100727
2025-04-28,1,57415.79763243956,5521.200728810038,62936.99836124959,33980.90881125893,20005.17436489711,53986.08317615604,20375.52997033749,16507.197876498405,2446.698950743835,65,1,4821.40045136176,48,1228.523845437101,6000.0,5996.64599941663,54267.756567187615,281.6733910315743
2025-04-29,1,59288.18134961121,576.9967960969402,59865.178145708145,35067.50839869186,2455.5928622907254,37523.10126098259,19565.804361243387,15845.282932082113,8711.442999880212,18,1,276.3863317601499,8,2836.2082030353736,5996.64599941663,6000.0,37509.7676278413,-13.33363314129383
2025-04-30,1,58984.08433914275,840.211274174939,59824.295613317685,34954.26486935503,3077.506301600198,38031.771170955224,19502.994044640775,15797.425176159028,7861.872311502603,34,1,567.2080451968844,18,2907.0932800738606,6000.0,6000.0,38166.19882681597,134.4276558607453
2025-05-01,1,58568.23502587691,2546.385726344014,61114.62075222092,34855.287503036925,12150.583132491365,47005.87063552829,19568.988015571824,15969.195176330253,6503.449112979351,61,1,500.78693867900785,14,964.93152008291,6000.0,5868.539018092131,47075.38071177381,69.51007624551858
2025-05-02,1,27554.395030188185,3207.5685195185724,30761.963549706757,13640.197259090557,14392.447001690582,28032.64426078114,16102.251504101796,12979.585008452144,13348.976970723772,74,1,1366.3598694286022,33,203.6813275079581,5868.539018092131,5938.804251281368,28058.15664764773,25.512386866590532
2025-05-03,1,28301.8861547901,1371.8682289645658,29673.754383754665,14176.272199410381,6935.588184627329,21111.860384037707,16100.523682090858,12997.197297305342,17703.25634896915,38,1,316.75604764332235,10,558.9231980924892,5938.804251281368,5987.945234823871,21172.501286726518,60.640902688810456
2025-05-04,1,63102.86275561037,1158.7412874259612,64261.60404303633,37571.24353811755,5344.030524165896,42915.274062283446,19993.14421510943,16243.191660596924,8776.984155190488,47,1,366.4108622750948,19,3297.2472856293543,5987.945234823871,5933.784294425783,43243.3921403343,328.1180780508512
2025-05-05,1,64145.38911650079,1562.0973740308752,65707.48649053166,38255.0528882428,6811.345008504919,45066.397896747716,20128.18696920366,16245.919900850175,6749.21262217818,48,1,592.1125289108992,18,1075.342469138611,5933.784294425783,5998.130454653327,45360.14231317441,293.7444164266926
2025-05-06,1,63852.472049590804,1210.8683106326987,65063.340360223505,38382.51104698909,4621.432692644265,43003.94373963336,20082.071822101996,16377.17178080161,8488.357952256449,36,1,547.2154569371191,13,1081.0545657268592,5998.130454653327,5875.137560321117,43369.4661190358,365.5223794024423
2025-05-07,1,65124.84288491183,854.5382448735345,65979.38112978537,39001.03535597613,4075.8865234860964,43076.92187946223,20915.867184459305,16894.527769371354,6890.195764697413,39,1,222.92414791484555,14,2004.4376896520694,5875.137560321117,5927.7205048107635,42754.63900389223,-322.28287556999567
2025-05-08,1,66901.78627954861,604.6591496486101,67506.44542919722,40794.97805945704,2522.872088055199,43317.85014751224,21456.27309534558,17324.745987970447,7548.405921822097,19,1,225.08453566090998,10,3038.859878142986,5927.7205048107635,5988.648526210183,43607.561757875745,289.7116103635053
2025-05-09,1,31267.221950853498,117.58756149426759,31384.809512347765,16897.42857471438,367.0188638408059,17264.447438555184,16026.020879510841,12970.860585992945,19830.263368829867,8,1,30.368405379447523,2,1763.300318629112,5988.648526210183,6000.0,17314.611015315473,50.16357676028929
2025-05-10,1,31234.709808318767,236.32124287744531,31471.031051196213,16877.795017603807,779.7182985683944,17657.5133161722,16009.184383830672,12990.955638205918,16331.757022238124,17,1,111.86267767132122,7,1592.3079780214841,6000.0,5973.870791885474,17818.476456233002,160.96314006080138
2025-05-11,1,67722.49817024103,360.09272543795703,68082.590895679,41029.95553037687,1371.2009590828447,42401.15648945971,21379.340782171854,17296.71594610514,8515.886976278936,24,1,186.46090716312267,13,3079.8984569870863,5973.870791885474,5996.704222389982,42437.168681843774,36.01219238406338
2025-05-12,1,68727.9956937135,407.1978707100227,69135.19356442352,41588.46234751766,1155.9547320752545,42744.41707959292,21629.427047527228,17519.33207933735,13093.903362900304,15,1,300.89328038507983,5,6822.772832939413,5996.704222389982,5997.264032567432,43126.758404087566,382.3413244946496
2025-05-13,1,67700.03524935362,92.827878886289,67792.86312823991,40955.80710764834,277.9923220853114,41233.799429733655,21056.18445548156,17053.04703825076,10660.512944342432,7,1,55.678243255719735,5,3228.814566712152,5997.264032567432,6000.0,41268.67205718354,34.87262744988402
2025-05-14,1,67999.76980080357,177.9298407347583,68177.69964153832,41092.57230270515,545.082696413186,41637.654999118335,20865.647716686646,16901.174650516175,11199.077792034524,11,1,29.213197438314523,3,4260.905383013982,6000.0,6000.0,41679.253960975526,41.59896185719117
2025-05-15,1,68015.17433557706,329.57038803409813,68344.74472361116,41475.99749354555,1245.1824721629678,42721.179965708514,20863.984651942428,16899.827568073364,11615.529356408768,15,1,216.1813623041943,8,4662.559305460819,6000.0,6000.0,42734.99205262362,13.812086915102554
2025-05-16,1,31211.441270112613,111.46509831995468,31322.906368432567,17004.600878954647,317.24670774541283,17321.84758670006,16014.451010875477,12976.738136772996,25569.686960996754,7,1,63.29489958985869,4,3044.345886930915,6000.0,5994.407980040156,17298.69611542564,-23.151471274421056
2025-05-17,1,31004.94035445547,440.2784352837306,31445.2187897392,16806.38925310852,1610.7845136579124,18417.17376676643,16041.806067496456,12997.830178426537,17952.44381733595,15,1,273.9674175752375,6,2271.228195807916,5994.407980040156,5989.999909201921,18638.836939444704,221.66317267827253
2025-05-18,1,65181.90660079736,696.8662562921459,65878.77285708951,39702.92311045878,2038.27022382647,41741.19333428526,19543.077075882964,15820.892349746926,8480.420030953468,25,1,430.2896172962979,13,2740.7799346247484,5989.999909201921,6000.0,41710.7259905651,-30.46734372015635
2025-05-19,1,65163.94265019406,155.78693979853676,65319.729589992596,39429.680702325546,910.2367000725137,40339.91740239806,19692.465957373923,15950.897425472876,14062.944508091554,12,1,5.040170436332971,2,3468.4982490959783,6000.0,6000.0,40342.23847686462,2.3210744665630045
2025-05-20,1,64046.218596504135,688.0467707422308,64734.265367246364,38780.63458630146,2576.1393449111556,41356.77393121261,19608.25004895641,15882.68253965469,6481.303041277978,25,1,610.810255911549,20,2319.9202716568034,6000.0,6000.0,41255.85589109092,-100.91804012168723
2025-05-21,1,64148.7611598979,642.7680966529962,64791.52925655089,38812.95327197243,2392.7812688456834,41205.73454081811,19223.595048939544,15577.153271557976,9782.472195835995,21,1,417.3796324172634,14,2907.119571519275,6000.0,5993.287464536725,41292.79752655875,87.0629857406384
2025-05-22,1,63709.88232846208,176.2703739696949,63886.15270243178,38770.07709709658,641.8103916829762,39411.887488779554,19143.300679582728,15500.032268545061,9426.253474727439,10,1,70.93822111775273,4,2845.6196137916763,5993.287464536725,6000.0,39404.93347820422,-6.954010575333086
2025-05-23,1,29771.395373819865,121.87024829791528,29893.265622117782,15958.14998583403,295.97656662158903,16254.12655245562,16010.354825503095,12968.387408657505,20430.34932193886,12,1,83.39003860237597,5,1618.8058348909353,6000.0,6000.0,16455.005860323916,200.87930786829565
2025-05-24,1,30104.11774817834,157.418970898821,30261.53671907716,16177.132208559939,464.66211842814954,16641.79432698809,16024.095970317783,12979.5177359574,23462.457101383447,14,1,0.0,0,1948.6700369692144,6000.0,6000.0,16573.269825578573,-68.52450140951623
2025-05-25,1,62412.904251561915,159.35542021808757,62572.259671780004,37979.78212966116,704.2624625938696,38684.04459225503,18670.153499253236,15123.293732506252,10480.389721699681,15,1,17.71845705726878,5,2581.026217747229,6000.0,5999.478446543192,38737.006012835875,52.96142058084661
2025-05-26,1,60968.49610761525,2222.2485517518808,63190.74465936713,37141.63091982873,7968.328989792603,45109.95990962133,19151.849869587117,15544.984095057936,5004.045934837951,41,1,1644.5928092831368,23,1683.468508505005,5999.478446543192,5963.93877910722,46021.093246741424,911.1333371200963
2025-05-27,1,62502.51248617453,135.36021913026534,62637.87270530479,37926.93485325725,389.6232202862062,38316.558073543456,18983.039290057317,15350.549431808286,9615.015547055758,12,1,77.7305259265365,5,2846.5718922567644,5963.93877910722,5992.508104816266,38245.011545328976,-71.54652821447962
2025-05-28,1,61811.46066421617,1414.5749814186408,63226.03564563481,37508.85947665662,4363.642172356394,41872.50164901301,18877.985003259826,15284.42514697509,7358.651689350072,38,1,1115.4219592640152,22,1860.3174760943718,5992.508104816266,6000.0,42182.21113212516,309.70948311215034
2025-05-29,1,62354.5969212483,1077.4780708996975,63432.074992148,37713.759697451496,3993.2632376367746,41707.022935088266,19346.720227058544,15675.817985247842,5651.0492503373,41,1,632.438095447983,19,1436.2814845974394,6000.0,5994.47266518842,41909.95466002817,202.93172493990278
2025-05-30,1,29422.056120006397,508.989220151686,29931.04534015808,15479.357227761315,2062.251954608762,17541.609182370077,16033.150100395525,12987.662502372707,20289.3244754686,20,1,101.83409410940077,6,1712.4633332126186,5994.47266518842,5993.5716417969425,17540.94116744252,-0.6680149275562144
2025-05-31,1,29917.136312521383,532.2488238791364,30449.38513640052,15853.044100582709,1760.585257367803,17613.62935795051,16031.009806444228,12979.332420837074,19008.526200793363,23,1,237.33287218336267,8,1491.962204836906,5993.5716417969425,6000.0,17664.945792014816,51.31643406430521
2025-06-01,1,64548.185935729576,11389.745245084234,75937.93118081382,38855.959226494575,45368.5165791655,84224.47580566007,20259.54738252046,16506.53360944989,960.0911077432359,114,1,7532.946179044837,60,786.5028693315207,6000.0,5892.999744879663,83182.51075026613,-1041.9650553939427
2025-06-02,1,67613.71394176109,8236.742177268487,75850.45611902958,40679.899740242734,33967.53128257637,74647.4310228191,20898.673749405534,16968.066863800064,3279.041783424106,113,1,4356.75554607418,54,1366.1110197608016,5892.999744879663,5848.398492900129,74343.12358618013,-304.3074366389774
2025-06-03,1,70251.48578648007,4169.958156027365,74421.44394250744,42508.90708714058,17197.52877274767,59706.43585988825,22046.701719449724,17800.637621469745,1983.0130111941276,89,1,1816.5488842064433,40,541.732630134114,5848.398492900129,5911.943794327384,58930.316584901484,-776.1192749867696
2025-06-04,1,73837.98032427127,3488.0027574498954,77325.98308172116,45034.512449881615,12452.599192351794,57487.11164223341,22071.999557364255,17818.9111557118,3427.6338634020394,77,1,1918.0118532687222,34,2060.620031533963,5911.943794327384,5977.953222942101,58098.88499284129,611.7733506078803
2025-06-05,1,76901.4906415957,2179.909147642028,79081.39978923772,47405.93992449301,8258.15049777916,55664.090422272166,22510.872832205387,18262.77510649549,3683.984046861161,65,1,1003.3130360491072,24,1406.9777644450744,5977.953222942101,5945.766431376408,55879.26749498627,215.17707271410472
2025-06-06,1,35235.91747405392,2963.579775800656,38199.497249854576,19733.015075945306,12314.031254063133,32047.04633000844,16070.636977850392,13047.495833455034,4321.360705459216,68,1,1853.1526803961876,35,784.8431815685068,5945.766431376408,5912.122118713946,30941.347843183084,-1105.6984868253567
2025-06-07,1,38365.27178080956,969.0620665701196,39334.33384737968,21692.984963099978,3817.098613793266,25510.083576893245,14630.008302329548,11831.436816567582,5409.24919495105,36,1,514.9574112589457,15,1477.4246848260063,5912.122118713946,5933.088683513224,25655.14690323862,145.06332634537466
2025-06-08,1,90116.97531631119,18.628538392630844,90135.60385470382,57055.52180851424,69.9270458690331,57125.44885438328,24277.657821722067,19636.228531383917,20309.251297699,3,1,0.40429396842660026,1,9427.073056439975,5933.088683513224,5964.949021525399,57109.55695366632,-15.891900716960663
2025-06-09,1,88759.41218343958,247.05087023998374,89006.46305367956,56069.58693847932,648.3664423306933,56717.95338081001,24700.10535129672,19981.182623645112,13354.827592694615,12,1,21.070132187791387,4,5776.41873939644,5964.949021525399,5993.729811420096,56732.52805067666,14.574669866648037
2025-06-10,1,89226.59784736682,85.10191772968835,89311.6997650965,56425.109997303836,227.4924657849425,56652.602463088784,24682.251822252863,19996.207556066056,13007.21126557637,5,1,1.5824508873349714,1,5232.66160387959,5993.729811420096,5989.74805581872,56650.50111213677,-2.101350952012581
2025-06-11,1,89994.43906110578,430.7231351504763,90425.16219625625,56716.83577244214,2061.0796694805713,58777.91544192271,24859.055878034535,20126.608511444818,9608.268512999875,11,1,9.416903886554337,1,2811.166430975992,5989.74805581872,6000.0,59210.277212756744,432.36177083403163
2025-06-12,1,91017.39823868741,100.95261105377386,91118.35084974118,57788.140375192605,272.293688631019,58060.434063823624,24903.747005138302,20172.035074162024,13934.247485431577,7,1,34.44683342545136,2,5538.596156741184,6000.0,6000.0,58115.10589831367,54.67183449004369
2025-06-13,1,44618.32721162432,99.02023637046096,44717.347447994776,25689.359954284,541.0397106168874,26230.399664900884,14067.40075137468,11394.59460861349,13699.227605233584,6,1,41.22992066037652,3,2139.885031677926,6000.0,6000.0,26546.173831163138,315.77416626225386
2025-06-14,1,44702.492564988934,47.20708727746137,44749.6996522664,25726.52558042058,100.35300513701202,25826.878585557595,13992.200935754912,11344.59592577154,15908.751892283026,3,1,21.472830605530817,2,2251.9594426384256,6000.0,5987.8742579888185,25835.642925225573,8.764339667977765
2025-06-15,1,92803.21458547458,0.0,92803.21458547458,59189.45219359331,0.0,59189.45219359331,25065.185896226543,20291.887408133436,17402.941764048144,0,0,0.0,0,6150.484369282457,5987.8742579888185,6000.0,59189.45219359331,0.0
2025-06-16,1,92232.98249222884,87.00933108445577,92319.99182331329,58757.389267547194,261.0078113155904,59018.397078862785,24887.207213292986,20158.63784276732,14897.369636120964,4,1,20.646583685924043,2,4843.840803113981,6000.0,6000.0,59042.30735070743,23.91027184464474
2025-06-17,1,90870.42003817607,457.73510322411454,91328.15514140019,57639.68223507069,1926.7231452134147,59566.40538028411,24945.178719448097,20205.594762752957,11951.55996803838,11,1,14.58978708581941,1,5478.750337787157,6000.0,6000.0,59431.81231075066,-134.5930695334464
2025-06-18,1,91083.40696527174,50.31768565657853,91133.72465092833,57658.26437640875,179.11400643379523,57837.378382842544,24903.567641536014,20171.889789644174,15473.655899036487,4,1,0.0,0,6826.036110962401,6000.0,6000.0,57733.24207475344,-104.13630808910239
2025-06-19,1,89317.99413539446,151.78000714592736,89469.77414254038,56570.69881744806,624.0272353903016,57194.726052838356,24891.305409075256,20161.95738135096,16480.921914816092,9,1,0.0,0,5809.834394431877,6000.0,6000.0,57231.63539846526,36.909345626903814
2025-06-20,1,41488.49748435552,52.98239786728874,41541.479882222804,24010.234202922184,114.11823190131956,24124.352434823504,13595.855399093214,11012.642873265506,16557.686506395094,4,1,52.98239786728874,4,3174.091620659898,6000.0,6000.0,24048.49190932471,-75.86052549879241
2025-06-21,1,39739.302982359855,47.62704432391263,39786.93002668377,22991.404566630357,113.50535769420067,23104.90992432456,14664.993498671389,11878.64473392382,17665.8408619362,5,1,20.87876050420175,1,2760.583842265888,6000.0,6000.0,23236.781776450218,131.87185212565964
2025-06-22,1,83497.93640205859,110.41829575217668,83608.35469781076,52452.49166445232,361.0648780973733,52813.55654254969,23086.35401437577,18699.946751644376,11764.606335079374,5,1,22.482260345346276,1,5084.530890259334,6000.0,6000.0,52953.68549111939,140.12894856969797
2025-06-23,1,82935.17947760085,108.95285734857757,83044.13233494942,51974.29625465989,384.6406159179972,52358.93687057788,23104.277380985386,18714.464678598157,11593.033632562188,7,1,7.338940485800208,1,4052.2694036377625,6000.0,6000.0,52437.56401436732,78.62714378943929
2025-06-24,1,81640.10572693076,3593.735552014294,85233.84127894505,51031.64822967428,14540.97885724831,65572.6270869226,23170.384768466934,18768.01166245822,4562.675922936334,55,1,1368.6068460388487,22,1584.1187797404418,6000.0,6000.0,66208.60638800927,635.9793010866706
2025-06-25,1,82476.91869765201,968.1248161118217,83445.04351376384,51592.94822162669,3224.150821604359,54817.09904323105,22904.441550616928,18577.12928171521,8680.309878195449,16,1,549.5243871352228,5,3464.5725212677225,6000.0,5972.742638093883,55066.141365025534,249.04232179448445
2025-06-26,1,81814.91325383095,183.84555128869712,81998.75880511965,51194.95104281148,737.2390525591458,51932.19009537063,23146.019035395235,18723.743792954636,10029.09972934572,14,1,73.37212001390697,4,3060.1155176223533,5972.742638093883,6000.0,52158.34207639846,226.15198102783324
2025-06-27,1,36403.46533766615,44.32627271225803,36447.79161037841,20983.955585076474,127.47181035971462,21111.42739543619,16040.837905318915,12993.078703308323,13628.386541701155,10,1,0.1661105060816226,1,1562.7058053134517,6000.0,6000.0,21095.519715167822,-15.907680268366676
2025-06-28,1,36468.23822690768,386.4019008530743,36854.64012776075,20747.949288703167,1344.43722686512,22092.386515568283,16094.179947441906,13036.285757427942,12019.819821080126,16,1,254.32267548790622,8,1931.6297175956258,6000.0,6000.0,22022.543307538093,-69.84320803019
2025-06-29,1,80812.80537726873,1010.4762411350201,81823.28161840375,50395.11788235803,3076.9694556569534,53472.087338014986,23023.199887181054,18648.79190861665,8181.105106506014,27,1,647.2466674469315,12,4418.924003308443,6000.0,6000.000000000001,53524.384521061475,52.2971830464885
2025-06-30,1,81374.46838315079,764.8515441595187,82139.31992731031,50811.29886792187,3061.7467443294654,53873.04561225133,22803.37576744812,18485.17749415523,7943.437670684076,19,1,82.10029003237878,3,3838.4229623211713,6000.000000000001,5983.9520860863895,54290.89307825882,417.8474660074935
2025-07-01,1,81689.74002553422,5359.5040320825965,87049.24405761682,50966.47100439012,18384.13742451138,69350.6084289015,23009.686835196175,18677.95947702396,3850.9726661112736,89,1,1849.5585163181308,32,1996.9987565336564,5983.9520860863895,5939.381929958542,69315.84854865528,-34.7598802462162
2025-07-02,1,80056.66742540327,5002.661442931489,85059.32886833476,49712.7212291026,17388.940141754538,67101.66137085714,22650.222319930795,18385.423298355774,7889.763480093077,81,1,2128.233539900775,32,4790.608448549208,5939.381929958542,5896.333908612072,67379.5841283976,277.9227575404657
2025-07-03,1,79164.68271801175,6742.276191151997,85906.95890916375,49299.36856020673,24841.952721200123,74141.32128140685,22643.835472639727,18326.96623356017,1829.670736750868,111,1,3074.280714013162,51,1187.4590362897773,5896.333908612072,5912.490018920973,73472.73666575551,-668.5846156513435
2025-07-04,1,39280.129381478764,3101.395047893684,42381.524429372446,22581.21895089009,11952.99876629656,34534.21771718665,16072.682237310584,12989.752644238251,10417.727369633449,78,1,762.8447515482895,20,522.7927623600066,5912.490018920973,5944.845538902442,33947.206559203776,-587.0111579828736
2025-07-05,1,41092.367936492585,2159.580136876506,43251.94807336909,23640.61882146831,9028.926372024478,32669.54519349279,16098.912709861655,13018.783193407087,11381.738590247856,62,1,386.80248698831343,13,636.0242221816011,5944.845538902442,5968.552318436722,32396.349679760853,-273.19551373193826
2025-07-06,1,81871.21950660317,4962.053792882442,86833.27329948562,50842.23580539536,22217.196866161,73059.43267155635,22296.057729760894,18134.811686621324,2878.04570634605,85,1,2344.689186408473,35,1153.4317094689357,5968.552318436722,5885.213512308946,72922.02945564956,-137.4032159067865
2025-07-07,1,82686.63712048282,1149.0017474258607,83835.63886790868,51570.41250314568,3592.214148301617,55162.626651447295,22542.7827408222,18158.248411982546,6041.621772402353,43,1,773.2417258099417,24,3118.274708842265,5885.213512308946,5997.886410179432,55389.819166666115,227.1925152188196
2025-07-08,1,87306.14622190202,826.4806609129879,88132.626882815,54883.27273016455,3651.391858762008,58534.66458892656,22467.178573043657,18222.38996203028,8316.451255134964,33,1,236.77263511418732,9,2021.0180942231534,5997.886410179432,5971.247168107298,58707.441585768654,172.77699684209801
2025-07-09,1,86410.44165417916,650.0665366377834,87060.50819081694,54472.461804830986,2533.0206604618643,57005.48246529285,22606.90273102303,18285.713663425224,8680.594106552466,23,1,313.0216623983387,8,3200.8907050692133,5971.247168107298,6000.0,57402.13551807506,396.6530527822106
2025-07-10,1,87057.58508988432,178.25776484299132,87235.8428547273,55093.945722581826,610.2474207984336,55704.19314338025,23032.38663932523,18659.60682646503,10009.439658533787,12,1,47.28507170385694,4,3059.438612153939,6000.0,5996.251501542666,55890.45804286673,186.2648994864794
2025-07-11,1,46786.485405984815,1157.0175399631962,47943.502945948014,28009.598582210085,3296.352366579533,31305.950948789618,16058.5379360771,13008.758480039423,12374.946339910333,24,1,997.9698806847385,17,1548.719380084526,5996.251501542666,5994.75955507936,31715.37978870825,409.42883991863346
2025-07-12,1,47275.671977226324,137.37031838874947,47413.04229561507,28131.65843886911,461.4132309279792,28593.071669797093,16071.517339986392,13014.030438454043,13271.312060749393,7,1,78.12734322655487,3,1933.486049380342,5994.75955507936,5999.091340562622,28538.67886715487,-54.392802642221795
2025-07-13,1,87953.70811166179,57.31366129827978,88011.02177296007,55484.90649246649,328.0532910520445,55812.959783518534,22138.400448424873,17931.28656973051,14536.187494265703,4,1,0.0,0,4667.452601110414,5999.091340562622,6000.0,55819.19719693246,6.237413413924514
2025-07-14,1,86463.96051382757,209.83892493641093,86673.79943876398,54462.49094671894,966.9915025574899,55429.48244927643,22172.456638850646,17959.689877469027,10653.353460715689,8,1,142.18272590686604,4,4187.083059159126,6000.0,6000.0,55367.234315238034,-62.24813403839653
2025-07-15,1,90598.19592509556,901.4609489241491,91499.65687401971,57566.15917109538,2267.7860733409893,59833.94524443637,22114.791381163996,17912.98101874283,14548.795928265201,13,1,855.2029847047589,10,6918.804381651763,6000.0,6000.0,60473.67161555269,639.7263711163178
2025-07-16,1,90062.87054451162,274.1779919519525,90337.04853646357,56977.836887323756,998.2989262822176,57976.13581360598,22138.742461092927,17932.381393485273,13996.12408552259,6,1,136.16398569437808,3,6889.584309498801,6000.0,6000.0,58254.98896655612,278.8531529501415
2025-07-17,1,89770.88038327414,451.8902916768522,90222.770674951,56911.670047047824,2204.402170891642,59116.07221793947,22118.278759681587,17915.80579534208,13299.88164394482,11,1,38.42213959855701,2,4024.090863213076,6000.0,6000.0,59556.02462014566,439.9524022061887
2025-07-18,1,48678.71917395146,83.11070598537493,48761.829879936835,29335.1565640438,268.5240591164342,29603.680623160235,16037.9245132842,12990.718855760204,14440.376122412838,3,1,50.51454281289119,2,2964.1385822615102,6000.0,6000.0,29540.250967329303,-63.42965583093246
2025-07-19,1,48329.53826073074,2.440867223953205,48331.97912795469,29044.222362457236,5.291453591177648,29049.513816048413,16107.388382857227,13046.984590114353,18088.756285211817,2,1,0.7954165067536678,1,3355.894590257229,6000.0,6000.0,29047.81520409824,-1.6986119501743815
2025-07-20,1,87900.35850109266,144.21779252013727,88044.5762936128,55623.602393178146,469.81205455880996,56093.414447736955,21974.998519342502,17799.74880066742,11779.34835827106,5,1,108.05005757730095,3,3865.030635875764,6000.0,6000.0,56118.86068669952,25.446238962562347
2025-07-21,1,87615.57466695526,210.8556081896112,87826.43027514487,55313.91425006065,912.4639963906255,56226.37824645127,21922.697543119662,17757.385009926926,9671.368391952139,10,1,36.1203827796885,3,3595.3045935410696,6000.0,6000.0,56345.95060973968,119.572363288411
2025-07-22,1,90299.57065429755,386.3133870130857,90685.88404131064,57211.812194309656,1715.4566096035646,58927.26880391322,22595.510568053585,18302.3635601234,12597.59241671379,5,1,0.0,0,4647.555644645555,6000.0,6000.0,58991.511101048214,64.24229713499517
2025-07-23,1,89882.2903824489,154.20955140098602,90036.49993384989,56820.8559527918,688.9079868694084,57509.76393966121,22571.89652246567,18283.2361831972,11531.292477914758,9,1,4.449730372417548,1,4800.507213578595,6000.0,6000.0,58051.93734048536,542.1734008241547
2025-07-24,1,89828.79316059219,405.6761452116659,90234.46930580385,56951.023800827556,1733.379576058614,58684.40337688617,22598.21023658892,18304.55029163702,12324.33736085196,9,1,153.01227567712746,3,5724.738842539982,6000.0,6000.0,59439.9780525445,755.5746756583321
2025-07-25,1,46918.02199064915,46.2730430637687,46964.295033712915,28078.911231575974,160.624222235598,28239.53545381157,16108.028713738895,13047.503258128503,17398.450011435856,4,1,0.0,0,3051.022300732625,6000.0,6000.0,28266.955235762474,27.41978195090269
2025-07-26,1,46713.8802515519,135.9003326369977,46849.7805841889,28010.4650650421,321.4528445467447,28331.917909588843,16077.323296067438,13022.631869814628,15325.997591269414,8,1,83.25517498096553,4,2436.4237798487907,6000.0,6000.0,28327.562928754192,-4.3549808346506325
2025-07-27,1,87126.95969861052,660.1432991066685,87787.10299771719,54981.65138108208,2782.6230575600957,57764.27443864218,22652.695016976642,18353.18570674841,9802.403887488947,21,1,151.25051622314248,6,2314.2911798936016,6000.0,5994.996952225191,58297.19054523787,532.9161065956941
2025-07-28,1,87515.76796332424,1097.2488908631658,88613.0168541874,55287.40115080578,3773.146121625766,59060.54727243155,22617.458066068022,18315.63829051777,6356.319845303821,32,1,685.4200493825259,14,2823.9497575902406,5994.996952225191,6000.0,59436.322507625424,375.77523519387614
2025-07-29,1,89979.59451313267,498.2505103869688,90477.84502351964,56987.247406655304,1856.7939956725727,58844.04140232788,22663.073755694677,18357.08974211269,10102.615059937649,11,1,258.09828349283976,6,4081.7736916658105,6000.0,6000.0,59517.167650146584,673.1262478187055
2025-07-30,1,90102.05231694649,115.43672843547495,90217.48904538197,57049.50633021327,505.87036028091524,57555.37669049419,22549.06352551778,18265.29168166255,11830.463151526736,9,1,35.677898289313816,3,4563.041593142431,6000.0,5999.388637785384,57398.31310896492,-157.06358152926987
2025-07-31,1,89533.60905877277,131.59469862244174,89665.20375739521,56655.72092086038,513.7836878157301,57169.504608676114,22607.39264785101,18311.437818766168,10674.2526616437,8,1,39.01175942791133,2,3937.927759725965,5999.388637785384,6000.0,57213.87926407079,44.374655394676665
2025-08-01,1,45625.52229108341,81.2980147961199,45706.82030587953,27070.641453213935,176.91198505993904,27247.553438273873,16010.213818932125,12993.999597143804,21439.246417424543,5,1,0.0,0,3445.6577161359614,6000.0,5971.415106879134,27280.8388530554,33.285414781526924
2025-08-02,1,45413.27064044987,35.22621319805567,45448.49685364792,26993.752223042968,165.49110852283903,27159.243331565805,16116.841609334751,13028.91529975237,21433.54561073221,6,1,4.98927640855004,2,2966.8969516933057,5971.415106879134,6000.0,27149.109185572248,-10.134145993557468
2025-08-03,1,85781.18845032426,242.9345079770675,86024.12295830133,53986.17225322536,1015.3113112020376,55001.4835644274,22193.842900051204,17977.012749041478,18967.812823958262,10,1,46.1487017260265,2,7430.628885843531,6000.0,6000.0,55011.124685897754,9.641121470354847
2025-08-04,1,83815.00149152974,90.54995343560245,83905.55144496534,52570.72812097636,261.3212714265297,52832.04939240289,21643.707703095402,17531.403239507275,14377.591898043882,8,1,5.663158517098054,1,4999.929025811573,6000.0,6000.0,52839.26430081302,7.214908410125645
2025-08-05,1,81602.2567068919,118.03515936277006,81720.29186625467,51113.45091987286,350.8971795301312,51464.348099402996,22026.84113875994,17844.41470573317,12385.555699894569,8,1,55.300384126670906,4,4998.05688182276,6000.0,5997.029574069312,51432.08426822189,-32.26383118110243
2025-08-06,1,80129.74856669,1212.124110729882,81341.87267741989,50209.11133679829,4796.662284544176,55005.773621342465,21895.467505829263,17732.655296384084,9064.661201308041,27,1,597.4114822566272,14,4305.857796847072,5997.029574069312,6000.0,55620.33884498063,614.5652236381648
2025-08-07,1,78662.8590313496,304.8102456673912,78967.66927701699,49482.61015264868,1065.8062700946437,50548.41642274332,21097.924389518084,17135.851592715837,11617.61123021474,13,1,114.58690573377669,7,3201.552565558856,6000.0,5948.296847548679,50622.265726431295,73.84930368797359
2025-08-08,1,42350.74342923599,164.81454968228832,42515.55797891828,24750.950312863904,678.9292025539625,25429.87951541787,16068.14616282812,12981.182694053492,23653.42326014365,13,1,23.457609032497544,2,1307.3795368953004,5948.296847548679,5986.092067367889,25540.680068169455,110.8005527515852
2025-08-09,1,42258.81084960333,304.7137135648703,42563.524563168205,24733.041764403613,1119.0488123291498,25852.090576732764,16037.998299265999,13001.301849427795,20604.89911333,20,1,56.36393878981585,4,1547.5660049869755,5986.092067367889,5974.399592898631,26044.432289991484,192.34171325872012
2025-08-10,1,75161.93856825358,1361.8374796435678,76523.77604789715,47580.674909182264,4582.676965118422,52163.351874300686,20802.675757594043,16856.099178446053,7272.580418749159,24,1,1268.226491225982,18,3413.3832431734913,5974.399592898631,5967.808687570989,51862.6777355015,-300.67413879918604
2025-08-11,1,75907.72008704598,720.1993885420602,76627.91947558805,47861.65868960251,3063.547879092442,50925.20656869496,20400.086243415997,16534.75959859278,8201.339497431494,30,1,200.42370758830407,8,1587.8102100082501,5967.808687570989,5955.931197097853,51480.92311493863,555.7165462436751
2025-08-12,1,74221.17223208459,2160.589583675301,76381.76181575989,46852.76458583158,8899.610376578887,55752.37496241047,20297.30894874889,16401.158325874672,4725.067542885673,47,1,1395.5276097627527,24,2214.8678693480656,5955.931197097853,6000.0,56175.45306433786,423.0781019273927
2025-08-13,1,75139.01377494652,1541.597578477565,76680.61135342409,47521.535762098305,5635.1712718426925,53156.707033941,20327.32799556132,16472.029206104817,6704.333113967586,35,1,1306.7345377259335,25,2512.591584605778,6000.0,5992.340522555394,53397.798286851365,241.09125291036617
2025-08-14,1,74363.55309359718,1223.7234349487794,75587.27652854596,46940.40521442024,5561.987311521601,52502.39252594185,20059.99775840321,16257.840350067177,5858.828136876585,38,1,165.652785351202,8,1095.859199519999,5992.340522555394,5982.071449488084,53041.62280433002,539.2302783881751
2025-08-15,1,41547.16540801516,434.3367888315836,41981.50219684674,24308.533789341738,1612.818618879243,25921.35240822098,16035.041039439871,12972.247546485574,21758.981820559107,23,1,61.20381802358409,6,812.0454493588845,5982.071449488084,6000.0,25908.507269054186,-12.84513916679498
2025-08-16,1,41627.83388144492,359.73133466576206,41987.565216110685,24428.133514152934,1447.2538460812125,25875.387360234145,16022.858421615627,12984.627780786237,22020.05420861463,19,1,42.68286000272599,2,1537.0976956538072,6000.0,5993.208378580466,25688.472669713785,-186.91469052035973
2025-08-17,1,75265.13309022876,517.7003509482332,75782.83344117699,47579.96639284952,2291.3759569207564,49871.34234977028,20285.312923536294,16439.07541907891,8771.202320052942,23,1,13.610734965126994,1,2678.675096102,5993.208378580466,5984.350655231008,49935.78298668645,64.44063691616611
2025-08-18,1,75278.79802503629,710.2513070066411,75989.04933204292,47490.297842563356,3066.0173932895855,50556.31523585294,20739.816620608603,16806.882078162485,7661.999172930145,28,1,192.90188881797724,11,2192.3615608596397,5984.350655231008,5975.872193598216,50741.347807472426,185.03257161948568
2025-08-19,1,75308.0163695322,808.3095094120381,76116.32587894423,47588.87953974765,2998.4146021904426,50587.294141938095,20801.07518877285,16827.1558771444,7824.7465173157925,31,1,418.2233468124949,16,3167.4927139614174,5975.872193598216,6000.0,50831.952069583494,244.65792764539947
2025-08-20,1,75294.2049576724,2906.842848843821,78201.04780651622,47588.63093514795,10793.872845041718,58382.50378018967,21273.118837896425,17238.732909400544,3515.9708113536662,62,1,1659.8408729991424,28,819.5693794437024,6000.0,5991.659276995058,59607.74665006064,1225.24286987097
2025-08-21,1,76705.1674983607,826.759614897615,77531.92711325831,48407.84679515193,3036.575697733511,51444.42249288544,21634.10007348008,17516.11440881442,7569.522965259319,26,1,598.0355163571797,16,3794.9653775746233,5991.659276995058,6000.0,51601.49551379604,157.0730209106041
2025-08-22,1,41982.29141533379,1085.2138594689459,43067.50527480274,24617.710858699484,4266.3597349372185,28884.0705936367,16116.162397682183,13054.091542122569,18774.865019243123,35,1,470.22138910384865,14,1520.1091488777968,6000.0,6000.0,28519.370175081498,-364.7004185552032
2025-08-23,1,42219.5871056671,293.28616873944156,42512.87327440654,24882.098844097065,926.00916551128,25808.108009608346,16063.27837517383,13034.32922441427,16953.917973646985,18,1,105.31774836143893,5,1494.1611854367206,6000.0,5974.3625105294805,25846.09162457296,37.98361496461439
2025-08-24,1,78870.42188048146,419.24949325573886,79289.6713737372,49745.185590951914,1481.2339425526386,51226.41953350455,21888.593315389764,17706.68684494224,11374.175419956337,21,1,176.73983896338063,8,3441.7047467674042,5974.3625105294805,6000.0,51293.899935388836,67.48040188428422
2025-08-25,1,79067.04975837294,1595.9620249072452,80663.01178328019,49890.60918547745,5744.585126878533,55635.19431235598,22126.371916130975,17934.869864502823,5698.422714985377,36,1,1067.8303198497686,16,2458.949750716658,6000.0,5986.101541736965,56188.09369433641,552.8993819804236
2025-08-26,1,80031.6036314835,359.01420943322853,80390.61784091672,50437.771973090305,1360.428578250815,51798.20055134112,22305.92107743849,18058.88354110606,10614.761921250954,18,1,60.670218207870676,4,3635.4371771625024,5986.101541736965,5996.0043546470915,51991.94298438412,193.74243304300035
2025-08-27,1,79871.11419151696,354.70129965936474,80225.81549117633,50383.166661241674,1643.0530169374936,52026.219678179164,22470.176968637556,18197.2472637788,8038.7369196509,17,1,72.84697424927793,5,2228.05023142471,5996.0043546470915,6000.0,52025.32223283162,-0.8974453475457267
2025-08-28,1,79015.82993436466,2486.6850717541156,81502.51500611877,50103.443340868995,9542.535079010046,59645.978419879044,22193.952541990882,18038.187541783296,6578.955022577867,40,1,1892.0596324360272,22,2835.893673893669,6000.0,5932.126685810354,60639.97303693501,993.9946170559633
2025-08-29,1,43221.70544113136,288.33973187684484,43510.045173008206,25661.14458104998,1189.9312425979012,26851.075823647883,16126.718122749144,13015.857610159015,17843.964310418072,18,1,86.0361386445016,6,1264.113159589545,5932.126685810354,5984.108984996792,26959.02779458969,107.95197094180548
2025-08-30,1,43132.993454153744,470.7020889823485,43603.69554313609,25573.958542938086,1349.2930173202901,26923.251560258377,16078.62030146049,13009.38053068011,22021.735939022376,23,1,194.75297749240872,8,2706.309374484451,5984.108984996792,6000.0,26953.19515204198,29.943591783601732
2025-08-31,1,80360.80352968293,168.30650654920169,80529.11003623213,50947.935147721495,603.3190173731361,51551.25416509463,22130.847723700066,17944.92763752241,9696.566866721147,13,1,84.72667989361435,5,3288.2674533532663,6000.0,5978.954465194047,51480.292346373775,-70.96181872085435
2025-09-01,1,80778.72890296254,0.0,80778.72890296254,51078.80867380731,0.0,51078.80867380731,22076.64489913289,17863.141386972282,22991.09085746859,0,0,0.0,0,9586.388158649006,5978.954465194047,6000.0,51078.80867380731,0.0
2025-09-02,1,79592.97366687293,0.0,79592.97366687293,50227.892529978766,0.0,50227.892529978766,22132.616968472652,17927.419744462844,21330.02059286312,0,0,0.0,0,6547.422750354598,6000.0,6000.0,50227.892529978766,0.0
2025-09-03,1,79350.31365183773,0.0,79350.31365183773,50017.61435664379,0.0,50017.61435664379,22131.089961501835,17926.18286881649,19597.68930915238,0,0,0.0,0,8070.678628879843,6000.0,6000.000000000001,50017.61435664379,0.0
2025-09-04,1,78648.6838737285,4.334461612481675,78653.01833534098,49683.35045274459,25.176720276099807,49708.52717302069,21821.315070491466,17675.265207098088,20581.402921947603,1,1,0.0,0,7772.933433442769,6000.000000000001,6000.0,49706.495697531296,-2.031475489391596
2025-09-05,1,42231.793615325325,0.0,42231.793615325325,24970.715652418025,0.0,24970.715652418025,16141.142550980609,13074.32546629429,32340.714863972342,0,0,0.0,0,3854.986803563292,6000.0,6000.0,24970.715652418025,0.0
2025-09-06,1,41953.199311863405,2.593849999999975,41955.7931618634,24757.978718633574,8.947485574999913,24766.926204208576,16147.758189621314,13079.684133593262,31166.63540583535,1,1,0.0,0,3868.28177907293,6000.0,6000.0,24766.926204208576,0.0
2025-09-07,1,75716.15592284623,183.65222962230115,75899.80815246853,48045.76634960358,696.5309315870775,48742.29728119066,21760.003405860876,17625.60275874731,16804.423888688303,6,1,159.33128033047035,4,5145.731968544282,6000.0,6000.0,48858.65755921567,116.36027802501485
2025-09-08,1,70442.93922460565,1213.4877851581589,71656.42700976381,44042.924659914286,5192.171658142595,49235.09631805689,21516.470269443977,17430.729519848082,8175.1167268345835,27,1,789.2568866810003,17,3746.4077351686196,6000.0,5997.345998223932,49676.89230313807,441.79598508118215
2025-09-09,1,70538.63499059551,70.71525674009759,70609.3502473356,44153.9702188507,273.7515165446969,44427.7217353954,21424.37178215153,17369.892392861428,13452.036591378837,8,1,7.364485725926386,2,4534.33986736478,5997.345998223932,5979.400165647612,44408.67797461025,-19.04376078514906
2025-09-10,1,69921.19569878932,2040.7939323746425,71961.98963116396,43834.45562855278,8604.977999218576,52439.43362777135,21680.665860536017,17553.332426974805,6518.657547602754,38,1,1431.3498201054538,19,1646.2668280047342,5979.400165647612,5988.296743491356,52352.452018460506,-86.98160931084567
2025-09-11,1,70245.38759591574,152.0075947913946,70397.39519070715,43874.18987351062,622.7650596182827,44496.9549331289,21705.446464636236,17570.878705497566,12766.741648235142,8,1,55.397824043165656,3,3472.3720124836445,5988.296743491356,6000.0,44702.84939114124,205.89445801233524
2025-09-12,1,35159.60775039103,290.8119199729718,35450.419670364,19806.356531277466,992.625001713652,20798.981532991118,16013.794569819647,12973.958549341241,20858.927449885596,15,1,9.115533617272376,1,1786.7127124072235,6000.0,5996.905613569631,20690.031441292856,-108.95009169826153
2025-09-13,1,34282.21831801741,291.7878446340689,34574.00616265148,18960.130026400744,1249.3576521811128,20209.48767858186,16005.653762654425,13000.917331196108,23562.168247859827,18,1,37.79319412671907,2,1321.554861448914,5996.905613569631,5956.5302986296065,20488.72866388101,279.24098529915136
2025-09-14,1,66620.47519495485,1649.6147996775273,68270.08999463238,41316.08515746452,5603.053939868029,46919.13909733255,21751.684950507206,17630.28298422039,4049.363278345568,49,1,1078.4653306813925,28,1555.48047555969,5956.5302986296065,5943.843438285655,47408.486174004676,489.34707667212933
2025-09-15,1,63969.52297128062,2115.599590053642,66085.12256133425,39089.10434698753,8586.992137611134,47676.09648459867,21684.724871049253,17542.04525728327,6875.412314234941,68,1,915.2791862985746,30,1065.6313063347116,5943.843438285655,5968.9344252485735,47657.24826875585,-18.84821584281599
2025-09-16,1,63901.66044096393,3239.9961910704997,67141.65663203443,39384.25740176925,10581.89856306785,49966.155964837104,21624.210991838794,17585.53584832957,3611.211505191877,77,1,2023.8098545383953,41,1407.845362406654,5968.9344252485735,5891.2400419817395,50252.21746460302,286.06149976591405
2025-09-17,1,65534.52151946988,1920.9103268280799,67455.43184629796,40318.11741201743,6599.759665311092,46917.87707732853,21786.519826200416,17588.703138243804,3297.4967583413522,61,1,1268.8629941115,35,1016.1132742643882,5891.2400419817395,5956.104398624559,47328.080888639015,410.20381131048634
2025-09-18,1,66159.37835784807,1219.7335256766721,67379.11188352473,40828.61742494047,5245.976235257542,46074.593660198014,21658.08468581583,17514.55180145605,4279.5278824982925,52,1,531.735603907878,24,1326.6416217312299,5956.104398624559,5987.76750312986,45478.029818328636,-596.5638418693779
2025-09-19,1,32801.28657125844,959.9446625831687,33761.23123384161,17874.898749792246,3369.5108598174647,21244.409609609713,16063.081060503298,13045.06852754584,14641.866384217481,42,1,311.39912224277356,15,1047.2485791555744,5987.76750312986,5950.019871420786,21458.112811563107,213.70320195339445
2025-09-20,1,33302.709757804594,734.2218913655701,34036.93164917016,18225.75115859999,3075.719147667101,21301.47030626709,16010.660831095967,12944.886765113077,15325.723849853943,42,1,190.32068664622733,9,703.1709307699481,5950.019871420786,5976.4071026148495,21267.7144746398,-33.75583162728799
2025-09-21,1,70256.46891368183,546.1357179114033,70802.60463159323,43499.20684995272,2093.75168281322,45592.958532765944,21620.963718636176,17540.51641159953,8434.66984122326,33,1,180.6966668865789,11,3608.31738791621,5976.4071026148495,5945.811769832376,45448.656764994535,-144.30176777140878
2025-09-22,1,67977.78155041841,2002.5853122461253,69980.36686266454,41759.82089471235,7643.307414064895,49403.128308777246,21634.473539246814,17589.810442538022,5321.683882622415,64,1,905.098650492101,27,2166.4166072228877,5945.811769832376,5872.604130112262,49341.890763573974,-61.23754520327202
2025-09-23,1,69096.93743109402,1846.5056249209765,70943.44305601499,42596.68559909094,8061.509036430293,50658.194635521235,21770.396213004016,17537.51184677399,4593.943106451633,64,1,838.5784510122988,33,1444.0092708020452,5872.604130112262,5979.836447622565,50462.25653844215,-195.93809707908804
2025-09-24,1,69645.29840224658,938.7395163993943,70584.03791864598,43021.037274548595,3421.513502593414,46442.55077714201,21600.36527590433,17478.14867634282,5398.596219084463,45,1,332.95897704759966,20,1594.055923011366,5979.836447622565,6000.0,46234.58384440667,-207.96693273534038
2025-09-25,1,69401.87075712648,1197.6280105303572,70599.49876765684,43055.83530481328,4576.139945167851,47631.97524998113,21474.097401504026,17483.90566982866,6273.858135981467,40,1,327.86080419483073,10,2320.8206368967985,6000.0,5900.125805988445,47701.330359999774,69.35511001864506
2025-09-26,1,33889.78572476829,307.504280992482,34197.29000576078,18652.25062740213,1150.0926547179395,19802.34328212007,16071.583990533045,12957.820546225272,13389.283061453003,21,1,124.201848651761,9,1182.1109886650634,5900.125805988445,5966.973012773441,19988.40110848137,186.0578263612988
2025-09-27,1,34141.48039862482,1462.5647099582743,35604.045108583094,18850.74077418758,5579.610382266933,24430.35115645451,16099.145036314405,13011.046927595547,14714.644749864234,60,1,785.2104707694562,30,736.4244249602505,5966.973012773441,5999.484737016915,24439.19038554347,8.839229088956927
2025-09-28,1,71632.37975703306,712.3893577609315,72344.76911479399,44465.222650068616,2664.6974075299836,47129.9200575986,21791.678767585912,17657.013976942275,4722.4751574836955,40,1,342.9463220398824,19,1028.989959223966,5999.484737016915,5993.091209019487,47100.88306689144,-29.036990707165387
2025-09-29,1,71051.72694050382,986.6192625081612,72038.34620301198,43942.37473731746,4203.036945098948,48145.41168241641,21749.485360127703,17631.72286564856,5160.69210853284,46,1,200.98062745315394,10,1585.5178350172932,5993.091209019487,5976.824849080465,48230.490406147874,85.07872373146529
2025-09-30,1,71858.87417551142,1393.4125862007675,73252.28676171218,44674.886275145655,5898.611158089297,50573.49743323495,21900.290758327512,17730.872790800127,3660.6940275181364,53,1,622.4236100260094,26,787.1278523413824,5976.824849080465,5986.116764019522,51002.823111413396,429.3256781784439
2025-10-01,1,72568.78156728618,128.50949884736804,72697.29106613355,45015.24901248375,279.69140992045897,45294.94042240421,21768.160689899083,17619.715246435833,18887.32408933695,8,1,68.31720556112748,4,6139.363640109342,5986.116764019522,6000.0,45289.710485478754,-5.22993692545424
2025-10-02,1,70939.04728469944,212.13198223294808,71151.17926693239,44164.38853729254,558.065571884258,44722.454109176804,21843.789130266454,17693.46919551583,15270.076215515099,16,1,62.1630060859743,6,4737.769530094363,6000.0,6000.0,44723.40107482181,0.9469656450091861
2025-10-03,1,33831.97668185288,71.58110217356909,33903.55778402645,18480.954282344832,159.42709242184637,18640.381374766675,16083.762133844799,13027.847328414284,23030.48927859593,9,1,23.400766193566483,4,2508.6125189117993,6000.0,6000.0,18642.467081659484,2.0857068928089575
2025-10-04,1,34251.98812793319,153.9083865343779,34405.89651446757,18819.080207462237,542.8365251133523,19361.916732575588,16045.684631186494,12997.500497113486,18261.729947061223,13,1,25.346767396404687,4,2073.1461567267083,6000.0,5999.4489490528595,19380.937006763925,19.02027418833677
2025-10-05,1,68421.13425011456,244.77724954984058,68665.91149966439,42515.23149754293,528.1142588296115,43043.34575637254,21801.62054170946,17658.81669293224,9787.146584220507,13,1,139.40513843465612,8,3431.8560864680453,5999.4489490528595,6000.0,43073.33840214922,29.99264577667782
2025-10-06,1,67949.68636111743,404.3567890486627,68354.0431501661,42333.82776406267,959.2429054017714,43293.07066946444,21680.335852482454,17561.072040510797,6501.670088194436,16,1,359.5043955828869,11,2679.9056632219617,6000.0,6000.0,43342.210905924105,49.140236459665175
2025-10-07,1,67681.1285868805,438.74525898556624,68119.87384586607,42194.67019111142,1586.437548398832,43781.10773951025,21629.974458992292,17527.18936384416,6245.525750717942,24,1,210.50816912078574,11,2064.453086703888,6000.0,5992.32216437733,43777.64629455323,-3.4614449570144643
2025-10-08,1,65059.248360985155,718.9348414577014,65778.18320244286,39862.461528117616,2268.674892694553,42131.13642081217,21448.328458030715,17366.235998944478,5217.5950766899505,28,1,455.97148611732285,13,1613.5787527498796,5992.32216437733,6000.0,42703.62892033244,572.4924995202746
2025-10-09,1,65936.35573951121,254.66368661067716,66191.01942612189,40461.97110773219,1000.593042777143,41462.56415050934,21434.855665688232,17365.919989272184,6362.102066372509,19,1,73.74830941868524,8,1589.4749753544443,6000.0,5995.903444372543,41422.40594955348,-40.158200955855136
2025-10-10,1,32267.516010859,508.40123827091793,32775.91724912992,16825.11932021554,1787.1025306059446,18612.221850821486,16189.304785535465,13122.39896534574,20365.40051227353,30,1,203.26860826262663,11,1189.264877916587,5995.903444372543,5985.83445652586,18363.442662101726,-248.77918871976
2025-10-11,1,33225.588962012895,104.46416125222433,33330.05312326512,17397.407529351873,402.5684947316986,17799.97602408357,16505.191915259773,13365.52877910074,16084.07640377275,14,1,53.33059147618053,5,1063.148794661005,5985.83445652586,5989.919647925501,17747.080697610178,-52.89532647339365
2025-10-12,1,66155.79961200368,787.8001641802267,66943.59977618391,40501.39817348208,3128.967276665614,43630.36545014769,21411.292435985266,17348.595440251396,4365.946797116715,39,1,539.497860903039,25,1362.8134199972951,5989.919647925501,5983.865684477353,43908.95869894369,278.59324879599444
2025-10-13,1,67121.0162205885,304.15043249187283,67425.16665308038,41146.55716645576,1266.631724642448,42413.18889109821,21543.01709919683,17439.475159080946,6294.229412964483,20,1,88.16202496766607,7,1533.9900210813062,5983.865684477353,5995.386452553448,42307.90053941898,-105.28835167922807
2025-10-14,1,66751.13735450912,1059.6817646500972,67810.81911915922,40893.036591099975,4377.133382569263,45270.16997366924,21490.12404851715,17409.09568551066,2955.961472819389,54,1,649.4162168883248,26,739.8033256295079,5995.386452553448,5993.058445651485,44831.054256239106,-439.1157174301334
2025-10-15,1,65708.93808814138,2278.362804730038,67987.30089287143,39868.17025834819,9910.489700355405,49778.659958703596,21405.746697201797,17357.556949854905,2019.0874955245306,71,1,1552.6456304716526,39,793.0534139258606,5993.058445651485,5972.05608440543,49414.99484133155,-363.66511737204564
2025-10-16,1,67133.43603469954,2382.964964865362,69516.4009995649,40905.98537355112,10546.678790086804,51452.66416363792,21597.99660049635,17488.264181459104,2440.195630527653,64,1,1107.2345290817939,26,635.0527795732443,5972.05608440543,5978.848378786474,51137.35164918361,-315.31251445430826
2025-10-17,1,32325.114116812758,570.2110636542984,32895.32518046706,16603.76663970473,2557.03860664916,19160.805246353888,16667.189222580488,13522.544916290622,13746.481557510524,35,1,168.9223031293385,15,998.1751066155575,5978.848378786474,5954.268772119323,19009.458807619638,-151.3464387342501
2025-10-18,1,33048.95370492923,379.6171640869844,33428.570869016214,17114.283769156704,1237.3291780839065,18351.61294724061,16831.724556258927,13615.718224381002,14135.97127047162,28,1,154.2422011428011,13,1654.0961359819632,5954.268772119323,5974.245067884575,18314.273329674746,-37.33961756586359
2025-10-19,1,70779.89011979783,1279.825130854092,72059.71525065192,43192.17035136568,5475.475670071558,48667.64602143724,22449.44630650346,18162.417105760545,3886.9635165756717,55,1,664.4421747585809,22,999.1718386227395,5974.245067884575,5998.283292892646,48464.98170293845,-202.66431849879154
2025-10-20,1,72196.77400627971,1057.6594968949266,73254.43350317463,44357.15532743281,4864.725650827098,49221.880978259906,22548.454680285253,18310.703347322295,4575.8998035450095,37,1,267.43020312538897,10,1403.9344170933755,5998.283292892646,5946.66656368016,49650.880373263535,428.9993950036296
2025-10-21,1,73410.1818111562,752.6893143176767,74162.87112547387,45113.290104838044,2581.405683335453,47694.6957881735,22895.46600605896,18497.62795559619,3302.4517250111066,39,1,398.73690493472174,23,1297.4870646087923,5946.66656368016,5999.666018470792,48005.953561520386,311.2577733468861
2025-10-22,1,73488.73273402282,1460.642436607178,74949.37517063,44873.10037295242,7218.933840473708,52092.03421342613,23110.547965847454,18757.58876274224,5041.519267524785,46,1,115.00094738815616,10,1898.8966686382691,5999.666018470792,5957.393895797677,52290.823862831254,198.78964940512378
2025-10-23,1,74457.66563827948,466.6018617663158,74924.2675000458,45733.82900052929,2037.1309955848667,47770.95999611416,23661.261616096355,19127.49597462314,7011.004825239241,28,1,165.13716284487555,10,2546.405376535576,5957.393895797677,5999.756045147579,47756.57040567501,-14.38959043914656
2025-10-24,1,33325.49222261435,699.0399541823463,34024.532176796696,17252.731986088074,3405.4818825641887,20658.213868652263,17020.836105737875,13832.349213205958,12415.994567598114,35,1,120.83489022801814,5,702.3830972287163,5999.756045147579,5949.231636749492,20812.847654527057,154.63378587479383
2025-10-25,1,34019.462124301936,461.7752020930689,34481.23732639501,17704.140496681284,2027.445990407513,19731.5864870888,17321.829219590967,14006.858651125454,11767.834024596155,27,1,136.51155983727642,10,1325.5494283444948,5949.231636749492,5975.70165535308,19681.829430098354,-49.75705699044556
2025-10-26,1,75651.00364098167,312.4726567440234,75963.47629772569,46753.66743038852,1113.3907513110491,47867.05818169957,23553.867003622145,19057.378046899117,6922.67532433599,20,1,177.2902906741715,10,2978.9033468510133,5975.70165535308,5999.317462058431,47846.00564434623,-21.052537353338266
2025-10-27,1,75888.47769727936,436.6485034243945,76325.12620070376,46949.189062093836,1689.295222820221,48638.484284914055,23624.124396386294,19134.926476925488,8283.346614576283,37,1,199.03878806675993,14,3027.689414628755,5999.317462058431,6000.0,48713.73955735589,75.25527244183468
2025-10-28,1,75954.58568210783,256.7620786177873,76211.34776072562,46941.65322934992,983.6924450790273,47925.34567442895,23666.96221666743,19170.239395500616,5742.203239558812,25,1,156.96019261149527,12,2630.0956215481224,6000.0,6000.0,48303.34328078767,377.99760635871644
2025-10-29,1,75186.89570548064,1524.5514520390545,76711.4471575197,46405.64650293316,5579.998643186955,51985.645146120114,23631.178312714306,19151.92990952944,2919.9419543348204,52,1,940.8021920177617,18,953.2306102374793,6000.0,5988.138359743498,51966.23878433108,-19.406361789035145
2025-10-30,1,75656.5842419699,372.8549045542025,76029.4391465241,46806.25451518678,1545.1538408444412,48351.40835603122,23616.9525838095,19134.839389524357,6759.508302238958,29,1,80.65563194010474,8,3084.0482893347053,5988.138359743498,5982.463030144988,48281.515107042425,-69.89324898879568
2025-10-31,1,34561.501179229796,381.92442708169676,34943.425606311495,18177.61679785206,1548.5620607108535,19726.178858562915,17560.083182510407,14207.88410496392,7686.934462098339,28,1,164.84840098976449,12,867.5484991785393,5982.463030144988,6000.0,19890.536724147663,164.35786558474865
2025-11-01,1,34873.740500507716,294.3942787100871,35168.134779217806,18351.5765180012,876.8742546326478,19228.45077263385,17539.903962795357,14213.99957334019,9298.191956429298,19,1,91.00860737239964,7,1498.3756480129036,6000.0,5992.580707248948,19293.742318552282,65.29154591843326
2025-11-02,1,77391.63223362058,513.0223555518919,77904.65458917247,47968.26693395322,2366.664854112345,50334.931788065565,23589.186999390717,19123.038500553263,4642.122157001689,31,1,185.6975628658057,11,1682.1263248277098,5992.580707248948,5975.028450530302,50276.25288716304,-58.67890090252331
2025-11-03,1,78016.60252030074,507.05598577141603,78523.65850607216,48523.28572484719,1459.8453209243955,49983.13104577159,23433.501925779485,18966.865282633415,4552.091579592766,23,1,364.786236109924,15,2666.726916887958,5975.028450530302,5990.885425250269,50099.747814759154,116.61676898756559
2025-11-04,1,78663.28811054565,363.5084615125352,79026.79657205819,48773.25393934116,1592.0539113388088,50365.307850679965,23324.18291032939,18884.385040092046,7006.926668487498,32,1,83.00642717445248,6,2417.027228883803,5990.885425250269,6000.0,50522.18911586532,156.88126518535864
2025-11-05,1,78462.63980158635,385.72413631693536,78848.36393790328,48786.32231165955,1218.714587070343,50005.03689872989,23353.40862122907,18959.737978474946,4776.673228482498,27,1,221.22183614442395,15,2137.9025089189813,6000.0,5951.692227467336,50004.48337803807,-0.553520691821177
2025-11-06,1,77886.43986751791,1263.549709018003,79149.98957653591,48329.04378638777,5566.382055998854,53895.42584238662,23486.037971700705,18988.756145989275,3283.1232008244806,51,1,291.29802583334913,20,1109.1605084114224,5951.692227467336,5990.508462009886,54778.758864928364,883.3330225417449
2025-11-07,1,35917.637524877035,387.00479027534243,36304.64231515238,19057.807553999693,1749.0391721294327,20806.846726129126,18066.100471951595,14628.21827074379,9548.298330611236,28,1,4.781193099420932,1,780.9296872916217,5990.508462009886,5996.4230303843315,20755.70915190386,-51.1375742252676
2025-11-08,1,35969.257433024344,211.4763897608779,36180.73382278522,18963.23684235362,695.3948755020807,19658.6317178557,18182.411589596875,14724.53411491937,8931.649248107715,16,1,143.28730217161007,7,1839.5889534852734,5996.4230303843315,6000.0,19706.365727320797,47.73400946509719
2025-11-09,1,79750.2827669365,632.2013443978523,80382.48411133436,49735.58070842981,2786.563548987478,52522.14425741728,23276.006727167547,18853.56544900571,4613.2256498391835,26,1,116.42370412606931,7,1997.8429178367674,6000.0,6000.0,52996.455276543114,474.3110191258311
2025-11-10,1,80330.89726643343,826.4117730220463,81157.30903945547,50146.35619962897,3305.6222395015448,53451.97843913052,23251.524197839197,18853.517117112737,2900.8588587290174,48,1,441.95071921957697,23,1455.9896577112765,6000.0,5978.019425707791,53552.48449679558,100.5060576650576
2025-11-11,1,80853.95203201164,223.9019540756693,81077.85398608731,50580.752746122664,846.3237745430708,51427.07652066574,23344.067509721815,18888.91216601168,5063.678975710511,26,1,110.7603836916129,13,2156.6912645647676,5978.019425707791,6000.0,51378.098440377726,-48.97808028801228
2025-11-12,1,81488.43638016877,241.75658065942932,81730.19296082821,51062.73757573167,1146.6783525888945,52209.41592832056,23370.46535816249,18930.076940111616,6333.816792777336,21,1,50.913242279800706,8,2070.5894968417424,6000.0,6000.0,52277.46999234741,68.05406402685185
2025-11-13,1,81094.78104655005,589.539460613227,81684.32050716328,50896.01364522097,2193.476516152815,53089.49016137378,23296.17738232404,18869.90367968247,4862.1754878550455,36,1,305.03263884960126,14,2652.3921938038748,6000.0,6000.0,53441.271148218744,351.7809868449622
2025-11-14,1,37204.037760612206,132.08631097690102,37336.1240715891,19804.396741902277,460.23402861389405,20264.63077051617,18945.326854533407,15345.714752172058,6138.056669227759,13,1,83.59381169309205,5,2154.7088902927453,6000.0,6000.0,20165.076641149328,-99.55412936684297
2025-11-15,1,37074.2197054897,218.21404170572532,37292.43374719542,19680.8191806141,908.5881272523693,20589.40730786647,18763.5497328181,15221.139537416015,5538.136635126672,17,1,69.05478556360009,8,1385.1810441954447,6000.0,5974.817495740721,20574.06596882162,-15.341339044851338
2025-11-16,1,82984.61399497036,733.8610798991868,83718.47507486955,52216.48634656749,2763.246416783927,54979.73276335142,23834.198423258254,19286.937508408955,4736.669776686925,36,1,432.98747171035336,19,1862.4750261693055,5974.817495740721,5995.6655117743085,55265.585702009295,285.8529386578739
2025-11-17,1,83794.03910216842,227.30007319072462,84021.33917535914,52778.61397693381,761.5270967352379,53540.14107366905,23987.20560722976,19425.735502452982,6764.114737249039,17,1,71.31594292423381,8,2799.8834260588237,5995.6655117743085,6000.0,53622.7426137478,82.60154007875099
2025-11-18,1,83318.03088442983,500.9822998293837,83819.01318425921,52515.72564352067,1438.031386898275,53953.75703041895,23815.528440109592,19342.326977661778,4455.259888478063,31,1,372.37199207170784,20,2445.3674518398484,6000.0,5942.501176474439,54095.410927380835,141.65389696188504
2025-11-19,1,83882.928668013,486.7315387721986,84369.6602067852,52849.79492155298,1721.0018221385067,54570.796743691484,24198.373529590364,19564.70174211852,4367.676819313361,30,1,215.85194407740448,13,1409.5571712567576,5942.501176474439,5982.479861862966,54472.55721939681,-98.23952429467317
2025-11-20,1,84395.26950692813,283.61710986376045,84678.88661679189,53230.11786264724,1000.5640476953545,54230.68191034259,24310.60814704142,19675.82447478022,5251.026911197354,27,1,99.93969503626943,10,2437.5115911558423,5982.479861862966,6000.0,54494.61097614982,263.929065807235
2025-11-21,1,38284.22786961937,329.8581910963307,38614.0860607157,20409.475236301387,915.5244741550896,21324.999710456475,19107.89198370441,15477.392506800574,6119.202517145195,29,1,181.1825010868124,13,1767.0433182772013,6000.0,6000.0,21257.59921127902,-67.40049917745637
2025-11-22,1,38453.984928292026,183.91696029210914,38637.901888584136,20394.546292098195,553.0267894493118,20947.573081547507,19059.996561158383,15447.242639949603,4805.318484042024,23,1,94.31249899078091,7,918.8626709960122,6000.0,5990.393971765209,21078.602818568812,131.02973702130475
2025-11-23,1,85132.51570692663,636.4758501044082,85768.99155703104,53700.812870406146,2666.0529029784593,56366.865773384605,24471.495922176546,19813.266271551693,5878.6656230728495,33,1,169.61320333875608,11,1893.4019066297144,5990.393971765209,6000.0,56610.54700506218,243.68123167757585
2025-11-24,1,85239.77604077384,272.35729146050465,85512.13333223434,53720.06104106135,1022.8778419825295,54742.93888304388,24587.035440884785,19934.78379022314,6697.9379815727,24,1,73.63062292097884,6,2963.7626254913725,6000.0,5978.572129881709,54771.01460315786,28.07572011398588
2025-11-25,1,84946.8836506699,396.15718176962093,85343.04083243952,53542.268771543204,1401.2914374318595,54943.56020897507,24572.25438530615,19887.753797863366,4489.879778330071,32,1,198.6555352790511,14,1837.8855083388596,5978.572129881709,5996.096856809061,55109.10324000174,165.54303102667473
2025-11-26,1,85281.83798688877,320.0642646206733,85601.90225150944,53775.539874642374,1134.9182632575842,54910.45813789996,24713.165528663958,20014.151249345963,4145.221088858121,20,1,155.0837648606814,10,1648.0738810434298,5996.096856809061,6000.0,54907.54490788389,-2.9132300160708837
2025-11-27,1,85411.35916733106,291.19791475884307,85702.5570820899,53895.56642508096,1178.3650802714612,55073.93150535242,24717.661795070457,20021.30605400707,5225.308607693181,16,1,224.20110510347843,9,2705.676835428452,6000.0,6000.0,55006.97221439987,-66.95929095254542
2025-11-28,1,39138.9752434416,297.4028336932393,39436.37807713484,20731.618124433156,1306.3442759395027,22037.96240037266,19481.120507596162,15779.707611152899,4813.726630691574,21,1,60.28654082054928,5,1096.0385235930116,6000.0,6000.0,22059.83573251214,21.873332139479317
2025-11-29,1,39748.64917701613,1993.8815345912615,41742.53071160739,20992.78483601573,6484.267233952757,27477.052069968486,19502.693526537394,15820.35041140852,3130.7374964785186,46,1,1776.5320879268693,33,1132.033557595408,6000.0,5974.2570500964075,27796.857344459208,319.8052744907218
2025-11-30,1,86876.96746070997,922.2881749743009,87799.25563568427,54906.21314723702,3491.6220755900245,58397.835222827045,24836.24702023385,20101.617958941784,2819.798457725542,43,1,490.7404202069878,19,1106.0037672339968,5974.2570500964075,5991.748302815998,58476.72712098991,78.89189816286671
2025-12-01,1,87770.90581809824,4850.816067262004,92621.72188536024,55416.35343482337,18257.91692600853,73674.2703608319,24966.744930330115,20227.24683294081,1583.2960546376096,89,1,1349.622851524027,32,322.0186215511573,5991.748302815998,5987.100036845534,73552.91896980886,-121.35139102303947
2025-12-02,1,88999.96128753031,5130.473763515175,94130.43505104548,56369.33854862267,20402.73468124427,76772.07322986693,24915.12934265497,20169.644800711503,747.1405591020206,108,1,1580.0994863272058,47,275.30969991646606,5987.100036845534,6000.0,76343.31757390198,-428.7556559649529
2025-12-03,1,90762.61247668187,2904.2724435566247,93666.88492023849,57752.79826769489,9393.449888157595,67146.24815585247,25210.718625467704,20428.537322303786,1721.9550504079127,80,1,1470.6844025850894,33,870.758733779899,6000.0,5991.2719603611695,67290.00480450131,143.75664864883584
2025-12-04,1,92612.04616129499,2142.363138704169,94754.40929999916,59095.08231306602,8215.132800702215,67310.21511376824,25242.45690417053,20491.694493142,3232.4381389706273,67,1,572.4649535479772,22,795.6650070623151,5991.2719603611695,5940.9337372902,67159.84642653113,-150.3686872371036
2025-12-05,1,48430.675177054145,1040.6232201676519,49471.2983972218,25294.984409128345,3695.6133045985657,28990.59771372691,21557.001592877084,17424.7016252889,4027.3707463002816,51,1,450.53339753346427,21,1106.551146283775,5940.9337372902,5981.455587225247,28885.16645435164,-105.43125937526929
2025-12-06,1,49592.10870803378,1614.0067655295675,51206.115473563346,25901.799542973204,5234.348366762233,31136.14790973544,21566.78663320275,17466.717427069183,3441.4154507631188,53,1,1150.8727387557162,33,1310.6568172630302,5981.455587225247,5984.0997492530805,31055.514396477134,-80.63351325830445
2025-12-07,1,96124.49342732513,594.3619506259008,96718.85537795103,61672.13008605478,2208.2992790783824,63880.42936513316,25425.47017719494,20585.294435500342,4225.998386256429,43,1,285.5412848636545,21,1890.1804707463539,5984.0997492530805,5994.473535950373,63759.872123958135,-120.55724117502541
2025-12-08,1,99196.24694173095,197.14443787312823,99393.39137960407,63773.5965837089,832.3789905043604,64605.97557421326,25516.72789932758,20663.575780810672,6693.028144420496,14,1,63.88569952072851,6,2544.6583685727646,5994.473535950373,6000.0,64637.8938130631,31.918238849837508
2025-12-09,1,99642.46045366427,221.23760401886688,99863.69805768314,64077.82963197115,1056.6162155319412,65134.44584750309,25711.971273302453,20826.696731374985,7589.969249089,21,1,36.40624485129649,6,1968.300276905422,6000.0,6000.0,65136.40908278702,1.9632352839253144
2025-12-10,1,99326.22440391028,166.0954031977492,99492.31980710803,63811.307156802664,574.9897172408828,64386.296874043546,25683.497373987608,20840.960355281684,6262.164321735444,22,1,113.81477895360547,12,3207.239428369658,6000.0,5958.525019609204,64377.40975427522,-8.887119768325647
2025-12-11,1,99776.96473516816,158.91809609834684,99935.88283126651,64316.35396526433,622.1604968325626,64938.51446209689,25720.05929704497,20839.07540274108,9093.64423696262,11,1,75.76879795056425,5,3409.4652474466807,5958.525019609204,5952.050161681815,64793.177428213494,-145.33703388339927
2025-12-12,1,53630.78096376843,433.29163736736814,54064.0726011358,28335.221453314578,1581.9250370228767,29917.146490337454,21703.22511876202,17569.849801847762,6216.283800888208,23,1,261.95272607901643,13,2301.799064644771,5952.050161681815,5962.897433181232,29633.41005248737,-283.7364378500861
2025-12-13,1,54527.23507804974,121.90536149534432,54649.14043954509,28767.739215039794,617.4600972634723,29385.199312303266,21715.25112356938,17555.961099954307,6691.317032596683,9,1,24.331365892598456,3,2149.547827867694,5962.897433181232,6000.0,29407.262860875402,22.063548572135915
2025-12-14,1,100580.8465723723,178.60934482929483,100759.4559172016,64764.4325851662,762.4480761824815,65526.88066134868,25621.1032418324,20753.093625884245,7112.724501253445,9,1,70.00578027184065,2,2313.777659945205,6000.0,6000.0,65506.591728752144,-20.28893259653705
2025-12-15,1,102549.8142599421,121.6594122102531,102671.47367215235,66052.54223065522,392.95187791989423,66445.4941085751,25700.112407937737,20817.091050429568,8318.894347977512,5,1,96.91948950331789,4,2995.6642737672214,6000.0,6000.0,66438.8697726953,-6.624335879809223
2025-12-16,1,102538.4540773833,39.992590366213335,102578.44666774951,66122.24656070126,89.26834892164487,66211.5149096229,25709.380553558927,20824.598248382736,8275.573029239986,6,1,12.098707994472534,2,2798.5064737864514,6000.0,6000.0,66201.53290550465,-9.982004118253826
2025-12-17,1,101811.9562238593,88.88310180505013,101900.83932566436,65354.46923693327,461.0214483813246,65815.4906853146,25646.45966072084,20773.63232518388,8836.164923460727,7,1,0.5205962530458237,1,3185.058781960668,6000.0,6000.0,66041.19635132098,225.70566600638267
2025-12-18,1,100936.00123989696,108.61816127546012,101044.61940117241,65027.32417741477,276.655929446734,65303.9801068615,25603.933207090337,20743.259071141518,8817.678298556926,11,1,27.666991177420527,4,2763.5162656215216,6000.0,5995.474251779616,65308.85635485743,4.876247995933227
2025-12-19,1,54317.37502497841,210.7825177424066,54528.15754272082,28648.910016146616,952.0362057575059,29600.94622190412,21568.900680032915,17466.73637742831,7517.601940116215,15,1,84.34669399634504,4,2560.8421800982956,5995.474251779616,6000.0,29616.70311503863,15.756893134508573
2025-12-20,1,54217.897658451264,56.20603154016743,54274.10368999143,28556.748973858907,260.2475235936948,28816.9964974526,21515.57565001145,17443.25229023829,7345.428080218272,8,1,9.778151226284365,2,2088.97619851544,6000.0,5982.626651412205,28843.356645962624,26.360148510022555
2025-12-21,1,99627.42981127772,353.38001332003586,99980.80982459776,64027.578659637686,1215.3741610354934,65242.95282067318,25570.33464100398,20705.486503075863,6078.179820002971,19,1,169.4815002239028,9,2358.392880041302,5982.626651412205,5989.831713787047,65295.39562077098,52.4428000978005
2025-12-22,1,100263.87131469345,171.75949266499617,100435.63080735844,64345.16529310996,781.0403501967345,65126.2056433067,25468.43990226767,20620.284863245157,6650.048685002592,20,1,74.63909174366609,8,1866.6570840469237,5989.831713787047,6000.0,65083.43144369697,-42.77419960972475
2025-12-23,1,100159.73031179623,43.88279923186576,100203.6131110281,64425.3372073405,196.42308429358047,64621.76029163408,25533.288091131515,20681.96335381652,8094.19584037977,7,1,13.327336674938579,3,2965.231604471506,6000.0,6000.0,64627.86032603076,6.100034396680712
2025-12-24,1,99308.03227306878,209.12207824375628,99517.15435131254,63636.51229759206,1070.024217875571,64706.53651546763,25425.587687189607,20599.15957656114,6836.166924017405,21,1,23.318459251217746,2,2714.190524658066,6000.0,5995.073833402722,64545.45036470266,-161.08615076497517
2025-12-25,1,98769.95655541109,323.756728354594,99093.71328376568,63478.510088168565,1094.6307401564584,64573.14082832503,25395.749359892117,20566.123431575066,6451.6388221152965,19,1,179.3098269959214,9,2897.498798082347,5995.073833402722,6000.0,64733.62546342603,160.48463510100555
2025-12-26,1,52909.97431242315,265.55561824877896,53175.52993067193,27885.50116252691,956.2920552492769,28841.793217776187,21550.636548391216,17456.015604196884,6073.286553144267,17,1,157.231969623773,10,2325.7549118851143,6000.0,6000.0,28778.15683104267,-63.6363867335167
2025-12-27,1,52708.81945143565,228.59989119004808,52937.4193426257,27670.122247326402,973.0987073904093,28643.220954716813,21700.1290064028,17577.104495186264,5475.585764742498,16,1,83.69269966553925,8,2754.5534911897494,6000.0,6000.0,28479.5943551277,-163.62659958911172
2025-12-28,1,98607.14537400252,152.56920631846063,98759.71458032097,63351.30147275702,679.3342880486641,64030.635760805686,25478.9874220122,20637.979811829882,7109.452220138662,17,1,94.08279602109315,9,2530.3049206900287,6000.0,6000.0,64086.135207580875,55.499446775189426
2025-12-29,1,98925.49667049467,158.15567095417225,99083.65234144885,63474.88799105462,616.8137988603263,64091.70178991494,25385.19135228073,20571.02234886618,6745.71707136762,15,1,56.240588389644245,4,3075.485611155479,6000.0,5989.980718312462,64163.091220693634,71.38943077869044
2025-12-30,1,98325.07005759017,60.900600630315466,98385.97065822048,63094.47740431396,278.712283694499,63373.18968800846,25454.41577750903,20609.05942626353,7316.211706974987,7,1,11.775213594221555,2,2119.3095643570864,5989.980718312462,6000.0,63387.4242223898,14.23453438134311
2025-12-31,1,97495.69046009122,578.0010821276875,98073.6915422189,62375.36290307214,2280.984076419999,64656.34697949214,25371.16862746091,20550.646588243333,4606.7465696680065,31,1,131.40900744214906,7,1349.0372882188526,6000.0,6000.0,64641.64792641818,-14.699053073956748
