date,soc_start_kwh,soc_end_kwh,emergency_kwh,emergency_cost_yuan
2025-02-01,5999.999999999998,8700.0,83.607655165256,301.1723454524388
2025-02-02,8700.0,8700.0,18.49930167839318,93.63575956157433
2025-02-03,8700.0,8700.000000000002,81.63328483517444,320.74244789999125
2025-02-04,8700.000000000002,8700.0,700.1765144776334,2827.7310245134954
2025-02-05,8700.0,8700.0,229.19806014896926,849.4777463598774
2025-02-06,8700.0,8700.000000000002,143.74650422590923,695.3117402546839
2025-02-07,8700.000000000002,8700.0,135.6111579423584,775.8834432332009
2025-02-08,8700.0,8700.000000000002,194.0548634085181,1061.055864321103
2025-02-09,8700.000000000002,8700.0,613.8019486241747,1833.481660416996
2025-02-10,8700.0,8700.0,105.11591093823765,514.4449482285883
2025-02-11,8700.0,8700.000000000004,97.42623111011224,517.8724452670126
2025-02-12,8700.000000000004,7950.0,398.6157143646725,1619.5936980414806
2025-02-13,7950.0,7200.0,228.17886647491213,706.1321459208807
2025-02-14,7200.0,8700.0,807.7585867050201,2616.5550383115824
2025-02-15,8700.0,8700.000000000004,863.1539175850208,3007.5130951900587
2025-02-16,8700.000000000004,8700.0,1260.5265930244575,4984.1416299509065
2025-02-17,8700.0,8700.0,354.8159441232875,1249.8751696171048
2025-02-18,8700.0,8700.0,486.8948627262979,1957.6474933677616
2025-02-19,8700.0,7200.000000000002,1236.7907085255642,4460.993618890723
2025-02-20,7200.000000000002,5999.999999999989,540.4749487263357,2218.320094287105
2025-02-21,5999.999999999989,8700.0,579.7622380388386,2005.491083694021
2025-02-22,8700.0,8700.0,838.6211500535778,3152.154949942353
2025-02-23,8700.0,8700.0,1121.192901030212,3818.699941291761
2025-02-24,8700.0,8700.0,384.27458626699,1668.1583674105095
2025-02-25,8700.0,8700.0,418.9282883039133,1440.2633463746743
2025-02-26,8700.0,6000.000000000007,635.0020266144049,2558.320655167355
2025-02-27,6000.000000000007,6000.000000000061,510.6205010349096,2503.023680547285
2025-02-28,6000.000000000061,8700.0,506.2447581213687,1831.0721897120857
2025-03-01,8700.0,8700.0,488.9278412046725,1813.3073131158246
2025-03-02,8700.0,8700.000000000002,4429.40120069746,16492.31003437951
2025-03-03,8700.000000000002,8700.0,2746.442546560636,11298.334340647496
2025-03-04,8700.0,8700.0,329.16853845242764,1095.1016310482714
2025-03-05,8700.0,6000.00000000001,85.04136033782707,352.0111200090545
2025-03-06,6000.00000000001,4800.000000000005,166.16116103434618,566.7476426128551
2025-03-07,4800.000000000005,8700.000000000004,129.5966776869138,404.57847933527626
2025-03-08,8700.000000000004,8700.0,178.7472091393603,460.09591822016915
2025-03-09,8700.0,8700.0,245.060158932567,921.3624675950357
2025-03-10,8700.0,8700.0,1360.8942514052621,3891.5733667968407
2025-03-11,8700.0,8700.000000000004,336.5618632263647,1250.3923506800688
2025-03-12,8700.000000000004,4800.000000000001,414.41682937886566,1243.7250288991324
2025-03-13,4800.000000000001,4800.000000000002,2004.9944926653884,7985.5852209398645
2025-03-14,4800.000000000002,8700.0,255.3682277997102,1030.0511514131092
2025-03-15,8700.0,8700.0,626.8573786720045,2217.801885204177
2025-03-16,8700.0,8700.0,827.5421472881767,3278.2337724678514
2025-03-17,8700.0,8700.000000000004,201.88421843851668,759.7206534845001
2025-03-18,8700.000000000004,8700.0,1175.7010934681243,5690.3920817426715
2025-03-19,8700.0,3599.999999999621,673.2867931372541,3375.315434325578
2025-03-20,3599.999999999621,3599.9999999999723,653.8562213355166,2542.349900326808
2025-03-21,3599.9999999999723,8700.0,363.03269414114686,1211.1415003293812
2025-03-22,8700.0,8700.000000000002,394.35846392382393,1302.7309523563713
2025-03-23,8700.000000000002,8700.000000000002,746.731169667062,2767.6767436446494
2025-03-24,8700.000000000002,8700.000000000002,702.2528715329054,2488.4954930240533
2025-03-25,8700.000000000002,8700.000000000005,1382.8442289887787,4717.677020784687
2025-03-26,8700.000000000005,3600.000000000003,172.118910682797,473.04017427571944
2025-03-27,3600.000000000003,3599.9999999998927,602.0527985590224,2073.851957047091
2025-03-28,3599.9999999998927,8700.0,378.07113218750584,1424.7614706306176
2025-03-29,8700.0,8700.0,210.60626394450378,807.2197762806184
2025-03-30,8700.0,8700.0,897.3218241300532,3465.227564627509
2025-03-31,8700.0,8700.0,2085.1725234147334,7878.455955697061
2025-04-01,8700.0,8700.000000000004,3273.4441751395852,9112.986079911507
2025-04-02,8700.000000000004,3600.0000000000027,3382.184686321509,13492.60260777851
2025-04-03,3600.0000000000027,3600.000000000001,438.42627644802764,1717.4431814239379
2025-04-04,3600.000000000001,8700.0,187.42822864192618,766.6317151123701
2025-04-05,8700.0,8700.0,523.1478157539493,2039.863107686795
2025-04-06,8700.0,8700.0,152.09618206812905,609.3197986019632
2025-04-07,8700.0,8700.0,176.51087120015768,481.9390629320923
2025-04-08,8700.0,8700.0,606.6180301891213,2791.8627760838917
2025-04-09,8700.0,3600.0000000000045,1835.595898874853,6107.99739062767
2025-04-10,3600.0000000000045,3600.0000000000005,661.4001715071711,2979.7315037727208
2025-04-11,3600.0000000000005,8700.0,402.3566441298667,1602.5538388431128
2025-04-12,8700.0,8700.0,160.86660552046303,683.7671799960133
2025-04-13,8700.0,8700.000000000002,305.3315130947683,1379.892191136067
2025-04-14,8700.000000000002,8700.000000000002,274.5609270853302,1220.0483232019467
2025-04-15,8700.000000000002,8700.0,94.77425131502275,428.6498228473046
2025-04-16,8700.0,2399.999999999997,686.2529867115965,2296.382156023471
2025-04-17,2399.999999999997,2400.0000000000027,280.08151082755205,1181.127745132578
2025-04-18,2400.0000000000027,8700.000000000002,206.12444331397,614.5453143156446
2025-04-19,8700.000000000002,8700.0,256.88485007237824,781.5810880224172
2025-04-20,8700.0,8700.0,434.85828659128083,1764.5291892502066
2025-04-21,8700.0,8700.0,308.570865238847,1029.979658014114
2025-04-22,8700.0,8700.0,619.3120233752561,1961.9543799257015
2025-04-23,8700.0,2399.999999999998,334.8755860601961,1110.4496458769008
2025-04-24,2399.999999999998,2400.0000000000005,119.22688756979267,524.9606332868235
2025-04-25,2400.0000000000005,8700.0,191.48044339198648,715.6778215219139
2025-04-26,8700.0,8700.0,372.1320808659026,1358.6573581824564
2025-04-27,8700.0,8700.0,1103.9943766501199,4665.244043835497
2025-04-28,8700.0,8700.0,5530.874262062678,20286.847755928684
2025-04-29,8700.0,8700.0,579.4063838822794,2442.2592291494375
2025-04-30,8700.0,2400.000000000001,934.2283360780573,3211.933957460941
2025-05-01,2400.000000000001,2400.0,2626.14581444269,12220.093208736887
2025-05-02,2400.0,8700.0,3265.0720170313766,14462.106382368558
2025-05-03,8700.0,8700.000000000002,1369.620174944072,6996.229087316139
2025-05-04,8700.000000000002,8700.0,1253.588029518923,5672.148602216744
2025-05-05,8700.0,8700.0,1584.7224381375381,7105.08942493161
2025-05-06,8700.0,8700.0,1283.636456893765,4986.955072046712
2025-05-07,8700.0,2400.0000000000045,780.349903072773,3753.6036479161003
2025-05-08,2400.0000000000045,2400.000000000018,712.6702818632133,2812.5836984186985
2025-05-09,2400.000000000018,8700.0,133.16420370349465,417.18244060109527
2025-05-10,8700.0,8700.0,286.1919009684822,940.6814386291976
2025-05-11,8700.0,8700.0,371.0049720752723,1407.213151466905
2025-05-12,8700.0,8700.0,560.0329077228208,1538.2960565699088
2025-05-13,8700.0,8700.000000000002,94.00979854868172,312.86494953519315
2025-05-14,8700.000000000002,2400.000000000001,185.18966544658107,586.6816582703742
2025-05-15,2400.000000000001,2400.0,329.4796165660893,1258.9945590780699
2025-05-16,2400.0,8700.0,107.74720813922856,294.0952364709918
2025-05-17,8700.0,8700.0,514.0118971283819,1903.9051660719988
2025-05-18,8700.0,8700.0,720.5226246032767,2007.8028801063233
2025-05-19,8700.0,8700.0,156.18630363111686,912.5577745390804
2025-05-20,8700.0,8700.0,667.0164807766087,2475.221304789468
2025-05-21,8700.0,1950.0,660.7738003590698,2479.8442545863254
2025-05-22,1950.0,1950.0,174.87316567217528,634.856381107641
2025-05-23,1950.0,8700.0,168.4296815276446,496.8558744898854
2025-05-24,8700.0,8700.000000000002,147.41641538548316,396.13761701863484
2025-05-25,8700.000000000002,8700.0,170.37706239260794,757.2238831747189
2025-05-26,8700.0,8700.0,2483.2189138373474,8879.462326912695
2025-05-27,8700.0,8700.000000000002,124.80552101498301,318.0766920717255
2025-05-28,8700.000000000002,1950.0,1487.8471726542982,4673.351655468545
2025-05-29,1950.0,1950.000000000002,1040.054418778785,4196.1949625766765
2025-05-30,1950.000000000002,8700.000000000002,488.4599040108663,1968.1528932534818
2025-05-31,8700.000000000002,8700.0,520.4069369635092,1811.9016914321073
2025-06-01,8700.0,8700.0,11481.318987513396,44326.551523771544
2025-06-02,8700.0,8700.0,8339.997846305585,33663.223845937384
2025-06-03,8700.0,8700.0,3985.186397537268,16421.409497760906
2025-06-04,8700.0,2400.0,3646.8772056577,13064.372542959673
2025-06-05,2400.0,2400.000000000002,2250.794959113982,8473.327570493262
2025-06-06,2400.000000000002,8700.0,2803.7519056821366,11208.332767237776
2025-06-07,8700.0,8700.0,928.5391827270499,3519.473143298642
2025-06-08,8700.0,8700.0,15.863524517323981,54.03514515207761
2025-06-09,8700.0,8700.0,262.0705397439514,662.941112197342
2025-06-10,8700.0,8700.0,84.13558700486885,225.39111483293132
2025-06-11,8700.0,5999.999999999897,518.7754602748491,2493.441440314606
2025-06-12,5999.999999999897,6000.000000001699,111.3466979499187,326.96552312106104
2025-06-13,6000.000000001699,8700.0,157.09275447427322,856.8138768791391
2025-06-14,8700.0,8700.000000000004,40.76423657154135,109.11734480499224
2025-06-15,8700.000000000004,8700.0,0.0,0.0
2025-06-16,8700.0,8700.0,96.29456597578654,284.918083160233
2025-06-17,8700.0,8700.0,432.5113406782838,1792.1300756799706
2025-06-18,8700.0,6000.000000000003,27.190809995676204,74.97769834469764
2025-06-19,6000.000000000003,4799.999999999988,167.28435865057412,660.9365810172018
2025-06-20,4799.999999999988,8700.0,17.693083010922635,38.25770640252696
2025-06-21,8700.0,8700.0,80.8365563156807,245.3772098198635
2025-06-22,8700.0,8700.0,138.46091103528624,501.1938266670724
2025-06-23,8700.0,8700.0,125.09502710506983,463.267759707439
2025-06-24,8700.0,8700.0,3744.40790079992,15176.958158334985
2025-06-25,8700.0,2400.0000000000005,1053.0653720451949,3473.193143398847
2025-06-26,2400.0000000000005,2400.000000000001,233.32666300547072,963.3910335869805
2025-06-27,2400.000000000001,8700.0,44.45611969996065,111.56413009134788
2025-06-28,8700.0,8700.0,369.27652137123306,1274.5940188349268
2025-06-29,8700.0,8700.0,1022.4410383828698,3129.2666387034424
2025-06-30,8700.0,8700.0,869.922132301244,3479.5942103369557
2025-07-01,8700.0,8700.0,5462.043325088828,18349.37754426516
2025-07-02,8700.0,2400.000000000002,5153.361415262345,17666.86289929502
2025-07-03,2400.000000000002,2399.9999999999986,6637.440419102136,24173.36810554877
2025-07-04,2399.9999999999986,8700.0,3002.3139804165967,11365.987608313688
2025-07-05,8700.0,8700.0,2165.715877513018,8755.730858292542
2025-07-06,8700.0,8700.0,5096.434848374783,22079.793650254196
2025-07-07,8700.0,8700.0,1188.3708696379204,3819.406663520438
2025-07-08,8700.0,8700.0,874.6380587464521,3824.168855604102
2025-07-09,8700.0,2400.000000000003,767.9922714454895,2929.6737132440703
2025-07-10,2400.000000000003,2400.0000000000045,212.94916179854604,796.5123202849124
2025-07-11,2400.0000000000045,8700.0,1281.7489493645712,3463.3420321487038
2025-07-12,8700.0,8700.0,122.97886354783566,407.0204282857584
2025-07-13,8700.0,8700.0,58.78221144605493,334.29070446596756
2025-07-14,8700.0,8700.0,188.47583791100257,904.7433685190954
2025-07-15,8700.0,8700.0,1105.4800945096156,2907.512444457307
2025-07-16,8700.0,3599.9999999999995,346.522331915854,1277.1520792323645
2025-07-17,3599.9999999999995,3600.000000000044,539.0768795865991,2644.354573097832
2025-07-18,3600.000000000044,8700.0,48.16370352113995,205.09440328550352
2025-07-19,8700.0,8700.0,1.6454507171995374,3.5928416410051898
2025-07-20,8700.0,8700.0,149.69660670106947,495.25829352137436
2025-07-21,8700.0,8700.0,246.0878673124236,1032.036359679018
2025-07-22,8700.0,8700.0,404.64875997123727,1779.6989067385541
2025-07-23,8700.0,3599.999999999999,263.5394301477643,1231.0813876935654
2025-07-24,3599.999999999999,3600.0,582.9527016346136,2488.9542517169507
2025-07-25,3600.0,8700.0,62.456848697197096,226.36642937154994
2025-07-26,8700.0,8700.0,131.73610798131318,317.097863712091
2025-07-27,8700.0,8700.0,760.5380160481646,3315.5391641557894
2025-07-28,8700.0,8700.0,1167.2782147134017,4148.921356819644
2025-07-29,8700.0,8700.0,663.2328119066419,2529.9202434912804
2025-07-30,8700.0,3599.9999999999995,84.63782315906218,348.80677875164724
2025-07-31,3599.9999999999995,3599.9999999999977,138.12543197977112,558.1583432104103
2025-08-01,3599.9999999999977,8700.0,95.90242812870144,210.19739984146383
2025-08-02,8700.0,8700.0,30.384585471772674,155.3569625292812
2025-08-03,8700.0,8700.0,247.58447285357153,1024.9524326723943
2025-08-04,8700.0,8700.0,93.87211789521189,268.5361798366532
2025-08-05,8700.0,8700.0,102.92524609911145,318.6333483490261
2025-08-06,8700.0,2400.0000000000023,1357.945805991388,5411.227508182324
2025-08-07,2400.0000000000023,2400.0000000000005,325.8340722360093,1139.6555737826159
2025-08-08,2400.0000000000005,8700.000000000002,195.65268733949924,789.7297553055495
2025-08-09,8700.000000000002,8700.0,331.8369842225477,1311.3905255878703
2025-08-10,8700.0,8700.0,1303.2128649107954,4282.0028263192335
2025-08-11,8700.0,8700.0,852.145090193259,3619.264425336119
2025-08-12,8700.0,8700.0,2318.572554263717,9322.688478506278
2025-08-13,8700.0,2399.9999999999986,1626.6018511185669,5876.262524753056
2025-08-14,2399.9999999999986,2399.9999999999986,1358.375916904479,6101.217589909776
2025-08-15,2399.9999999999986,8700.000000000002,445.45908934164214,1599.9734797124486
2025-08-16,8700.000000000002,8700.0,327.0872632038048,1260.33915556085
2025-08-17,8700.0,8700.0,549.6218800368488,2355.816593836926
2025-08-18,8700.0,8700.0,744.1090038285114,3251.049964909076
2025-08-19,8700.0,8700.0,865.348868097306,3243.0725298358448
2025-08-20,8700.0,3599.9999999999995,3159.075166836804,12019.115714912687
2025-08-21,3599.9999999999995,3600.0000000000005,873.5119895080184,3193.6487186441177
2025-08-22,3600.0000000000005,8700.0,1016.6259286033869,3901.6593163820157
2025-08-23,8700.0,8700.0,298.48335973812283,963.9927804758964
2025-08-24,8700.0,8700.0,408.78245205666076,1548.714344436925
2025-08-25,8700.0,8700.0,1750.3827311760938,6297.484508858958
2025-08-26,8700.0,8700.0,396.3665964224616,1554.1710112938122
2025-08-27,8700.0,3600.000000000001,340.86699671667316,1642.1555715899497
2025-08-28,3600.000000000001,3600.0,2784.962198302407,10536.529696066013
2025-08-29,3600.0,8700.0,304.51344789163886,1297.8832135397097
2025-08-30,8700.0,8700.0,463.2523162756386,1379.2366091038962
2025-08-31,8700.0,8700.0,151.22230073129944,532.357198652283
2025-09-01,8700.0,8700.0,0.0,0.0
2025-09-02,8700.0,8700.0,0.0,0.0
2025-09-03,8700.0,3600.0000000000414,0.0,0.0
2025-09-04,3600.0000000000414,3600.0,3.9847197704585824,23.145244786708673
2025-09-05,3600.0,8700.0,0.0,0.0
2025-09-06,8700.0,8700.0,2.593849999999975,8.947485574999913
2025-09-07,8700.0,8700.0,197.75811600586624,812.8912096120947
2025-09-08,8700.0,8700.0,1321.311051011413,5633.967643223784
2025-09-09,8700.0,8700.0,65.59711734814783,254.70775575954704
2025-09-10,8700.0,3600.0000000000005,1981.539549980262,8517.996389907728
2025-09-11,3600.0000000000005,3599.999999999998,191.082207153197,828.6595176306166
2025-09-12,3599.999999999998,8700.000000000002,276.9192763277125,913.5786513057419
2025-09-13,8700.000000000002,8700.000000000002,367.0957075611451,1528.598637480265
2025-09-14,8700.000000000002,8700.0,1788.7230476011891,6092.401016540158
2025-09-15,8700.0,8700.000000000002,2126.816343478464,8568.143921768316
2025-09-16,8700.000000000002,8700.0,3448.8040363873065,10867.96006283377
2025-09-17,8700.0,3600.0000000000073,2003.891697389695,7009.96347662158
2025-09-18,3600.0000000000073,3599.9999999999945,1048.38303307578,4649.412393388166
2025-09-19,3599.9999999999945,8700.0,1068.9656323726333,3585.554520562145
2025-09-20,8700.0,8700.0,747.7915815267048,3041.9633160398103
2025-09-21,8700.0,8700.0,525.2611726063591,1949.4499150418067
2025-09-22,8700.0,8700.0,2036.3046692440726,7582.069868861627
2025-09-23,8700.0,8700.000000000002,1814.4757252514428,7865.570939351212
2025-09-24,8700.000000000002,4800.0,903.9206300133476,3213.5465698580797
2025-09-25,4800.0,4200.000000000001,1259.037345776702,4645.495055186493
2025-09-26,4200.000000000001,8700.0,342.2195664542318,1336.1504810792394
2025-09-27,8700.0,8700.0,1422.248155332468,5588.449611355891
2025-09-28,8700.0,8700.000000000002,704.1358810238197,2635.6604168228205
2025-09-29,8700.000000000002,8700.0,1009.1694969422651,4288.115668830411
2025-09-30,8700.0,8700.0,1501.2562638288891,6327.936836267742
2025-10-01,8700.0,4799.999999999999,126.00261391724456,274.46147299500547
2025-10-02,4799.999999999999,4800.000000000004,213.2201431607546,559.0125375292693
2025-10-03,4800.000000000004,8700.0,70.72068168180033,161.51279931465336
2025-10-04,8700.0,8700.0,156.6416430376171,561.856799301688
2025-10-05,8700.0,8700.0,258.9967594476717,558.106904606288
2025-10-06,8700.0,8700.0,439.45753778504684,1008.3831418614345
2025-10-07,8700.0,8700.000000000002,431.9636221185118,1582.9761034418123
2025-10-08,8700.000000000002,4800.000000000001,874.8855641146394,2841.167392214824
2025-10-09,4800.000000000001,4800.000000000003,247.66320522343221,960.4348418212946
2025-10-10,4800.000000000003,8700.0,458.76976910401726,1538.3233418861864
2025-10-11,8700.0,8700.0,85.54155390840845,349.6731682583047
2025-10-12,8700.0,8700.0,859.591996701634,3407.5605254616084
2025-10-13,8700.0,8700.000000000002,283.2047181170458,1161.3433729632231
2025-10-14,8700.000000000002,8700.0,948.8422628221757,3938.0176651391307
2025-10-15,8700.0,4800.000000000001,2235.3508088714675,9546.824582983349
2025-10-16,4800.000000000001,4799.999999999997,2402.2625926174496,10231.36627563249
2025-10-17,4799.999999999997,8700.000000000002,535.7086288505998,2405.69216791491
2025-10-18,8700.000000000002,8700.0,366.647280133664,1199.9895605180427
2025-10-19,8700.0,8700.0,1251.9797386357209,5272.8113515727655
2025-10-20,8700.0,8700.000000000002,1148.0743567255079,5293.725045830726
2025-10-21,8700.000000000002,8700.0,865.9868761970575,2892.663456682342
2025-10-22,8700.0,5999.999999999972,1499.0190798114859,7417.723489878834
2025-10-23,5999.999999999972,6000.00000000003,462.51659760870837,2022.7414051457222
2025-10-24,6000.00000000003,8700.0,731.5648570150207,3560.1156684389794
2025-10-25,8700.0,8700.0,453.914927737672,1977.688933417068
2025-10-26,8700.0,8700.0,307.37701056530005,1092.3382139577118
2025-10-27,8700.0,8700.0,460.8687663094753,1764.550495262051
2025-10-28,8700.0,8700.0,331.9615220668137,1361.6900514377435
2025-10-29,8700.0,6000.000000000347,1554.8754373958939,5560.592281397921
2025-10-30,6000.000000000347,5999.999999999997,372.4668306920082,1475.260591855642
2025-10-31,5999.999999999997,8700.0,425.79890361795674,1712.9199262956008
2025-11-01,8700.0,8700.0,292.02811578779114,895.3347644304226
2025-11-02,8700.0,8700.0,514.618204678247,2307.9859532098194
2025-11-03,8700.0,8700.000000000002,534.0599817062383,1576.462089911964
2025-11-04,8700.000000000002,8700.000000000002,392.72266479517936,1748.9351765241706
2025-11-05,8700.000000000002,5999.999999999996,400.2801503355695,1218.1610663785198
2025-11-06,5999.999999999996,6000.000000000007,1420.3948822138248,6449.715078540604
2025-11-07,6000.000000000007,8700.0,388.8231667033255,1697.9015979041646
2025-11-08,8700.0,8700.0,204.90641858327254,743.1288849671797
2025-11-09,8700.0,8700.000000000002,735.7867507040405,3260.874568113309
2025-11-10,8700.000000000002,8700.0,870.5556909593364,3406.1282971666024
2025-11-11,8700.0,8700.000000000004,214.79565119564703,797.3456942550596
2025-11-12,8700.000000000004,7200.0,246.22440650179414,1214.7324166157412
2025-11-13,7200.0,7199.999999999999,671.9896553409264,2545.2575029977706
2025-11-14,7199.999999999999,8700.0,108.79513551031198,360.6798992470515
2025-11-15,8700.0,8700.0,227.80580322034865,893.2467882075204
2025-11-16,8700.0,8700.0,805.7753956535623,3049.0993554418014
2025-11-17,8700.0,8700.0,243.22444695730618,844.1286368139873
2025-11-18,8700.0,8700.000000000002,541.5566911661278,1579.6852838601546
2025-11-19,8700.000000000002,7200.000000000002,449.05632237136405,1622.762297843828
2025-11-20,7200.000000000002,7950.0,336.15271873648953,1264.493113502589
2025-11-21,7950.0,8700.0,307.8783297031558,848.1239749776331
2025-11-22,8700.0,8700.0,219.15970134040197,683.9468277533849
2025-11-23,8700.0,8700.0,671.2648409856557,2909.7341346560306
2025-11-24,8700.0,8700.000000000002,288.0568308395833,1050.9535620965128
2025-11-25,8700.000000000002,8700.0,431.0697822843242,1566.8344684585393
2025-11-26,8700.0,8400.000000000002,317.6879576560813,1132.00503324151
2025-11-27,8400.000000000002,8400.000000000011,276.58837471189963,1111.4057893189124
2025-11-28,8400.000000000011,8700.0,290.5675559415713,1328.2176080789802
2025-11-29,8700.0,8700.0,2137.630565547158,6804.072508443478
2025-11-30,8700.0,8700.000000000002,935.3819566418528,3570.513973752894
2025-12-01,8700.000000000002,8700.000000000002,4840.6835027043035,18136.565534985475
2025-12-02,8700.000000000002,8700.0,5147.263015676872,19973.979025279306
2025-12-03,8700.0,8700.0,2944.497041104093,9537.206536806418
2025-12-04,8700.0,8700.0,2087.8246094307515,8064.764113465116
2025-12-05,8700.0,8700.000000000002,969.1326988513515,3590.182045223294
2025-12-06,8700.000000000002,8700.000000000002,1639.2561831321777,5153.71485350393
2025-12-07,8700.000000000002,8700.000000000004,555.6661032767473,2087.742037903362
2025-12-08,8700.000000000004,8700.0,200.3800772413669,864.2972293542005
2025-12-09,8700.0,8700.000000000002,219.35804489970434,1058.579450815868
2025-12-10,8700.000000000002,8700.000000000002,162.01194469667172,566.1025974725579
2025-12-11,8700.000000000002,8700.0,140.940007224635,476.82346294916493
2025-12-12,8700.0,8700.0,410.1092244524639,1298.18859917279
2025-12-13,8700.0,8700.0,130.7498558550928,639.5236458356055
2025-12-14,8700.0,8700.0,171.12860449307317,742.1591435859424
2025-12-15,8700.0,8700.0,120.3160060289888,386.32754204007995
2025-12-16,8700.0,8700.000000000002,36.80423923542503,79.28634480339328
2025-12-17,8700.000000000002,8700.000000000002,131.1759431109358,686.727114387709
2025-12-18,8700.000000000002,8700.0,113.39247129227613,281.5321774426686
2025-12-19,8700.0,8700.000000000002,214.50858495290697,967.7930988920151
2025-12-20,8700.000000000002,8700.0,60.17360344876205,286.6076721037158
2025-12-21,8700.0,8700.0,376.82537375876456,1267.8169611332971
2025-12-22,8700.0,8700.0,158.3388601122332,738.2661505870087
2025-12-23,8700.0,8700.000000000002,44.099278400353285,202.52311869026542
2025-12-24,8700.000000000002,8700.0,190.11373589476062,908.9380671105952
2025-12-25,8700.0,8700.000000000002,391.55356365029246,1255.1153752574676
2025-12-26,8700.000000000002,8700.0,246.25867713703013,892.655668515759
2025-12-27,8700.0,8700.0,198.6719036104369,809.4721078012985
2025-12-28,8700.0,8700.0,164.95533495854818,734.8337348238533
2025-12-29,8700.0,8700.000000000004,169.68832474479717,688.203229639018
2025-12-30,8700.000000000004,8700.0,61.494082197846,292.9468180758421
2025-12-31,8700.0,6000.000000000002,577.2529637367704,2266.2850233460417
