date,alpha,margin_kwh,max_margin_kwh,residual_sample_count
2025-02-01,0.8,0.0,0.0,30
2025-02-02,0.8,857.798324404762,64.87085297619069,31
2025-02-03,0.8,1112.5030728571426,58.43208261904781,32
2025-02-04,0.8,1328.9189422789805,51.99331226190493,33
2025-02-05,0.8,1310.0777816833418,45.55454190476206,34
2025-02-06,0.8,1290.403945431912,45.24939999999992,35
2025-02-07,0.8,1218.1943614241593,56.8544099999998,36
2025-02-08,0.8,1308.4608949250423,50.330497999999906,37
2025-02-09,0.8,1377.1608365737802,47.37221933333327,38
2025-02-10,0.8,1422.4146833442092,44.413940666666626,39
2025-02-11,0.8,1371.0610543156972,41.45566199999999,40
2025-02-12,0.8,1307.7682267269245,44.209191666666584,41
2025-02-13,0.8,1377.6165444891255,47.67760238095219,42
2025-02-14,0.8,1382.7391397627885,46.0953000952381,43
2025-02-15,0.8,1428.0932522942385,45.466597285714265,44
2025-02-16,0.8,1463.7338999977105,44.83789447619043,45
2025-02-17,0.8,1470.3609849999996,44.209191666666584,46
2025-02-18,0.8,1525.1179341504917,38.542203333333326,47
2025-02-19,0.8,1550.928426469792,36.169230476190535,48
2025-02-20,0.8,1591.933619130656,35.005154047619115,49
2025-02-21,0.8,1603.5427951724726,40.08716523809527,50
2025-02-22,0.8,1646.2203493650823,39.93997916666649,51
2025-02-23,0.8,1676.2229139047633,38.241610190476216,52
2025-02-24,0.8,1762.510589803354,38.085819904761955,53
2025-02-25,0.8,1787.575100633455,37.88003819047626,54
2025-02-26,0.8,1774.4004171933425,37.67425647619057,55
2025-02-27,0.8,1784.2612379655225,37.46847476190487,56
2025-02-28,0.8,1769.1565595996383,37.41848333333344,57
2025-03-01,0.8,1820.5242433148826,37.368491904762,58
2025-03-02,0.8,1843.8401701850562,37.31850047619057,59
2025-03-03,0.8,1924.2158525392465,37.26850904761913,60
2025-03-04,0.8,2058.742399155718,37.26850904761913,61
2025-03-05,0.8,2167.531920759823,37.26850904761913,62
2025-03-06,0.8,2184.872781311875,37.67425647619057,63
2025-03-07,0.8,2252.7695351284547,41.30274838095252,64
2025-03-08,0.8,2302.5807493500834,41.30274838095252,65
2025-03-09,0.8,2299.820129254844,41.30274838095252,66
2025-03-10,0.8,2292.033590842146,41.30274838095252,67
2025-03-11,0.8,2369.6205204924563,41.30274838095252,68
2025-03-12,0.8,2393.450513016107,41.30274838095252,69
2025-03-13,0.8,2419.4477765566644,37.5117352380953,70
2025-03-14,0.8,2535.203658248821,60.4421189935056,71
2025-03-15,0.8,2501.7111575137974,60.4421189935056,72
2025-03-16,0.8,2533.1285565343733,60.4421189935056,73
2025-03-17,0.8,2548.6619999049794,60.4421189935056,74
2025-03-18,0.8,2529.632372271256,60.4421189935056,75
2025-03-19,0.8,2511.378433336833,60.4421189935056,76
2025-03-20,0.8,2501.171304638419,60.4421189935056,77
2025-03-21,0.8,2565.553538857166,60.4421189935056,78
2025-03-22,0.8,2552.798120871733,60.4421189935056,79
2025-03-23,0.8,2571.721391871734,60.4421189935056,80
2025-03-24,0.8,2585.930034011356,60.4421189935056,81
2025-03-25,0.8,2593.5846737937777,60.4421189935056,82
2025-03-26,0.8,2630.9111614324506,78.97282610623128,83
2025-03-27,0.8,2619.830567052013,78.97282610623128,84
2025-03-28,0.8,2624.7048845838094,78.97282610623128,85
2025-03-29,0.8,2604.023004789012,63.61084986337574,86
2025-03-30,0.8,2610.640719386147,63.61084986337574,87
2025-03-31,0.8,2613.9647949466334,63.61084986337574,88
2025-04-01,0.8,2631.9687609396105,63.61084986337574,89
2025-04-02,0.8,2590.763293727835,63.61084986337574,90
2025-04-03,0.8,2604.6325118392137,63.61084986337574,91
2025-04-04,0.8,2602.4974375561264,63.61084986337574,92
2025-04-05,0.8,2589.824966146597,63.61084986337574,93
2025-04-06,0.8,2580.406603442773,63.61084986337574,94
2025-04-07,0.8,2598.7067173093656,63.61084986337574,95
2025-04-08,0.8,2622.2409367386413,63.61084986337574,96
2025-04-09,0.8,2680.1171173604753,63.61084986337574,97
2025-04-10,0.8,2774.109000702859,68.63263215680279,98
2025-04-11,0.8,2744.2652764154177,68.63263215680279,99
2025-04-12,0.8,2722.91313373864,68.63263215680279,100
2025-04-13,0.8,2579.8984923121993,52.899225908576675,101
2025-04-14,0.8,2656.3661742548948,52.899225908576675,102
2025-04-15,0.8,2669.9206871054384,50.34033180952374,103
2025-04-16,0.8,2626.2720571403142,50.34033180952374,104
2025-04-17,0.8,2773.0326103925872,68.63263215680279,105
2025-04-18,0.8,2778.166678613794,68.63263215680279,106
2025-04-19,0.8,2781.9601723126007,68.63263215680279,107
2025-04-20,0.8,2710.383271455292,64.84514644251706,108
2025-04-21,0.8,2758.1067760680235,64.84514644251706,109
2025-04-22,0.8,2754.652580829929,64.84514644251706,110
2025-04-23,0.8,2796.4332355561273,64.84514644251706,111
2025-04-24,0.8,2800.7607058043095,64.84514644251706,112
2025-04-25,0.8,2678.0807536786115,54.693072285714386,113
2025-04-26,0.8,2698.6627815833754,54.693072285714386,114
2025-04-27,0.8,2667.151595715534,49.80232228571446,115
2025-04-28,0.8,2735.3191269932076,54.693072285714386,116
2025-04-29,0.8,2949.306496190623,64.84514644251706,117
2025-04-30,0.8,2920.5922308447334,64.84514644251706,118
2025-05-01,0.8,2825.6056894746503,57.04719799999971,119
2025-05-02,0.8,2787.3978208890067,54.693072285714386,120
2025-05-03,0.8,2752.7017017031653,54.693072285714386,121
2025-05-04,0.8,2815.9061654817906,88.31243291428643,122
2025-05-05,0.8,2872.4646484975447,88.31243291428643,123
2025-05-06,0.8,3087.2789299491756,174.17838186666708,124
2025-05-07,0.8,3176.1267517808474,174.17838186666708,125
2025-05-08,0.8,3297.0383080897736,174.17838186666708,126
2025-05-09,0.8,3416.9821790058536,219.57963253333352,127
2025-05-10,0.8,3174.4551823125553,147.38240266666674,128
2025-05-11,0.8,3128.644897457446,147.38240266666674,129
2025-05-12,0.8,3199.522372344405,147.38240266666674,130
2025-05-13,0.8,3237.198526056783,147.38240266666674,131
2025-05-14,0.8,3188.17146817909,147.38240266666674,132
2025-05-15,0.8,3120.4389186552817,147.38240266666674,133
2025-05-16,0.8,3151.4075337153904,147.38240266666674,134
2025-05-17,0.8,3050.3117574209546,125.57183399999994,135
2025-05-18,0.8,3043.9293874209525,125.57183399999994,136
2025-05-19,0.8,3128.120273714286,125.57183399999994,137
2025-05-20,0.8,3141.964934190477,125.57183399999994,138
2025-05-21,0.8,3173.0973839772287,125.57183399999994,139
2025-05-22,0.8,3222.5543154057996,125.57183399999994,140
2025-05-23,0.8,3188.0373680062694,125.57183399999994,141
2025-05-24,0.8,3145.7273749296064,125.57183399999994,142
2025-05-25,0.8,3067.5786639772273,125.57183399999994,143
2025-05-26,0.8,3096.1725246438946,125.57183399999994,144
2025-05-27,0.8,3186.8255899060705,125.57183399999994,145
2025-05-28,0.8,3112.1805413166744,125.57183399999994,146
2025-05-29,0.8,3038.6636790245375,118.42902339370465,147
2025-05-30,0.8,3099.5628605770225,125.57183399999994,148
2025-05-31,0.8,3059.0245248979736,125.57183399999994,149
2025-06-01,0.8,2918.8101863007305,118.42902339370465,150
2025-06-02,0.8,3131.4417099064895,118.42902339370465,151
2025-06-03,0.8,3422.644918948057,118.42902339370465,152
2025-06-04,0.8,3854.2996108285934,131.85917108666445,153
2025-06-05,0.8,4000.5944280115887,135.78701971513289,154
2025-06-06,0.8,4506.443923090046,336.36859657142935,155
2025-06-07,0.8,4519.838733755414,230.59038099142793,156
2025-06-08,0.8,4491.595329706672,230.59038099142793,157
2025-06-09,0.8,4535.805128754291,230.59038099142793,158
2025-06-10,0.8,4628.498344944767,230.59038099142793,159
2025-06-11,0.8,4588.068773376126,230.59038099142793,160
2025-06-12,0.8,4635.471630328506,230.59038099142793,161
2025-06-13,0.8,4682.265854711362,230.59038099142793,162
2025-06-14,0.8,4673.140479670799,230.59038099142793,163
2025-06-15,0.8,4670.961731282792,230.59038099142793,164
2025-06-16,0.8,4653.20011778872,230.59038099142793,165
2025-06-17,0.8,4653.789087082521,230.59038099142793,166
2025-06-18,0.8,4669.085183730333,230.59038099142793,167
2025-06-19,0.8,4669.595713539858,230.59038099142793,168
2025-06-20,0.8,4612.163812306057,230.59038099142793,169
2025-06-21,0.8,4593.658528782247,230.59038099142793,170
2025-06-22,0.8,4571.224016401295,230.59038099142793,171
2025-06-23,0.8,4585.2362693384375,230.59038099142793,172
2025-06-24,0.8,4610.875954005104,230.59038099142793,173
2025-06-25,0.8,4676.299432957487,230.59038099142793,174
2025-06-26,0.8,4471.757383048635,135.01286085799,175
2025-06-27,0.8,4459.535997970959,135.01286085799,176
2025-06-28,0.8,4366.076184188633,135.01286085799,177
2025-06-29,0.8,4189.625923434268,119.38731631566347,178
2025-06-30,0.8,4174.0686610038365,119.38731631566347,179
2025-07-01,0.8,4208.575423147187,119.38731631566347,180
2025-07-02,0.8,3725.3512339765302,94.3264273333334,181
2025-07-03,0.8,3354.101201448482,88.88826866666673,182
2025-07-04,0.8,3308.5868528571436,86.68993000000006,183
2025-07-05,0.8,3192.1413434584374,86.68993000000006,184
2025-07-06,0.8,3070.107100094501,86.68993000000006,185
2025-07-07,0.8,3087.9273036096915,84.96929599999999,186
2025-07-08,0.8,3060.4450229154863,78.20219733333332,187
2025-07-09,0.8,3147.7561911283015,78.20219733333332,188
2025-07-10,0.8,3189.9183057673463,78.20219733333332,189
2025-07-11,0.8,3201.216298152977,78.20219733333332,190
2025-07-12,0.8,3179.026649038342,78.20219733333332,191
2025-07-13,0.8,3199.426532978376,86.68993000000006,192
2025-07-14,0.8,3213.6686343252127,86.68993000000006,193
2025-07-15,0.8,3177.162353113167,85.13321599999986,194
2025-07-16,0.8,3221.8801704903544,85.13321599999986,195
2025-07-17,0.8,3308.2969012068725,85.13321599999986,196
2025-07-18,0.8,3292.39870636228,85.13321599999986,197
2025-07-19,0.8,3308.0320161918044,85.13321599999986,198
2025-07-20,0.8,3378.915336477519,85.13321599999986,199
2025-07-21,0.8,3470.7483548233668,81.55933000000006,200
2025-07-22,0.8,3541.9848221627503,81.55933000000006,201
2025-07-23,0.8,3523.3161432103707,81.55933000000006,202
2025-07-24,0.8,3552.578298005197,81.55933000000006,203
2025-07-25,0.8,3513.2382405296307,81.55933000000006,204
2025-07-26,0.8,3549.836964080905,81.55933000000006,205
2025-07-27,0.8,3603.5959608428093,81.55933000000006,206
2025-07-28,0.8,3632.7581242274073,79.36275866666665,207
2025-07-29,0.8,3652.183573137195,79.36275866666665,208
2025-07-30,0.8,3700.3839160117986,79.36275866666665,209
2025-07-31,0.8,3683.793083270505,79.36275866666665,210
2025-08-01,0.8,3584.14757596098,76.73655266666661,211
2025-08-02,0.8,3531.9456815018025,76.73655266666661,212
2025-08-03,0.8,3329.5095873517735,76.73655266666661,213
2025-08-04,0.8,3206.1620412729985,75.00642333333336,214
2025-08-05,0.8,3098.612741443474,73.80891266666673,215
2025-08-06,0.8,2881.0358525920246,61.747662666666834,216
2025-08-07,0.8,2821.26815860778,55.52393733333332,217
2025-08-08,0.8,2627.869693410372,55.52393733333332,218
2025-08-09,0.8,2571.4064953333364,55.52393733333332,219
2025-08-10,0.8,2492.0104001904783,55.52393733333332,220
2025-08-11,0.8,2447.086210664566,55.52393733333332,221
2025-08-12,0.8,2455.3320743804297,54.53634399999989,222
2025-08-13,0.8,2443.2862426120564,57.23902685714288,223
2025-08-14,0.8,2425.3281355012064,57.23902685714288,224
2025-08-15,0.8,2370.3626677869197,58.18711495238082,225
2025-08-16,0.8,2354.712009787119,68.56501857142857,226
2025-08-17,0.8,2283.379889615255,61.86461247619064,227
2025-08-18,0.8,2204.911573535597,61.86461247619064,228
2025-08-19,0.8,2245.453040304824,61.86461247619064,229
2025-08-20,0.8,2234.5566773451205,61.86461247619064,230
2025-08-21,0.8,2246.601621748411,61.86461247619064,231
2025-08-22,0.8,2263.129567067831,52.69161142857142,232
2025-08-23,0.8,2276.184827387353,51.99403171428606,233
2025-08-24,0.8,2214.1550171825675,51.99403171428606,234
2025-08-25,0.8,2248.836754614398,56.25159666666646,235
2025-08-26,0.8,2260.116418533536,48.067136666666464,236
2025-08-27,0.8,2223.6427490238384,50.293035714285445,237
2025-08-28,0.8,2174.6522305664575,48.8074806666665,238
2025-08-29,0.8,2301.311156576588,54.03469857142837,239
2025-08-30,0.8,2311.17909833935,54.03469857142837,240
2025-08-31,0.8,2330.9880121998444,54.03469857142837,241
2025-09-01,0.8,2373.834014088511,54.03469857142837,242
2025-09-02,0.8,2414.356216850415,49.071819047619286,243
2025-09-03,0.8,2421.0630385646996,53.69722647619061,244
2025-09-04,0.8,2429.389162394505,53.69722647619061,245
2025-09-05,0.8,2414.2632505179627,53.69722647619061,246
2025-09-06,0.8,2390.4299907084383,53.69722647619061,247
2025-09-07,0.8,2461.403233024628,53.69722647619061,248
2025-09-08,0.8,2449.3046983532568,53.69722647619061,249
2025-09-09,0.8,2505.098435236581,53.69722647619061,250
2025-09-10,0.8,2511.9488536034,53.69722647619061,251
2025-09-11,0.8,2537.7299779902314,53.69722647619061,252
2025-09-12,0.8,2475.163877288285,53.69722647619061,253
2025-09-13,0.8,2475.55232825478,53.69722647619061,254
2025-09-14,0.8,2469.0215979690647,53.69722647619061,255
2025-09-15,0.8,2490.837107298872,53.69722647619061,256
2025-09-16,0.8,2514.665117673631,57.802334000000535,257
2025-09-17,0.8,2544.064067523808,54.80526809523801,258
2025-09-18,0.8,2505.865898487621,46.331916190476406,259
2025-09-19,0.8,2516.38643858286,46.331916190476406,260
2025-09-20,0.8,2433.753281346855,46.08672314285729,261
2025-09-21,0.8,2385.9080705735187,46.08672314285729,262
2025-09-22,0.8,2370.6294862878053,46.08672314285729,263
2025-09-23,0.8,2406.112836097329,46.08672314285729,264
2025-09-24,0.8,2482.1730823012017,41.20482333333357,265
2025-09-25,0.8,2446.4249671454404,43.652343047619105,266
2025-09-26,0.8,2452.957038219488,43.652343047619105,267
2025-09-27,0.8,2479.6080052712487,43.652343047619105,268
2025-09-28,0.8,2352.221317918771,43.652343047619105,269
2025-09-29,0.8,2396.457229935534,43.652343047619105,270
2025-09-30,0.8,2451.788700267853,43.652343047619105,271
2025-10-01,0.8,2488.597061623599,43.652343047619105,272
2025-10-02,0.8,2504.7204694597904,43.652343047619105,273
2025-10-03,0.8,2553.2759871917124,43.652343047619105,274
2025-10-04,0.8,2574.0517488374485,47.77276533333332,275
2025-10-05,0.8,2557.622580187114,47.77276533333332,276
2025-10-06,0.8,2593.6663316842564,47.77276533333332,277
2025-10-07,0.8,2675.5933740914297,48.65209399999998,278
2025-10-08,0.8,2719.9360169791435,51.25329000000004,279
2025-10-09,0.8,2802.7132067721113,66.51485600000018,280
2025-10-10,0.8,2881.9673803876317,66.51485600000018,281
2025-10-11,0.8,2893.520613591439,66.51485600000018,282
2025-10-12,0.8,2954.641327864517,66.51485600000018,283
2025-10-13,0.8,3128.719392213459,102.12693400000006,284
2025-10-14,0.8,3136.2316008801254,102.12693400000006,285
2025-10-15,0.8,3231.7059846042507,152.65266000000008,286
2025-10-16,0.8,3417.8424760790485,182.48826544738347,287
2025-10-17,0.8,3575.6299583589034,214.94817852562727,288
2025-10-18,0.8,3536.8435488350938,214.94817852562727,289
2025-10-19,0.8,3507.2373299169976,214.94817852562727,290
2025-10-20,0.8,3647.543490484276,316.42779001025957,291
2025-10-21,0.8,3669.0519000848444,316.42779001025957,292
2025-10-22,0.8,3782.0936653922354,384.953042235755,293
2025-10-23,0.8,3809.656859270333,384.953042235755,294
2025-10-24,0.8,3775.2272275949576,384.953042235755,295
2025-10-25,0.8,3662.4115665415197,384.953042235755,296
2025-10-26,0.8,3653.025322155807,384.953042235755,297
2025-10-27,0.8,3662.0409075510443,384.953042235755,298
2025-10-28,0.8,3614.9195246678355,384.953042235755,299
2025-10-29,0.8,3596.3776451460603,384.953042235755,300
2025-10-30,0.8,3656.9572582766586,444.7564415079134,301
2025-10-31,0.8,3559.0714442376184,444.7564415079134,302
2025-11-01,0.8,3602.5380462131643,444.7564415079134,303
2025-11-02,0.8,3648.6037797663676,444.7564415079134,304
2025-11-03,0.8,3693.3713045368413,444.7564415079134,305
2025-11-04,0.8,3718.8518355082683,444.7564415079134,306
2025-11-05,0.8,3708.0407138892215,444.7564415079134,307
2025-11-06,0.8,3610.286635579525,444.7564415079134,308
2025-11-07,0.8,3627.6622071866955,493.7480138095251,309
2025-11-08,0.8,3527.4562359658566,435.9842962698183,310
2025-11-09,0.8,3494.292002216335,435.9842962698183,311
2025-11-10,0.8,3483.2368562219444,435.9842962698183,312
2025-11-11,0.8,3560.142076143336,486.000402800975,313
2025-11-12,0.8,3534.1444861499303,486.000402800975,314
2025-11-13,0.8,3500.910833635642,486.000402800975,315
2025-11-14,0.8,3412.148809558543,486.000402800975,316
2025-11-15,0.8,3215.8795877156817,408.0195641643749,317
2025-11-16,0.8,2942.104601099853,242.72964138764706,318
2025-11-17,0.8,2956.6909836172163,242.72964138764706,319
2025-11-18,0.8,2942.354981325786,242.72964138764706,320
2025-11-19,0.8,2797.1442915101024,128.1357565843437,321
2025-11-20,0.8,2777.552986938672,128.1357565843437,322
2025-11-21,0.8,2728.9682425458964,102.38785495347263,323
2025-11-22,0.8,2644.6955879934117,102.38785495347263,324
2025-11-23,0.8,2669.9686279569614,102.38785495347263,325
2025-11-24,0.8,2665.8355032675468,102.38785495347263,326
2025-11-25,0.8,2643.9650914543295,102.38785495347263,327
2025-11-26,0.8,2627.790263410519,102.38785495347263,328
2025-11-27,0.8,2582.773241125619,61.123307333333116,329
2025-11-28,0.8,2574.218686173237,61.123307333333116,330
2025-11-29,0.8,2470.736716645897,54.68577866666648,331
2025-11-30,0.8,2480.012750924014,53.216354666666795,332
2025-12-01,0.8,2523.735300159035,48.9637166666667,333
2025-12-02,0.8,2757.682642617593,102.38785495347263,334
2025-12-03,0.8,2958.1391941566144,122.55347695999833,335
2025-12-04,0.8,3133.9963709713597,122.55347695999833,336
2025-12-05,0.8,3289.983532442745,124.36761752380842,337
2025-12-06,0.8,3375.7703139253063,124.36761752380842,338
2025-12-07,0.8,3440.525589844603,101.28448800761755,339
2025-12-08,0.8,3564.021953504825,110.3287757594887,340
2025-12-09,0.8,3569.8367018603008,110.3287757594887,341
2025-12-10,0.8,3546.4501429378906,101.28448800761755,342
2025-12-11,0.8,3460.11115304906,79.67017012998309,343
2025-12-12,0.8,3480.3640790306417,79.67017012998309,344
2025-12-13,0.8,3520.404623510698,79.67017012998309,345
2025-12-14,0.8,3469.6837361877215,79.67017012998309,346
2025-12-15,0.8,3502.0087727954487,79.67017012998309,347
2025-12-16,0.8,3494.676965636412,79.67017012998309,348
2025-12-17,0.8,3460.130007138673,79.67017012998309,349
2025-12-18,0.8,3439.987786662482,79.67017012998309,350
2025-12-19,0.8,3425.965653473816,79.67017012998309,351
2025-12-20,0.8,3447.2747894919125,79.67017012998309,352
2025-12-21,0.8,3410.5199079185813,79.67017012998309,353
2025-12-22,0.8,3406.5038036395445,79.67017012998309,354
2025-12-23,0.8,3400.8071137217084,79.67017012998309,355
2025-12-24,0.8,3369.672337343134,79.67017012998309,356
2025-12-25,0.8,3361.8427569219566,79.67017012998309,357
2025-12-26,0.8,3340.214022921954,79.67017012998309,358
2025-12-27,0.8,3331.4900441606824,79.67017012998309,359
2025-12-28,0.8,3319.4164794416347,79.67017012998309,360
2025-12-29,0.8,3275.2090975040664,79.67017012998309,361
2025-12-30,0.8,3222.6693216110407,79.67017012998309,362
2025-12-31,0.8,3088.058551065138,54.24302380952393,363
