date,common_initial_soc_kwh,purchase_l1_difference_kwh,charge_l1_difference_kwh,discharge_l1_difference_kwh,r1_end_soc_kwh,r2_end_soc_kwh,end_soc_difference_kwh
2025-02-01,8550.0,0.0,0.0,0.0,8550.000000000005,8550.000000000005,0.0
2025-02-02,8550.000000000004,0.0,0.0,0.0,8549.999999999996,8549.999999999996,0.0
2025-02-03,8550.0,0.0,0.0,0.0,8550.0,8550.0,0.0
2025-02-04,8550.0,0.0,0.0,0.0,8550.0,8550.0,0.0
2025-02-05,8550.0,2.2737367544323206e-13,1.1368683772161603e-13,0.0,8550.0,8550.0,0.0
2025-02-06,8550.0,0.0,0.0,0.0,8549.999999999998,8549.999999999998,0.0
2025-02-07,8550.0,0.0,0.0,0.0,8549.999999999996,8549.999999999996,0.0
2025-02-08,8550.0,0.0,0.0,0.0,8550.0,8550.0,0.0
2025-02-09,8550.0,0.0,0.0,0.0,8550.0,8550.0,0.0
2025-02-10,8550.0,0.0,0.0,0.0,8549.999999999996,8549.999999999996,0.0
2025-02-11,8549.999999999998,0.0,0.0,0.0,8550.0,8550.0,0.0
2025-02-12,8550.000000000002,0.0,0.0,0.0,8549.999999999996,8549.999999999996,0.0
2025-02-13,8550.000000000004,0.0,0.0,0.0,7949.999999999999,7949.999999999999,0.0
2025-02-14,7950.0,0.0,0.0,0.0,7926.464279321419,7926.464279321419,0.0
2025-02-15,7926.4642793214225,0.0,0.0,0.0,8549.999999999996,8549.999999999996,0.0
2025-02-16,8550.0,0.0,0.0,0.0,8550.000000000002,8550.000000000002,0.0
2025-02-17,8550.000000000007,0.0,0.0,0.0,8549.999999999993,8549.999999999993,0.0
2025-02-18,8549.999999999998,0.0,0.0,0.0,8549.999999999996,8549.999999999996,0.0
2025-02-19,8550.000000000002,0.0,0.0,0.0,8550.000000000004,8550.000000000004,0.0
2025-02-20,8550.0,0.0,0.0,0.0,7265.453446844513,7265.453446844513,0.0
2025-02-21,7265.4534468445145,0.0,0.0,0.0,6894.697823079273,6894.697823079273,0.0
2025-02-22,6894.697823079272,0.0,0.0,0.0,8549.999999999998,8549.999999999998,0.0
2025-02-23,8550.0,0.0,1.1368683772161603e-13,0.0,8549.999999999996,8549.999999999996,0.0
2025-02-24,8550.0,2.2737367544323206e-13,1.1368683772161603e-13,0.0,8550.0,8550.0,0.0
2025-02-25,8550.0,0.0,0.0,0.0,8550.000000000004,8550.000000000004,0.0
2025-02-26,8550.0,2.2737367544323206e-13,1.1368683772161603e-13,0.0,8549.999999999993,8549.999999999993,0.0
2025-02-27,8549.999999999998,0.0,0.0,0.0,6753.529800441576,6753.529800441576,0.0
2025-02-28,6753.529800441578,0.0,0.0,0.0,6452.8890319162765,6452.8890319162765,0.0
2025-03-01,6452.889031916275,0.0,0.0,0.0,8550.000000000004,8550.000000000004,0.0
2025-03-02,8550.000000000002,4.092726157978177e-12,2.0463630789890885e-12,1.637090463191271e-12,8550.000000000004,8550.000000000004,0.0
2025-03-03,8550.000000000004,8.185452315956354e-12,4.092726157978177e-12,3.274180926382542e-12,8550.000000000002,8550.000000000002,0.0
2025-03-04,8550.0,2.2737367544323206e-13,1.1368683772161603e-13,0.0,8550.000000000004,8550.000000000004,0.0
2025-03-05,8550.0,0.0,0.0,0.0,8550.0,8550.0,0.0
2025-03-06,8550.000000000004,0.0,0.0,0.0,6475.85283969382,6475.85283969382,0.0
2025-03-07,6475.852839693822,0.0,0.0,0.0,5839.642855162649,5839.642855162649,0.0
2025-03-08,5839.642855162648,0.0,0.0,0.0,8550.0,8550.0,0.0
2025-03-09,8550.000000000004,0.0,0.0,0.0,8550.000000000002,8550.000000000002,0.0
2025-03-10,8550.000000000004,0.0,0.0,0.0,8549.999999999998,8549.999999999998,0.0
2025-03-11,8550.000000000002,4.092726157978177e-12,2.0463630789890885e-12,1.637090463191271e-12,8550.0,8550.0,0.0
2025-03-12,8550.000000000002,0.0,0.0,0.0,8550.0,8550.0,0.0
2025-03-13,8550.0,0.0,0.0,0.0,5182.798791091977,5182.798791091977,0.0
2025-03-14,5182.79879109198,0.0,0.0,0.0,4811.223597452257,4811.223597452257,0.0
2025-03-15,4811.223597452257,0.0,0.0,0.0,8550.0,8550.0,0.0
2025-03-16,8550.0,0.0,0.0,0.0,8550.000000000004,8550.000000000004,0.0
2025-03-17,8550.000000000002,4.320099833421409e-12,2.0463630789890885e-12,1.637090463191271e-12,8550.000000000004,8550.000000000004,0.0
2025-03-18,8550.000000000004,8.185452315956354e-12,4.092726157978177e-12,3.274180926382542e-12,8550.0,8550.0,0.0
2025-03-19,8550.0,0.0,1.1368683772161603e-13,0.0,8550.000000000002,8550.000000000002,0.0
2025-03-20,8550.000000000004,8.185452315956354e-12,4.092726157978177e-12,3.274180926382542e-12,4586.519989776228,4586.519989776228,0.0
2025-03-21,4586.519989776224,0.0,0.0,0.0,4367.393563290496,4367.393563290496,0.0
2025-03-22,4367.39356329049,0.0,0.0,0.0,8550.000000000004,8550.000000000004,0.0
2025-03-23,8550.000000000004,8.185452315956354e-12,4.092726157978177e-12,3.274180926382542e-12,8549.999999999998,8549.999999999998,0.0
2025-03-24,8550.0,0.0,0.0,0.0,8550.0,8550.0,0.0
2025-03-25,8550.0,0.0,0.0,0.0,8549.999999999998,8549.999999999998,0.0
2025-03-26,8550.000000000002,0.0,0.0,0.0,8550.000000000004,8550.000000000004,0.0
2025-03-27,8550.000000000005,0.0,0.0,0.0,4219.118432409656,4219.118432409656,0.0
2025-03-28,4219.118432409655,0.0,0.0,0.0,4073.007634532111,4073.007634532111,0.0
2025-03-29,4073.0076345321154,0.0,0.0,0.0,8550.000000000002,8550.000000000002,0.0
2025-03-30,8550.0,0.0,0.0,0.0,8549.999999999996,8549.999999999996,0.0
2025-03-31,8550.0,0.0,0.0,0.0,8549.999999999998,8549.999999999998,0.0
2025-04-01,8550.0,2.2737367544323206e-13,1.1368683772161603e-13,0.0,8550.000000000004,8550.000000000004,0.0
2025-04-02,8550.000000000002,0.0,0.0,0.0,8550.0,8550.0,0.0
2025-04-03,8550.0,0.0,0.0,0.0,3661.950402420329,3661.950402420329,0.0
2025-04-04,3661.9504024203275,0.0,0.0,0.0,3759.226834106198,3759.226834106198,0.0
2025-04-05,3759.226834106201,0.0,0.0,0.0,8550.0,8550.0,0.0
2025-04-06,8550.000000000004,0.0,0.0,0.0,8550.000000000004,8550.000000000004,0.0
2025-04-07,8549.999999999996,0.0,0.0,0.0,8550.000000000002,8550.000000000002,0.0
2025-04-08,8550.000000000004,8.185452315956354e-12,4.092726157978177e-12,3.274180926382542e-12,8550.000000000004,8550.000000000004,0.0
2025-04-09,8550.000000000004,0.0,0.0,0.0,8550.00000000001,8550.00000000001,0.0
2025-04-10,8550.000000000004,8.185452315956354e-12,4.092726157978177e-12,3.274180926382542e-12,3608.1312240509933,3608.1312240509933,0.0
2025-04-11,3608.1312240509947,0.0,0.0,0.0,3571.688836402869,3571.688836402869,0.0
2025-04-12,3571.688836402869,0.0,0.0,0.0,8549.999999999995,8549.999999999995,0.0
2025-04-13,8550.0,0.0,1.1368683772161603e-13,0.0,8550.0,8550.0,0.0
2025-04-14,8550.000000000002,0.0,0.0,0.0,8550.0,8550.0,0.0
2025-04-15,8550.0,0.0,0.0,0.0,8550.000000000004,8550.000000000004,0.0
2025-04-16,8550.0,2.2737367544323206e-13,1.1368683772161603e-13,0.0,8550.000000000004,8550.000000000004,0.0
2025-04-17,8550.0,0.0,0.0,0.0,3374.6295168537226,3374.6295168537226,0.0
2025-04-18,3374.629516853721,0.0,0.0,0.0,3131.389267704396,3131.389267704396,0.0
2025-04-19,3131.3892677043978,0.0,0.0,0.0,8549.999999999996,8549.999999999996,0.0
2025-04-20,8550.0,2.2737367544323206e-13,1.1368683772161603e-13,0.0,8550.0,8550.0,0.0
2025-04-21,8550.000000000002,0.0,0.0,0.0,8550.000000000004,8550.000000000004,0.0
2025-04-22,8550.000000000002,0.0,0.0,0.0,8550.000000000002,8550.000000000002,0.0
2025-04-23,8550.000000000002,0.0,0.0,0.0,8550.000000000004,8550.000000000004,0.0
2025-04-24,8550.000000000002,0.0,0.0,0.0,2863.8014525198596,2863.8014525198596,0.0
2025-04-25,2863.8014525198596,0.0,0.0,0.0,2763.515648124126,2763.515648124126,0.0
2025-04-26,2763.5156481241274,0.0,0.0,0.0,8550.000000000007,8550.000000000007,0.0
2025-04-27,8549.999999999998,0.0,0.0,0.0,8550.000000000004,8550.000000000004,0.0
2025-04-28,8550.000000000002,0.0,0.0,0.0,8550.0,8550.0,0.0
2025-04-29,8550.000000000004,0.0,0.0,0.0,8550.0,8550.0,0.0
2025-04-30,8550.000000000002,0.0,0.0,0.0,8550.0,8550.0,0.0
2025-05-01,8550.0,0.0,0.0,0.0,2346.6702032441644,2346.6702032441644,0.0
2025-05-02,2346.6702032441644,0.0,0.0,0.0,2380.478747916914,2380.478747916914,0.0
2025-05-03,2380.4787479169154,0.0,0.0,0.0,8549.999999999998,8549.999999999998,0.0
2025-05-04,8550.000000000002,0.0,0.0,0.0,8549.999999999996,8549.999999999996,0.0
2025-05-05,8550.0,2.2737367544323206e-13,1.1368683772161603e-13,0.0,8550.000000000004,8550.000000000004,0.0
2025-05-06,8550.000000000004,0.0,0.0,0.0,8550.000000000004,8550.000000000004,0.0
2025-05-07,8550.0,0.0,1.1368683772161603e-13,0.0,8549.999999999996,8549.999999999996,0.0
2025-05-08,8550.0,0.0,0.0,0.0,2965.3233568441556,2965.3233568441556,0.0
2025-05-09,2965.323356844157,0.0,0.0,0.0,2877.255426845019,2877.255426845019,0.0
2025-05-10,2877.255426845014,0.0,0.0,0.0,8549.999999999996,8549.999999999996,0.0
2025-05-11,8550.0,2.2737367544323206e-13,1.1368683772161603e-13,0.0,8549.999999999998,8549.999999999998,0.0
2025-05-12,8550.0,2.2737367544323206e-13,1.1368683772161603e-13,0.0,8550.0,8550.0,0.0
2025-05-13,8550.0,2.2737367544323206e-13,1.1368683772161603e-13,0.0,8550.000000000004,8550.000000000004,0.0
2025-05-14,8550.000000000002,4.320099833421409e-12,2.0463630789890885e-12,1.637090463191271e-12,8550.000000000004,8550.000000000004,0.0
2025-05-15,8550.0,0.0,0.0,0.0,2483.6643585423735,2483.6643585423735,0.0
2025-05-16,2483.664358542376,0.0,0.0,0.0,2620.642657495662,2620.642657495662,0.0
2025-05-17,2620.642657495661,0.0,0.0,0.0,8550.0,8550.0,0.0
2025-05-18,8550.000000000002,0.0,0.0,0.0,8549.999999999996,8549.999999999996,0.0
2025-05-19,8550.0,0.0,0.0,0.0,8550.0,8550.0,0.0
2025-05-20,8550.0,0.0,0.0,0.0,8550.0,8550.0,0.0
2025-05-21,8550.0,0.0,0.0,0.0,8550.0,8550.0,0.0
2025-05-22,8550.0,0.0,0.0,0.0,2032.4293926863802,2032.4293926863802,0.0
2025-05-23,2032.429392686381,0.0,0.0,0.0,1971.602488091587,1971.602488091587,0.0
2025-05-24,1971.602488091583,0.0,0.0,0.0,8550.000000000005,8550.000000000005,0.0
2025-05-25,8550.000000000002,0.0,0.0,0.0,8550.0,8550.0,0.0
2025-05-26,8550.000000000002,0.0,0.0,0.0,8550.0,8550.0,0.0
2025-05-27,8550.000000000002,0.0,0.0,0.0,8549.999999999996,8549.999999999996,0.0
2025-05-28,8550.0,0.0,1.1368683772161603e-13,0.0,8550.000000000004,8550.000000000004,0.0
2025-05-29,8550.000000000002,0.0,0.0,0.0,2065.195139464883,2065.195139464883,0.0
2025-05-30,2065.195139464885,0.0,0.0,0.0,2185.7543887040297,2185.7543887040297,0.0
2025-05-31,2185.7543887040306,0.0,0.0,0.0,8550.0,8550.0,0.0
2025-06-01,8550.0,2.2737367544323206e-13,1.1368683772161603e-13,0.0,8550.0,8550.0,0.0
2025-06-02,8550.0,0.0,0.0,0.0,8550.0,8550.0,0.0
2025-06-03,8550.0,0.0,1.1368683772161603e-13,0.0,8549.999999999995,8549.999999999995,0.0
2025-06-04,8550.0,0.0,0.0,0.0,8549.999999999998,8549.999999999998,0.0
2025-06-05,8550.000000000004,8.185452315956354e-12,4.092726157978177e-12,3.274180926382542e-12,2861.0531723984177,2861.0531723984177,0.0
2025-06-06,2861.053172398416,0.0,0.0,0.0,2949.927754676366,2949.927754676366,0.0
2025-06-07,2949.927754676366,0.0,0.0,0.0,8550.000000000007,8550.000000000007,0.0
2025-06-08,8550.000000000002,0.0,0.0,0.0,8550.0,8550.0,0.0
2025-06-09,8550.000000000002,0.0,0.0,0.0,8550.0,8550.0,0.0
2025-06-10,8550.000000000004,0.0,0.0,0.0,8550.0,8550.0,0.0
2025-06-11,8550.0,0.0,1.1368683772161603e-13,0.0,8549.999999999996,8549.999999999996,0.0
2025-06-12,8550.0,0.0,0.0,0.0,7447.160103496891,7447.160103496891,0.0
2025-06-13,7447.160103496888,0.0,0.0,0.0,7687.415152247676,7687.415152247676,0.0
2025-06-14,7687.415152247673,0.0,0.0,0.0,8550.000000000002,8550.000000000002,0.0
2025-06-15,8550.000000000004,0.0,0.0,0.0,8549.999999999996,8549.999999999996,0.0
2025-06-16,8550.0,2.2737367544323206e-13,1.1368683772161603e-13,0.0,8549.999999999998,8549.999999999998,0.0
2025-06-17,8550.0,0.0,0.0,0.0,8549.999999999998,8549.999999999998,0.0
2025-06-18,8550.0,0.0,0.0,0.0,8550.0,8550.0,0.0
2025-06-19,8550.0,0.0,0.0,0.0,6797.8047984887635,6797.8047984887635,0.0
2025-06-20,6797.804798488764,0.0,0.0,0.0,5943.351167768085,5943.351167768085,0.0
2025-06-21,5943.351167768085,0.0,0.0,0.0,8550.0,8550.0,0.0
2025-06-22,8550.000000000004,0.0,0.0,0.0,8549.999999999996,8549.999999999996,0.0
2025-06-23,8550.0,0.0,0.0,0.0,8550.000000000004,8550.000000000004,0.0
2025-06-24,8550.0,2.2737367544323206e-13,1.1368683772161603e-13,0.0,8550.0,8550.0,0.0
2025-06-25,8550.0,0.0,0.0,0.0,8550.0,8550.0,0.0
2025-06-26,8550.000000000004,0.0,0.0,0.0,2558.287356316725,2558.287356316725,0.0
2025-06-27,2558.2873563167254,0.0,0.0,0.0,2657.049110906402,2657.049110906402,0.0
2025-06-28,2657.049110906406,0.0,0.0,0.0,8550.000000000002,8550.000000000002,0.0
2025-06-29,8550.0,0.0,0.0,0.0,8550.0,8550.0,0.0
2025-06-30,8550.0,0.0,0.0,0.0,8550.0,8550.0,0.0
2025-07-01,8550.0,0.0,1.1368683772161603e-13,0.0,8549.999999999996,8549.999999999996,0.0
2025-07-02,8550.0,0.0,0.0,0.0,8550.0,8550.0,0.0
2025-07-03,8550.0,0.0,1.1368683772161603e-13,0.0,2912.1329850815837,2912.1329850815837,0.0
2025-07-04,2912.1329850815837,0.0,0.0,0.0,2949.4532639340614,2949.4532639340614,0.0
2025-07-05,2949.453263934062,0.0,0.0,0.0,8550.0,8550.0,0.0
2025-07-06,8550.0,0.0,0.0,0.0,8550.0,8550.0,0.0
2025-07-07,8549.999999999998,0.0,0.0,0.0,8550.0,8550.0,0.0
2025-07-08,8550.0,0.0,0.0,0.0,8550.000000000004,8550.000000000004,0.0
2025-07-09,8550.0,0.0,0.0,0.0,8550.000000000002,8550.000000000002,0.0
2025-07-10,8550.0,0.0,1.1368683772161603e-13,0.0,3180.8144158400146,3180.8144158400146,0.0
2025-07-11,3180.8144158400128,0.0,0.0,0.0,3232.560285181637,3232.560285181637,0.0
2025-07-12,3232.5602851816357,0.0,0.0,0.0,8550.0,8550.0,0.0
2025-07-13,8549.999999999998,0.0,0.0,0.0,8550.000000000004,8550.000000000004,0.0
2025-07-14,8550.0,2.2737367544323206e-13,1.1368683772161603e-13,0.0,8549.999999999996,8549.999999999996,0.0
2025-07-15,8550.0,0.0,1.1368683772161603e-13,0.0,8550.0,8550.0,0.0
2025-07-16,8550.0,0.0,0.0,0.0,8550.000000000004,8550.000000000004,0.0
2025-07-17,8550.000000000004,0.0,0.0,0.0,3566.297532672428,3566.297532672428,0.0
2025-07-18,3566.297532672428,0.0,0.0,0.0,3538.021997522648,3538.021997522648,0.0
2025-07-19,3538.0219975226487,0.0,0.0,0.0,8550.0,8550.0,0.0
2025-07-20,8550.0,0.0,0.0,0.0,8550.0,8550.0,0.0
2025-07-21,8550.000000000004,8.185452315956354e-12,4.092726157978177e-12,3.274180926382542e-12,8549.999999999996,8549.999999999996,0.0
2025-07-22,8550.000000000002,0.0,0.0,0.0,8549.999999999996,8549.999999999996,0.0
2025-07-23,8550.0,0.0,0.0,0.0,8549.999999999998,8549.999999999998,0.0
2025-07-24,8549.999999999998,0.0,0.0,0.0,3687.048923578086,3687.048923578086,0.0
2025-07-25,3687.048923578084,0.0,0.0,0.0,3574.235005451843,3574.235005451843,0.0
2025-07-26,3574.2350054518447,0.0,0.0,0.0,8550.0,8550.0,0.0
2025-07-27,8550.0,2.2737367544323206e-13,1.1368683772161603e-13,0.0,8550.0,8550.0,0.0
2025-07-28,8550.0,2.2737367544323206e-13,1.1368683772161603e-13,0.0,8550.0,8550.0,0.0
2025-07-29,8550.000000000002,0.0,0.0,0.0,8550.0,8550.0,0.0
2025-07-30,8550.0,2.2737367544323206e-13,1.1368683772161603e-13,0.0,8550.0,8550.0,0.0
2025-07-31,8550.000000000002,4.092726157978177e-12,2.0463630789890885e-12,1.637090463191271e-12,3839.313196076344,3839.313196076344,0.0
2025-08-01,3839.313196076346,0.0,0.0,0.0,3722.2929736525566,3722.2929736525566,0.0
2025-08-02,3722.2929736525507,0.0,0.0,0.0,8550.0,8550.0,0.0
2025-08-03,8550.0,0.0,0.0,0.0,8550.000000000002,8550.000000000002,0.0
2025-08-04,8550.000000000002,4.092726157978177e-12,2.0463630789890885e-12,1.637090463191271e-12,8550.0,8550.0,0.0
2025-08-05,8550.0,0.0,0.0,0.0,8549.999999999998,8549.999999999998,0.0
2025-08-06,8550.000000000002,4.092726157978177e-12,2.0463630789890885e-12,1.637090463191271e-12,8550.000000000004,8550.000000000004,0.0
2025-08-07,8550.000000000002,0.0,0.0,0.0,3208.946011561673,3208.946011561673,0.0
2025-08-08,3208.946011561671,0.0,0.0,0.0,2988.912976789967,2988.912976789967,0.0
2025-08-09,2988.912976789972,0.0,0.0,0.0,8550.000000000005,8550.000000000005,0.0
2025-08-10,8550.0,0.0,0.0,0.0,8550.0,8550.0,0.0
2025-08-11,8550.0,0.0,0.0,0.0,8550.0,8550.0,0.0
2025-08-12,8550.0,0.0,0.0,0.0,8549.999999999996,8549.999999999996,0.0
2025-08-13,8550.0,2.2737367544323206e-13,1.1368683772161603e-13,0.0,8550.0,8550.0,0.0
2025-08-14,8550.0,0.0,0.0,0.0,3051.157178377689,3051.157178377689,0.0
2025-08-15,3051.1571783776894,0.0,0.0,0.0,2948.3406165044707,2948.3406165044707,0.0
2025-08-16,2948.340616504469,0.0,0.0,0.0,8550.000000000002,8550.000000000002,0.0
2025-08-17,8550.000000000002,0.0,0.0,0.0,8550.000000000004,8550.000000000004,0.0
2025-08-18,8550.0,0.0,0.0,0.0,8549.999999999995,8549.999999999995,0.0
2025-08-19,8550.0,0.0,0.0,0.0,8549.999999999996,8549.999999999996,0.0
2025-08-20,8550.0,0.0,0.0,0.0,8549.999999999996,8549.999999999996,0.0
2025-08-21,8550.000000000002,0.0,0.0,0.0,3733.8873111718967,3733.8873111718967,0.0
2025-08-22,3733.8873111718967,0.0,0.0,0.0,3757.3880910217963,3757.3880910217963,0.0
2025-08-23,3757.388091021794,0.0,0.0,0.0,8549.999999999993,8549.999999999993,0.0
2025-08-24,8549.999999999998,0.0,0.0,0.0,8549.999999999996,8549.999999999996,0.0
2025-08-25,8550.0,0.0,1.1368683772161603e-13,0.0,8550.000000000004,8550.000000000004,0.0
2025-08-26,8550.000000000002,0.0,0.0,0.0,8549.999999999998,8549.999999999998,0.0
2025-08-27,8550.0,2.2737367544323206e-13,1.1368683772161603e-13,0.0,8550.000000000002,8550.000000000002,0.0
2025-08-28,8550.0,0.0,0.0,0.0,3867.907597223526,3867.907597223526,0.0
2025-08-29,3867.9075972235287,0.0,0.0,0.0,3893.30723013471,3893.30723013471,0.0
2025-08-30,3893.3072301347083,0.0,0.0,0.0,8550.000000000004,8550.000000000004,0.0
2025-08-31,8550.000000000004,0.0,0.0,0.0,8550.000000000004,8550.000000000004,0.0
2025-09-01,8550.0,0.0,0.0,0.0,8550.0,8550.0,0.0
2025-09-02,8550.0,0.0,0.0,0.0,8549.999999999998,8549.999999999998,0.0
2025-09-03,8550.000000000004,0.0,0.0,0.0,8550.0,8550.0,0.0
2025-09-04,8550.0,0.0,0.0,0.0,4221.133338209707,4221.133338209707,0.0
2025-09-05,4221.133338209706,0.0,0.0,0.0,3846.0462129676625,3846.0462129676625,0.0
2025-09-06,3846.0462129676625,0.0,0.0,0.0,8549.999999999996,8549.999999999996,0.0
2025-09-07,8550.0,0.0,0.0,0.0,8550.0,8550.0,0.0
2025-09-08,8550.000000000002,0.0,0.0,0.0,8549.999999999998,8549.999999999998,0.0
2025-09-09,8550.0,0.0,0.0,0.0,8550.0,8550.0,0.0
2025-09-10,8550.000000000002,0.0,0.0,0.0,8549.999999999998,8549.999999999998,0.0
2025-09-11,8550.0,0.0,0.0,0.0,4018.430192108609,4018.430192108609,0.0
2025-09-12,4018.4301921086108,0.0,0.0,0.0,4108.087345100753,4108.087345100753,0.0
2025-09-13,4108.087345100754,0.0,0.0,0.0,8550.000000000004,8550.000000000004,0.0
2025-09-14,8550.000000000002,0.0,0.0,0.0,8550.0,8550.0,0.0
2025-09-15,8550.000000000002,0.0,0.0,0.0,8549.999999999996,8549.999999999996,0.0
2025-09-16,8550.000000000004,0.0,0.0,0.0,8549.999999999996,8549.999999999996,0.0
2025-09-17,8549.999999999998,0.0,0.0,0.0,8550.0,8550.0,0.0
2025-09-18,8550.000000000002,0.0,0.0,0.0,4489.087857177325,4489.087857177325,0.0
2025-09-19,4489.0878571773255,0.0,0.0,0.0,4492.6753403695575,4492.6753403695575,0.0
2025-09-20,4492.675340369557,0.0,0.0,0.0,8549.999999999996,8549.999999999996,0.0
2025-09-21,8549.999999999998,0.0,0.0,0.0,8549.999999999993,8549.999999999993,0.0
2025-09-22,8550.0,0.0,0.0,0.0,8550.0,8550.0,0.0
2025-09-23,8550.000000000004,8.185452315956354e-12,4.092726157978177e-12,3.274180926382542e-12,8550.0,8550.0,0.0
2025-09-24,8549.999999999998,0.0,0.0,0.0,8550.000000000002,8550.000000000002,0.0
2025-09-25,8550.000000000004,8.185452315956354e-12,4.092726157978177e-12,3.274180926382542e-12,4843.011040411545,4843.011040411545,0.0
2025-09-26,4843.011040411547,0.0,0.0,0.0,4789.019508059751,4789.019508059751,0.0
2025-09-27,4789.019508059752,0.0,0.0,0.0,8549.999999999998,8549.999999999998,0.0
2025-09-28,8550.0,0.0,1.1368683772161603e-13,0.0,8550.000000000005,8550.000000000005,0.0
2025-09-29,8550.000000000002,3.865352482534945e-12,2.0463630789890885e-12,1.637090463191271e-12,8550.0,8550.0,0.0
2025-09-30,8550.0,0.0,1.1368683772161603e-13,0.0,8550.000000000004,8550.000000000004,0.0
2025-10-01,8550.0,0.0,0.0,0.0,8550.000000000002,8550.000000000002,0.0
2025-10-02,8550.000000000004,8.185452315956354e-12,4.092726157978177e-12,3.274180926382542e-12,5092.289668330415,5092.289668330415,0.0
2025-10-03,5092.28966833042,0.0,0.0,0.0,5086.403345311726,5086.403345311726,0.0
2025-10-04,5086.403345311727,0.0,0.0,0.0,8550.000000000005,8550.000000000005,0.0
2025-10-05,8550.000000000004,0.0,0.0,0.0,8550.000000000007,8550.000000000007,0.0
2025-10-06,8550.000000000004,0.0,0.0,0.0,8549.999999999998,8549.999999999998,0.0
2025-10-07,8550.000000000002,0.0,0.0,0.0,8550.0,8550.0,0.0
2025-10-08,8550.0,0.0,0.0,0.0,8550.000000000002,8550.000000000002,0.0
2025-10-09,8550.000000000002,0.0,0.0,0.0,5184.568458761283,5184.568458761283,0.0
2025-10-10,5184.568458761282,0.0,0.0,0.0,5481.4333772541095,5481.4333772541095,0.0
2025-10-11,5481.433377254112,0.0,0.0,0.0,8550.000000000004,8550.000000000004,0.0
2025-10-12,8550.0,0.0,0.0,0.0,8550.0,8550.0,0.0
2025-10-13,8550.0,0.0,0.0,0.0,8550.0,8550.0,0.0
2025-10-14,8550.000000000002,0.0,0.0,0.0,8550.0,8550.0,0.0
2025-10-15,8550.0,0.0,0.0,0.0,8550.0,8550.0,0.0
2025-10-16,8550.000000000004,0.0,0.0,0.0,5772.679341001429,5772.679341001429,0.0
2025-10-17,5772.679341001427,0.0,0.0,0.0,5951.98704201472,5951.98704201472,0.0
2025-10-18,5951.987042014721,0.0,0.0,0.0,8550.000000000004,8550.000000000004,0.0
2025-10-19,8550.000000000002,0.0,0.0,0.0,8550.0,8550.0,0.0
2025-10-20,8550.0,0.0,0.0,0.0,8550.000000000005,8550.000000000005,0.0
2025-10-21,8550.000000000002,0.0,0.0,0.0,8550.000000000004,8550.000000000004,0.0
2025-10-22,8550.000000000002,0.0,0.0,0.0,8550.000000000004,8550.000000000004,0.0
2025-10-23,8550.000000000002,0.0,0.0,0.0,6186.077363638076,6186.077363638076,0.0
2025-10-24,6186.0773636380745,0.0,0.0,0.0,6310.520190259999,6310.520190259999,0.0
2025-10-25,6310.520190259997,0.0,0.0,0.0,8550.0,8550.0,0.0
2025-10-26,8550.0,0.0,0.0,0.0,8550.0,8550.0,0.0
2025-10-27,8550.000000000002,3.865352482534945e-12,2.0463630789890885e-12,1.637090463191271e-12,8550.0,8550.0,0.0
2025-10-28,8550.000000000002,0.0,0.0,0.0,8549.999999999996,8549.999999999996,0.0
2025-10-29,8550.0,0.0,0.0,0.0,8550.000000000004,8550.000000000004,0.0
2025-10-30,8550.000000000004,0.0,0.0,0.0,6601.686840306891,6601.686840306891,0.0
2025-10-31,6601.686840306891,0.0,0.0,0.0,6609.22129690624,6609.22129690624,0.0
2025-11-01,6609.221296906237,0.0,0.0,0.0,8550.0,8550.0,0.0
2025-11-02,8550.000000000002,0.0,0.0,0.0,8549.999999999998,8549.999999999998,0.0
2025-11-03,8550.000000000004,0.0,0.0,0.0,8549.999999999998,8549.999999999998,0.0
2025-11-04,8550.000000000002,0.0,0.0,0.0,8549.999999999998,8549.999999999998,0.0
2025-11-05,8550.0,0.0,0.0,0.0,8550.000000000004,8550.000000000004,0.0
2025-11-06,8550.000000000002,4.092726157978177e-12,2.0463630789890885e-12,1.637090463191271e-12,6912.276857083327,6912.276857083327,0.0
2025-11-07,6912.27685708333,0.0,0.0,0.0,6838.1899999436,6838.1899999436,0.0
2025-11-08,6838.189999943604,0.0,0.0,0.0,8549.999999999996,8549.999999999996,0.0
2025-11-09,8550.000000000002,0.0,0.0,0.0,8550.000000000002,8550.000000000002,0.0
2025-11-10,8550.000000000002,0.0,0.0,0.0,8549.999999999995,8549.999999999995,0.0
2025-11-11,8550.0,0.0,0.0,0.0,8549.999999999996,8549.999999999996,0.0
2025-11-12,8550.0,2.2737367544323206e-13,1.1368683772161603e-13,0.0,8550.000000000004,8550.000000000004,0.0
2025-11-13,8550.000000000004,0.0,0.0,0.0,7950.000000000003,7950.000000000003,0.0
2025-11-14,7950.000000000002,0.0,0.0,0.0,7836.040467181352,7836.040467181352,0.0
2025-11-15,7836.040467181359,0.0,0.0,0.0,8550.000000000004,8550.000000000004,0.0
2025-11-16,8550.0,0.0,0.0,0.0,8550.000000000005,8550.000000000005,0.0
2025-11-17,8550.000000000002,0.0,0.0,0.0,8550.000000000002,8550.000000000002,0.0
2025-11-18,8550.0,0.0,0.0,0.0,8549.999999999998,8549.999999999998,0.0
2025-11-19,8550.0,0.0,0.0,0.0,8550.000000000004,8550.000000000004,0.0
2025-11-20,8550.000000000002,0.0,0.0,0.0,7950.000000000001,7950.000000000001,0.0
2025-11-21,7950.000000000004,0.0,0.0,0.0,7950.000000000006,7950.000000000006,0.0
2025-11-22,7950.000000000002,0.0,0.0,0.0,8550.0,8550.0,0.0
2025-11-23,8550.000000000004,0.0,0.0,0.0,8550.0,8550.0,0.0
2025-11-24,8550.000000000004,0.0,0.0,0.0,8550.0,8550.0,0.0
2025-11-25,8550.000000000002,0.0,0.0,0.0,8549.999999999996,8549.999999999996,0.0
2025-11-26,8550.0,0.0,0.0,0.0,8549.999999999998,8549.999999999998,0.0
2025-11-27,8550.000000000004,0.0,0.0,0.0,7950.000000000001,7950.000000000001,0.0
2025-11-28,7950.0,0.0,0.0,0.0,7950.0,7950.0,0.0
2025-11-29,7950.0,0.0,0.0,0.0,8549.999999999995,8549.999999999995,0.0
2025-11-30,8550.0,0.0,0.0,0.0,8549.999999999996,8549.999999999996,0.0
2025-12-01,8550.0,0.0,0.0,0.0,8550.0,8550.0,0.0
2025-12-02,8550.0,0.0,0.0,0.0,8550.0,8550.0,0.0
2025-12-03,8550.000000000002,0.0,0.0,0.0,8549.999999999996,8549.999999999996,0.0
2025-12-04,8550.000000000004,0.0,0.0,0.0,8550.0,8550.0,0.0
2025-12-05,8550.0,0.0,0.0,0.0,8550.000000000004,8550.000000000004,0.0
2025-12-06,8550.000000000004,0.0,0.0,0.0,8550.0,8550.0,0.0
2025-12-07,8550.0,0.0,0.0,0.0,8550.0,8550.0,0.0
2025-12-08,8550.000000000004,0.0,0.0,0.0,8549.999999999996,8549.999999999996,0.0
2025-12-09,8550.0,0.0,0.0,0.0,8550.000000000002,8550.000000000002,0.0
2025-12-10,8550.0,0.0,0.0,0.0,8550.000000000004,8550.000000000004,0.0
2025-12-11,8550.000000000004,0.0,0.0,0.0,8549.999999999998,8549.999999999998,0.0
2025-12-12,8550.0,0.0,1.1368683772161603e-13,0.0,8550.000000000002,8550.000000000002,0.0
2025-12-13,8550.0,2.2737367544323206e-13,1.1368683772161603e-13,0.0,8550.0,8550.0,0.0
2025-12-14,8550.0,0.0,0.0,0.0,8549.999999999998,8549.999999999998,0.0
2025-12-15,8550.0,0.0,0.0,0.0,8549.999999999996,8549.999999999996,0.0
2025-12-16,8550.0,0.0,0.0,0.0,8550.0,8550.0,0.0
2025-12-17,8550.000000000002,0.0,0.0,0.0,8550.000000000002,8550.000000000002,0.0
2025-12-18,8550.000000000004,0.0,0.0,0.0,8550.000000000002,8550.000000000002,0.0
2025-12-19,8550.0,0.0,1.1368683772161603e-13,0.0,8550.000000000004,8550.000000000004,0.0
2025-12-20,8550.0,0.0,0.0,0.0,8550.0,8550.0,0.0
2025-12-21,8550.000000000002,0.0,0.0,0.0,8549.999999999996,8549.999999999996,0.0
2025-12-22,8550.000000000002,0.0,0.0,0.0,8550.0,8550.0,0.0
2025-12-23,8550.000000000002,0.0,0.0,0.0,8549.999999999998,8549.999999999998,0.0
2025-12-24,8550.000000000002,0.0,0.0,0.0,8549.999999999996,8549.999999999996,0.0
2025-12-25,8550.000000000002,0.0,0.0,0.0,8549.999999999998,8549.999999999998,0.0
2025-12-26,8550.000000000002,4.092726157978177e-12,2.0463630789890885e-12,1.637090463191271e-12,8550.000000000004,8550.000000000004,0.0
2025-12-27,8550.0,0.0,1.1368683772161603e-13,0.0,8550.000000000004,8550.000000000004,0.0
2025-12-28,8550.0,0.0,0.0,0.0,8549.999999999996,8549.999999999996,0.0
2025-12-29,8550.0,0.0,0.0,0.0,8549.999999999998,8549.999999999998,0.0
2025-12-30,8550.000000000002,0.0,0.0,0.0,8549.999999999996,8549.999999999996,0.0
2025-12-31,8550.0,0.0,0.0,0.0,8549.999999999996,8549.999999999996,0.0
