date,days,purchase_kwh,emergency_kwh,actual_grid_kwh,planned_cost_yuan,emergency_cost_yuan,total_cost_yuan,charge_kwh,discharge_kwh,curtailment_kwh,emergency_intervals,emergency_days,emergency_while_charging_kwh,emergency_while_charging_intervals,waste_while_discharging_kwh,soc_start_kwh,soc_end_kwh,v2b_total_cost_yuan,difference_vs_v2b_yuan
2025-02-01,1,47108.69673477165,69.67004628887798,47178.366781060526,24536.508708154528,229.59575506779944,24766.104463222327,20631.554631087016,16711.559251180483,8880.19546782066,5,1,16.24978872490442,1,2062.2221574959135,5999.999999999998,6000.000000000001,24837.681053606968,-71.57659038464044
2025-02-02,1,92642.0658755059,18.49930167839318,92660.5651771843,58510.15623006874,93.63575956157433,58603.791989630314,24833.33333333333,20115.0,9585.953893850958,3,1,0.0,0,2597.770802138998,6000.000000000001,6000.0,58603.791989630314,0.0
2025-02-03,1,91386.15482736447,81.63328483517444,91467.78811219965,57563.479479039546,320.74244789999125,57884.221926939535,24597.05152747875,19923.611737257786,6577.43182197868,9,1,11.064681736468401,2,2140.959317076752,6000.0,6000.000000000002,57884.221926939535,0.0
2025-02-04,1,91138.6012547946,700.1765144776334,91838.77776927223,57297.346839558224,2827.7310245134954,60125.07786407172,24496.82128565874,19842.425241383582,5989.517774997078,22,1,210.3628939198623,6,1149.1600547914004,6000.000000000002,6000.0,60125.07786407172,0.0
2025-02-05,1,90951.81537123266,229.19806014896926,91181.01343138162,57238.92264230261,849.4777463598774,58088.400388662485,24533.420379703446,19872.07050755979,5771.236575904642,12,1,111.89585672907992,4,1197.3480945007918,6000.0,6000.0,58088.400388662485,0.0
2025-02-06,1,91224.01153942634,143.74650422590935,91367.75804365225,57519.70753679443,695.3117402546841,58215.019277049105,24547.137196517757,19883.181129179386,6432.744759647216,14,1,16.86518563379127,2,1839.6518754818394,6000.0,6000.000000000002,58215.019277049105,0.0
2025-02-07,1,44642.62631250728,135.6111579423584,44778.23747044964,23004.73184259773,775.8834432332009,23780.61528583093,20564.200586515373,16657.002475077454,9065.35969234505,12,1,0.0,0,1400.8822138402486,6000.000000000002,6000.0,23780.61528583093,0.0
2025-02-08,1,42785.66022939172,194.0548634085181,42979.71509280024,22058.436880588102,1061.055864321103,23119.492744909207,20534.645545597465,16633.062891933943,7500.9697224700485,15,1,60.45618402908133,4,2062.34558096772,6000.0,6000.000000000002,23119.492744909207,0.0
2025-02-09,1,88011.2695294969,613.8019486241747,88625.07147812107,55257.45400300764,1833.481660416996,57090.935663424636,24522.54256012617,19863.259473702197,4410.372425030429,17,1,396.1039043152192,6,1294.1806813182313,6000.000000000002,6000.000000000001,57090.935663424636,0.0
2025-02-10,1,88162.82575376949,105.11591093823765,88267.94166470773,55357.34385018368,514.4449482285883,55871.78879841227,24620.42136874598,19942.541308684245,9263.424021312661,11,1,14.100118673509996,3,3691.7812429772157,6000.000000000001,6000.000000000001,55871.78879841227,0.0
2025-02-11,1,86887.68583263784,97.42623111011224,86985.11206374796,54377.59071051423,517.8724452670126,54895.463155781246,24501.289142528294,19846.044205447917,7109.269993334243,11,1,0.7750134754573992,2,2336.436565140184,6000.000000000001,6000.000000000004,54895.463155781246,0.0
2025-02-12,1,85321.08739948702,398.6157143646725,85719.70311385169,53311.19784472433,1619.5936980414806,54930.79154276581,24287.630694582243,19672.980862611625,5838.317148547739,22,1,19.137496383922382,2,2175.9297024185485,6000.000000000004,6000.0,54930.79154276581,0.0
2025-02-13,1,84784.95815971261,228.17886647491213,85013.13702618753,53022.16219782066,706.1321459208807,53728.29434374154,24308.451357276193,19689.845599393717,9065.052251638372,23,1,46.57874264940845,4,3874.394406882485,6000.0,6000.0,53728.29434374154,0.0
2025-02-14,1,37242.86877846178,807.7585867050202,38050.6273651668,19289.51690264792,2616.555038311583,21906.071940959504,19159.80655811136,15519.443312070198,4608.462302458973,34,1,491.3082586374176,13,1064.50348277405,6000.0,6000.0,21906.071940959504,0.0
2025-02-15,1,36151.494449673875,863.153917585021,37014.648367258895,18713.27420078771,3007.513095190059,21720.787295977767,18599.54857289655,15065.63434404621,4200.643038408557,47,1,230.6119385624047,8,759.3715045212722,6000.0,6000.000000000003,21720.787295977767,0.0
2025-02-16,1,81031.00431190294,1260.5265930244573,82291.53090492741,50212.47123818955,4984.141629950906,55196.61286814046,23236.235400854468,18821.350674692123,2499.2670787650613,61,1,284.71136381008745,17,823.968813225423,6000.000000000003,6000.0,55196.61286814046,0.0
2025-02-17,1,81036.93809442122,354.8159441232875,81391.7540385445,50177.13865703837,1249.8751696171048,51427.01382665547,23214.36577706089,18803.636279419323,5797.161374236269,29,1,111.45578201643093,6,2478.3399846521143,6000.0,6000.0,51427.01382665547,0.0
2025-02-18,1,80338.00216658467,486.894862726298,80824.89702931097,49653.05285333961,1957.6474933677619,51610.700346707374,23214.318437822647,18803.597934636346,4322.788742791343,31,1,138.53685672550876,7,1767.2511440866265,6000.0,6000.0,51610.700346707374,0.0
2025-02-19,1,79863.45171007383,1236.79070852556,81100.24241859939,49278.530972346365,4460.993618890715,53739.52459123708,23283.974922062112,18860.019686870313,3796.9598000742585,56,1,288.3697885285661,10,611.4672406510265,6000.0,6000.000000000002,53739.52459123708,0.0
2025-02-20,1,79764.93631489796,540.4749487263357,80305.4112636243,49200.21912150195,2218.320094287105,51418.53921578905,23260.530061649086,18841.02934993576,4892.776818577634,34,1,71.50701115936255,4,1650.0366941571265,6000.000000000002,6000.0,51418.53921578905,0.0
2025-02-21,1,35677.503682564704,579.7622380388385,36257.265920603546,18513.38665835837,2005.4910836940207,20518.87774205239,18216.92702422439,14755.710889621756,7235.787752667574,31,1,75.30827416671342,4,885.5257461235499,6000.0,6000.000000000001,20518.87774205239,0.0
2025-02-22,1,35174.118336227184,838.6211500535783,36012.73948628076,18239.410734362496,3152.154949942356,21391.565684304853,17873.12317155232,14477.22976895738,4772.08320035249,45,1,207.8096054631245,11,652.3227784539322,6000.000000000001,6000.000000000001,21391.56568430485,3.637978807091713e-12
2025-02-23,1,78548.44339764726,1131.3247411933667,79679.76813884063,48313.097096602345,3852.6112103178393,52165.70830692018,23235.9687128551,18821.13465741263,3733.0804000648313,47,1,434.57817645458505,13,1081.7927220339125,6000.000000000001,6000.0,52131.7970378941,33.911269026080845
2025-02-24,1,78111.84414428174,384.2745862669901,78496.11873054873,47956.276513931516,1668.1583674105098,49624.43488134203,23200.012945156854,18792.010485577048,5885.082654302258,28,1,46.216208724832086,4,2527.3337880341396,6000.0,6000.0,49624.43488134203,0.0
2025-02-25,1,77860.9860431498,418.92828830391295,78279.9143314537,47825.68210752762,1440.2633463746733,49265.94545390229,23231.21745926376,18817.286142003646,8044.659780860262,28,1,68.06577628635318,6,3398.89547846145,6000.0,6000.000000000001,49265.94545390229,0.0
2025-02-26,1,77219.71070272494,635.002026614405,77854.71272933934,47396.27179743052,2558.3206551673557,49954.59245259788,23007.475284213113,18636.054980212622,4668.444392005523,34,1,84.61457391198041,7,2246.4926405626675,6000.000000000001,6000.000000000004,49954.59245259788,0.0
2025-02-27,1,76628.58436963243,510.6205010349096,77139.20487066734,46946.17266274792,2503.023680547285,49449.1963432952,22946.042630258828,18586.294530509655,5822.872570918169,24,1,10.689051234184888,1,895.6446015387354,6000.000000000004,6000.000000000001,49449.1963432952,0.0
2025-02-28,1,35000.94268016161,506.2447581213686,35507.18743828298,18091.715628516795,1831.0721897120854,19922.78781822888,17692.041423610455,14330.553553124471,8853.106017796994,31,1,207.81257358017,8,919.3121421860026,6000.000000000001,6000.000000000001,19922.78781822888,0.0
2025-03-01,1,34652.7514346,488.92784120467115,35141.67927580467,17953.397196525828,1813.3073131158212,19766.704509641648,17369.504205567053,14069.298406509313,8182.707543413606,19,1,209.1092298291146,5,1141.6228363102257,6000.000000000001,6000.0,19766.704509641648,0.0
2025-03-02,1,75562.29640718781,4429.401200697461,79991.69760788527,46293.044246426,16492.310034379512,62785.354280805506,23030.471764418082,18654.68212917865,3257.6009059791695,48,1,2872.837470043991,21,1169.4435408596996,6000.0,6000.000000000002,62785.354280805506,0.0
2025-03-03,1,76357.92003653433,2746.442546560636,79104.36258309496,46761.34738799102,11298.334340647496,58059.68172863851,23321.284265635513,18890.24025516477,2656.171939290884,61,1,753.7850854990288,19,555.8353844434428,6000.000000000002,6000.0,58059.68172863853,-1.4551915228366852e-11
2025-03-04,1,78320.09349566014,329.16853845242764,78649.26203411257,48227.63513487599,1095.1016310482714,49322.73676592427,23171.646567311487,18769.033719522304,5047.191252990052,23,1,106.51188493974837,8,1634.0901476895444,6000.0,6000.0,49322.73676592427,0.0
2025-03-05,1,79480.65332722699,85.04136033782991,79565.69468756481,48998.17111848397,352.0111200090743,49350.18223849305,23178.40051829,18774.5044198149,9031.326572423059,14,1,11.947104954599581,3,3315.0468862190482,6000.0,6000.0,49350.18223849303,2.1827872842550278e-11
2025-03-06,1,79020.08764704401,166.16116103434607,79186.24880807835,48789.35310357993,566.7476426128549,49356.10074619279,23172.78569969263,18769.956416751033,8842.765391803427,16,1,44.91875194668444,4,3731.801024043575,6000.0,6000.0,49356.10074619279,0.0
2025-03-07,1,34300.32958420836,129.5966776869137,34429.92626189528,17813.780175873846,404.578479335276,18218.358655209122,17332.991056203904,14039.722755525163,10214.372427883198,13,1,64.470505182073,5,1963.9583084325013,6000.0,6000.000000000003,18218.358655209122,0.0
2025-03-08,1,33363.06117728162,178.74720913936022,33541.80838642098,17451.33174104517,460.095918220169,17911.427659265337,16694.837236458756,13522.818161531592,11306.649794827154,16,1,23.514027766811296,2,1418.3793384937865,6000.000000000003,6000.000000000001,17911.427659265337,0.0
2025-03-09,1,77219.76420468357,245.060158932567,77464.82436361614,47423.23173464303,921.3624675950357,48344.59420223806,23177.289623722103,18773.604595214903,9727.614285108937,14,1,9.463176075799538,1,3319.7121178162497,6000.000000000001,6000.0,48344.59420223806,0.0
2025-03-10,1,75477.85700321652,1360.894251405262,76838.75125462178,46174.72412571788,3891.5733667968407,50066.29749251472,23309.308495636644,18880.539881465684,4367.911190450813,34,1,1036.2134610559683,16,2232.9675079803733,6000.0,6000.0,50066.29749251472,0.0
2025-03-11,1,75481.65677470787,336.5618632263647,75818.21863793423,45949.59677220656,1250.3923506800688,47199.989122886625,23288.972828388134,18864.067990994386,7454.395000540486,25,1,68.48692638317073,5,3531.3745495911126,6000.0,6000.000000000004,47199.989122886625,0.0
2025-03-12,1,74920.20875388828,414.41682937886566,75334.62558326714,45615.951420386686,1243.7250288991324,46859.67644928582,23129.434246154175,18734.841739384887,8504.498393164515,28,1,94.52664353204382,7,3767.0001185738756,6000.000000000004,6000.0,46859.67644928582,0.0
2025-03-13,1,73720.42494971643,2025.666825998722,75746.09177571515,44857.9493932532,8085.203628861599,52943.1530221148,22475.988975574153,18205.551070215068,3930.0358536893964,48,1,1019.0200992611813,21,1633.4074251668458,6000.0,6000.0,52843.534614193064,99.61840792173462
2025-03-14,1,31864.833822374185,314.4558763211322,32179.289698695316,16578.24036374175,1118.7635153757687,17697.003879117517,16000.000000000002,12960.0,13109.863715361982,21,1,103.28514835786677,4,747.4704512971625,6000.0,6000.0,17608.291515154855,88.7123639626625
2025-03-15,1,31521.983470451945,626.8573786720046,32148.84084912395,16474.782888871938,2217.8018852041773,18692.584774076116,16008.997512363465,12967.287985014407,8183.006171774891,38,1,25.663204118963108,2,615.8659272586892,6000.0,6000.0,18692.584774076116,0.0
2025-03-16,1,73315.15723364976,787.1084651138306,74102.2656987636,44462.913732851375,3090.2838445195657,47553.19757737094,22315.686240040635,18075.705854432916,6511.238379822534,31,1,173.75266048916114,7,2520.5380867501376,6000.0,6000.0,47741.147505319226,-187.9499279482843
2025-03-17,1,72791.7808039537,201.88421843851668,72993.66502239222,44072.23411129029,759.7206534845001,44831.95476477479,22077.013434816796,17882.380882201604,10940.9010364437,14,1,10.622741101273066,2,4049.6386766566993,6000.0,6000.000000000003,44831.95476477479,0.0
2025-03-18,1,70226.31425253257,1175.7010934681243,71402.0153460007,42262.63677446655,5690.3920817426715,47953.02885620922,21463.333270015242,17385.299948712345,6198.023658031133,35,1,38.34965126990346,2,817.4079785610878,6000.000000000003,6000.000000000001,47953.02885620922,0.0
2025-03-19,1,70227.49464823755,664.1492454204491,70891.64389365801,42301.9326398458,3332.515160820063,45634.44780066586,21704.364986934375,17580.535639416845,7302.34409614047,20,1,3.81541789709172,1,1261.9571015415586,6000.000000000001,6000.0,45677.24807417138,-42.800273505519726
2025-03-20,1,69885.79111179117,653.8562213355166,70539.64733312669,42210.97675705566,2542.349900326808,44753.326657382466,21842.874944473107,17692.728705023215,4180.539277010133,38,1,80.52939715658124,4,1028.1786940339896,6000.0,6000.0,44753.326657382466,0.0
2025-03-21,1,30852.32182934973,439.65549365236166,31291.97732300209,15929.915975667343,1380.7041436018008,17310.620119269144,16000.0,12959.999999999998,16218.512806335424,32,1,113.82085254450908,8,677.4287512050457,6000.0,6000.000000000002,17141.057475996724,169.56264327242025
2025-03-22,1,31024.31749295866,444.82250452221115,31469.13999748087,16082.590640686465,1417.5618767380015,17500.152517424467,16000.000000000002,12960.000000000002,12547.940264147539,23,1,204.55777808264224,6,813.1185609788888,6000.000000000002,6000.0,17385.321593042834,114.83092438163294
2025-03-23,1,68335.22038996742,746.7311696670621,69081.95155963449,41194.107692636964,2767.6767436446494,43961.78443628162,21717.71996415104,17591.353170962342,6185.864649779108,34,1,226.14661386742728,8,1616.8381827054313,6000.0,6000.000000000002,43961.78443628162,0.0
2025-03-24,1,68027.55711695389,701.3018320239507,68728.85894897784,40991.5136127776,2484.040823964111,43475.55443674171,21591.07973129413,17488.77458234824,6628.056716698625,32,1,162.7369086139155,7,1367.2369362209315,6000.000000000002,6000.000000000002,43480.00910580167,-4.454669059959997
2025-03-25,1,67516.56393039915,1382.8442289887803,68899.40815938792,40685.38163090013,4717.677020784696,45403.05865168482,21688.3566327754,17567.568872548076,3828.4956824939372,44,1,729.6050346417765,15,978.124907982253,6000.000000000002,6000.0000000000055,45403.05865168481,7.275957614183426e-12
2025-03-26,1,68259.82905131872,172.118910682797,68431.94796200152,41061.10026875416,473.04017427571944,41534.140443029886,21665.04935471296,17548.689977317503,8723.033717939394,13,1,31.95411721655125,2,2847.623823420375,6000.0000000000055,6000.000000000001,41534.140443029886,0.0
2025-03-27,1,67647.47970530714,602.0527985590222,68249.53250386615,40744.211478934565,2073.8519570470908,42818.063435981654,21647.64507728089,17534.59251259752,5419.490539182786,27,1,109.38640826048572,5,1729.9137429708785,6000.000000000001,6000.000000000002,42818.063435981654,0.0
2025-03-28,1,30209.17216858985,446.74641389468513,30655.918582484534,15402.45352208266,1570.569342920387,16973.022865003048,16000.000000000002,12960.000000000004,16794.037815817872,27,1,87.42324744421262,4,740.895616201379,6000.000000000002,6000.0,16778.61254860166,194.4103164013868
2025-03-29,1,30352.00118035456,231.82521953170453,30583.826399886264,15467.095698204601,857.3015843842884,16324.39728258889,16000.0,12959.999999999998,19836.61721655293,22,1,21.218955587200753,2,887.1999123268108,6000.0,6000.0,16274.31547448522,50.08180810367048
2025-03-30,1,64265.603498415745,848.3851932613312,65113.98869167708,38669.54015101427,3216.327403530203,41885.86755454447,21407.774436518495,17340.29729357998,5700.891848738557,35,1,420.4320831114991,12,1428.5561388020985,6000.0,6000.0,42134.76771564178,-248.9001610973064
2025-03-31,1,63574.08142695085,2079.7910354839905,65653.87246243484,38198.91292946306,7853.972876356146,46052.885805819205,21491.359104041814,17408.00087427387,4619.1247493335595,45,1,1499.241050591243,24,2319.101613622092,6000.0,6000.0,46077.368885160126,-24.483079340920085
2025-04-01,1,64358.5475993809,3273.444175139583,67631.99177452049,38535.79454285568,9112.986079911503,47648.78062276718,21553.718071072657,17458.511637568852,3327.9338243500088,58,1,2757.198292798863,24,1610.0749157295124,6000.0,6000.000000000004,47648.78062276718,0.0
2025-04-02,1,64914.37894114538,3382.184686321509,68296.5636274669,38725.108406023064,13492.60260777851,52217.71101380157,21552.701055891455,17457.687855272085,3766.21502684752,58,1,1733.467480839583,19,563.7044622168343,6000.000000000004,6000.000000000002,52217.71101380157,0.0
2025-04-03,1,66585.40374115367,438.4262764480297,67023.8300176017,39702.07309732879,1717.4431814239479,41419.51627875273,21642.397934070963,17530.34232659748,7048.244143461546,29,1,65.6799001541558,3,1285.456329714435,6000.000000000002,6000.000000000001,41419.51627875274,-7.275957614183426e-12
2025-04-04,1,29783.94054113699,226.78884663113573,30010.729387768126,15094.941334713882,899.3625478285505,15994.303882542434,16000.000000000002,12960.000000000002,20539.92713776813,19,1,55.023011067246216,4,918.6198217688403,6000.000000000001,6000.0,15861.573049826251,132.7308327161827
2025-04-05,1,29979.21815704981,293.31155415750163,30272.529711207313,15179.303835435529,1146.9599902744928,16326.26382571002,15999.999999999989,12959.99999999999,15188.41472787398,27,1,44.66653389449732,6,1063.6923355319311,6000.0,6000.0,17219.166943122334,-892.9031174123138
2025-04-06,1,66410.95352963892,152.09618206812905,66563.04971170705,39422.18745553025,609.3197986019632,40031.50725413221,21675.1221572074,17556.848947337992,8034.700235170979,12,1,0.0,0,2342.5735249318495,6000.0,6000.0,40031.50725413221,0.0
2025-04-07,1,65854.1500518769,176.51087120015768,66030.66092307706,38994.50485683795,481.9390629320923,39476.44391977004,21609.596230036615,17503.772946329656,8682.118356036763,19,1,22.133027013892615,5,3043.702069546057,6000.0,6000.0,39476.44391977004,0.0
2025-04-08,1,65722.5695041373,606.6180301891214,66329.18753432641,38912.034255976214,2791.862776083892,41703.8970320601,21617.417749008793,17510.10837669712,7868.684545348072,36,1,24.357746854848983,3,1215.4625344077228,6000.0,6000.000000000001,41703.8970320601,0.0
2025-04-09,1,64567.02502201335,1835.595898874853,66402.6209208882,38357.33430009919,6107.99739062767,44465.33169072686,21543.847187308595,17450.51622171996,3174.978938632901,44,1,1366.3631992987794,22,871.5829434662444,6000.000000000001,6000.000000000004,44465.33169072687,-7.275957614183426e-12
2025-04-10,1,65751.57938019345,661.4001715071707,66412.97955170061,39037.700596739676,2979.73150377272,42017.4321005124,21709.402068758674,17584.615675694527,7827.555258636473,31,1,102.6883533416053,7,1515.5403120184978,6000.000000000004,6000.000000000002,42017.4321005124,0.0
2025-04-11,1,29183.61099050627,468.19674137480524,29651.807731881076,14650.545873058034,1761.4589135437718,16412.004786601807,16000.000000000002,12960.000000000002,21295.15756521441,27,1,136.9358759789825,5,1237.0356351747407,6000.000000000002,6000.0,16253.099711901148,158.9050747006586
2025-04-12,1,29526.071356041208,160.86660552046308,29686.93796156167,14847.18083076083,683.7671799960134,15530.948010756842,15999.999999999996,12960.0,17621.777411561674,9,1,7.1342550861954805,1,1586.5586823397812,6000.0,6000.000000000001,15530.948010756842,0.0
2025-04-13,1,64984.92839902231,305.3315130947685,65290.25991211708,38410.07437928626,1379.8921911360674,39789.96657042234,21532.910534408824,17441.657532871148,6922.648427246068,27,1,4.718066192920105,2,2035.1844969977267,6000.000000000001,6000.000000000002,39789.96657042234,0.0
2025-04-14,1,64568.85266376129,274.5609270853303,64843.41359084662,38086.279112237375,1220.048323201947,39306.32743543932,21330.213646963246,17277.473054040227,8262.641197923598,22,1,57.40614572970139,2,1805.4202139510846,6000.000000000002,6000.000000000002,39306.32743543932,0.0
2025-04-15,1,64593.1872300765,94.77425131502275,64687.961481391525,38213.78056836207,428.6498228473046,38642.430391209375,21466.475464050895,17387.845125881224,10469.90230988852,9,1,47.848924205252615,3,3983.5869329940015,6000.000000000002,6000.0,38642.430391209375,0.0
2025-04-16,1,63411.125760508185,686.2529867115965,64097.37874721978,37514.99269662666,2296.382156023471,39811.37485265013,21025.77977854345,17030.881620620192,4322.888639296522,34,1,380.9173123202289,12,1304.6964801468234,6000.0,6000.0,39811.37485265013,0.0
2025-04-17,1,62256.96071154632,245.30616654728897,62502.266878093615,36966.33890468173,1007.6335525183515,37973.972457200085,20585.885186553365,16674.567001108226,5722.606342648471,22,1,87.70618754441197,4,1463.2399191857958,6000.0,6000.000000000001,38147.46664981432,-173.49419261423463
2025-04-18,1,28662.487320280867,206.1244433139699,28868.611763594836,14293.79014826796,614.5453143156444,14908.335462583605,15999.999999999996,12960.0,19474.494580261504,17,1,25.620533403831246,2,1120.4284981839717,6000.000000000001,6000.000000000002,14908.335462583605,0.0
2025-04-19,1,28533.749621708685,486.17320215911906,29019.922823867804,14225.318389728776,1542.5031452539106,15767.821534982688,15999.999999999998,12960.0,19195.243573867803,15,1,253.35223813095718,5,981.5500406153066,6000.000000000002,6000.000000000002,15006.899477751194,760.9220572314935
2025-04-20,1,61814.73144195273,427.59234254702164,62242.32378449976,36548.49811525392,1727.2149336109128,38275.713048864825,20799.793660230516,16847.83286478672,6332.618105722624,24,1,64.77981981470673,6,1356.379918589851,6000.000000000002,6000.0,38313.027304504125,-37.31425563929952
2025-04-21,1,61589.531866203506,308.5708652388471,61898.102731442355,36315.87940651167,1029.9796580141142,37345.85906452578,20794.781109318203,16843.772698547742,9430.18393733856,25,1,57.65247826875704,5,2413.2878593630744,6000.0,6000.0,37345.85906452578,0.0
2025-04-22,1,60953.583801929075,619.312023375256,61572.89582530433,36205.6530132423,1961.9543799257012,38167.607393168,20491.073564810464,16597.769587496474,5526.662531323673,29,1,262.1657949363632,9,1778.4006763436912,6000.0,6000.000000000001,38167.607393168,0.0
2025-04-23,1,61523.6354042007,334.8755860601962,61858.5109902609,36329.427489072215,1110.449645876901,37439.877134949114,20536.880915142927,16634.87354126577,6556.586899717072,23,1,159.7838072349751,10,2367.1397019062683,6000.000000000001,6000.0,37439.877134949114,0.0
2025-04-24,1,60416.68709625399,119.22688756979267,60535.91398382378,35772.48391665235,524.9606332868234,36297.44454993917,20479.799853269014,16588.637881147893,9554.645311702667,17,1,21.23249147632218,3,3040.4333311272153,6000.0,6000.0,36297.44454993917,0.0
2025-04-25,1,27609.05705109131,420.6514506955782,28029.70850178689,13512.90539978285,1420.2407182657698,14933.14611804862,16000.000000000002,12960.0,22989.350851786887,20,1,324.9123664344917,10,1050.474134540258,6000.0,6000.0,14228.583221304765,704.5628967438552
2025-04-26,1,27464.525024154496,386.38047493279157,27850.905499087286,13436.557084945183,1426.9641593391223,14863.521244284306,16000.000000000002,12960.0,24740.711865753954,26,1,95.15109882409342,6,1123.281164397572,6000.0,6000.0,14974.064505436127,-110.54326115182084
2025-04-27,1,57323.340456883816,1103.9943766501199,58427.33483353393,33825.8140944689,4665.244043835497,38491.0581383044,20252.244982083164,16404.318435487367,6005.9371036048005,36,1,95.2097804541911,4,909.3224923909163,6000.0,6000.0,38491.05813830441,-1.4551915228366852e-11
2025-04-28,1,57415.79763243956,5530.874262062678,62946.67189450224,33980.90881125893,20286.847755928684,54267.756567187615,20254.38417568867,16406.05118230782,2476.3715844547182,64,1,4315.060128282858,36,1018.1110804899097,6000.0,6000.0,54267.756567187615,0.0
2025-04-29,1,59288.18134961121,579.4063838822794,59867.587733493485,35067.50839869186,2442.2592291494375,37509.7676278413,19667.575147246243,15930.735869269456,8697.534738850038,18,1,3.5413177786554115,3,2832.3886226853174,6000.0,6000.0,37509.7676278413,0.0
2025-04-30,1,58984.08433914275,934.2283360780573,59918.312675220805,34954.26486935503,3211.933957460941,38166.19882681597,19502.869099057356,15797.323970236459,7955.913113066573,34,1,663.237669968795,15,2462.3085254582375,6000.0,6000.000000000002,38166.19882681597,0.0
2025-05-01,1,58568.23502587691,2702.2500558362967,61270.4850817132,34855.287503036925,12738.352066674699,47593.639569711624,19399.276279716312,15713.413786570216,6573.243788567106,61,1,436.08564953941345,9,503.917025215724,6000.000000000002,6000.0,47075.38071177381,518.2588579378134
2025-05-02,1,27554.395030188185,3245.288466141221,30799.683496329406,13640.197259090557,14417.959388557174,28058.15664764773,16000.0,12959.999999999998,13469.36341299607,73,1,1143.6080134040194,21,120.69036120072187,6000.0,6000.000000000002,28058.15664764773,0.0
2025-05-03,1,28301.8861547901,1403.3150529966354,29705.201207786737,14176.272199410381,7080.584214520733,21256.856413931113,16000.0,12960.000000000002,17798.029557786736,37,1,130.82628152670395,4,418.67304772244495,6000.000000000002,6000.000000000002,21172.501286726518,84.35512720459519
2025-05-04,1,63102.86275561037,1280.517913019569,64383.380668629936,37571.24353811755,5867.935472930682,43439.17901104823,20175.89367838592,16342.473879492603,8815.293536403284,49,1,314.5865727952936,13,3490.9835269161345,6000.000000000002,6000.0,43243.3921403343,195.78687071393506
2025-05-05,1,64145.38911650079,1533.0246958368602,65678.41381233765,38255.0528882428,6770.037351561834,45025.09023980463,19736.60887785755,15986.653191064615,6852.451325544717,48,1,215.37407542157905,8,568.941176733781,6000.0,6000.0,45360.14231317441,-335.05207336977764
2025-05-06,1,63852.472049590804,1331.2454400362838,65183.71748962709,38382.51104698909,5329.354294461227,43711.86534145032,19972.908489525573,16178.055876515707,8518.782509950559,38,1,513.2982031319929,9,781.5320932462914,6000.0,6000.0,43369.4661190358,342.3992224145186
2025-05-07,1,65124.84288491183,796.3446233846532,65921.18750829648,39001.03535597613,3873.570354243458,42874.605710219585,20693.775968733004,16761.958534673737,6921.524124237213,33,1,112.53805579681534,4,1588.9015517615098,6000.0,6000.0,42754.63900389223,119.96670632735186
2025-05-08,1,66901.78627954861,712.6702818632133,67614.45656141183,40794.97805945704,2812.5836984186985,43607.561757875745,21412.05607372454,17343.765419716878,7719.653507404171,20,1,253.0127697290991,7,2781.0469946994886,6000.0,6000.0,43607.561757875745,0.0
2025-05-09,1,31267.221950853498,231.27470597729007,31498.496656830786,16897.42857471438,836.5662531675358,17733.994827881914,16000.0,12960.0,19959.110806830788,13,1,98.11050227379542,3,1322.265066351777,6000.0,6000.0,17314.611015315473,419.3838125664406
2025-05-10,1,31234.709808318767,333.90153574467416,31568.61134406344,16877.795017603807,1018.9353843186029,17896.73040192241,16000.722470914405,12960.58520144067,16407.428791256367,18,1,158.9723858628007,6,1427.631172392045,6000.0,6000.000000000001,17818.476456233002,78.25394568940828
2025-05-11,1,67722.49817024103,363.53849184009044,68086.03666208113,41029.95553037687,1361.6333968302447,42391.588927207114,21334.632701060866,17281.052487859302,8548.377365546223,28,1,85.98335220235674,6,2797.2846385924827,6000.000000000001,6000.0,42437.168681843774,-45.579754636659345
2025-05-12,1,68727.9956937135,559.0838269227156,69287.07952063621,41588.46234751766,1531.8978283559995,43120.36017587366,21831.803171782976,17683.76056914421,13207.841684664112,15,1,431.45445209614013,6,6735.902622175624,6000.0,6000.0,43126.758404087566,-6.398228213904076
2025-05-13,1,67700.03524935362,94.00979854868172,67794.0450479023,40955.80710764834,312.86494953519315,41268.67205718354,21066.41849024621,17063.798977099428,10662.212768088848,9,1,36.2027995582132,2,2828.0106246169607,6000.0,6000.000000000002,41268.67205718354,0.0
2025-05-14,1,67999.76980080357,185.18966544658107,68184.95946625015,41092.57230270515,586.6816582703742,41679.253960975526,20893.234186635575,16923.519691174813,11201.09618745606,11,1,3.9569948545863554,1,3666.494793416428,6000.000000000002,6000.0,41679.253960975526,0.0
2025-05-15,1,68015.17433557706,329.4796165660892,68344.65395214316,41475.99749354555,1258.9945590780696,42734.99205262362,20817.67105651027,16862.31355577332,11624.23816807287,16,1,0.0,0,3714.714772084674,6000.0,6000.0,42734.99205262362,0.0
2025-05-16,1,31211.441270112613,133.56969274998576,31345.010962862598,17004.600878954647,421.1289495136116,17425.72982846826,16000.0,12959.999999999996,25589.504429529265,8,1,51.51654539507092,2,2240.3807958302787,6000.0,6000.000000000002,17298.69611542564,127.03371304261964
2025-05-17,1,31004.94035445547,483.356607666428,31488.296962121898,16806.38925310852,1832.4476863361842,18638.836939444704,16000.472026727504,12960.38234164928,17999.40819371034,17,1,236.09704631907027,6,1857.688032164945,6000.000000000002,6000.0,18638.836939444704,0.0
2025-05-18,1,65181.90660079736,720.5226246032759,65902.42922540063,39702.92311045878,2007.80288010632,41710.7259905651,19417.53291193699,15728.20165866896,8536.929872132609,22,1,435.91285187806784,7,2399.32576192168,6000.0,6000.0,41710.7259905651,0.0
2025-05-19,1,65163.94265019406,156.18630363111686,65320.12895382518,39429.680702325546,912.5577745390804,40342.23847686462,19597.656934205115,15874.102116706144,14081.357586326209,10,1,8.073304505291844,1,2898.788565350703,6000.0,6000.0,40342.23847686462,0.0
2025-05-20,1,64046.218596504135,661.2090454759109,64707.427641980044,38780.63458630146,2436.1198429098713,41216.75442921132,19620.83746027569,15892.878342823306,6452.073707860996,23,1,448.38911447371106,17,2192.523711796666,6000.0,6000.0,41255.85589109092,-39.10146187959617
2025-05-21,1,64148.7611598979,660.7738003590698,64809.53496025697,38812.95327197243,2479.8442545863254,41292.79752655875,19216.31586603686,15565.215851489857,9795.819662376629,22,1,232.43269230349836,8,2713.898203514559,6000.0,6000.0,41292.79752655875,0.0
2025-05-22,1,63709.88232846208,174.87316567217516,63884.75549413425,38770.07709709658,634.8563811076408,39404.93347820422,19014.442639541543,15401.698538028653,9455.380575954698,10,1,23.0958732539994,1,2306.17875953242,6000.0,6000.0,39404.93347820422,0.0
2025-05-23,1,29771.395373819865,246.5959315276448,30017.99130534751,15958.14998583403,670.0722844898859,16628.222270323917,16000.0,12960.0,20557.042422014176,12,1,128.3302509860323,2,1110.1001619846593,6000.0,6000.0,16455.005860323916,173.2164100000009
2025-05-24,1,30104.11774817834,147.41641538548313,30251.534163563825,16177.132208559939,396.1376170186348,16573.269825578573,15999.99999999999,12959.999999999993,23457.032780230493,16,1,0.0,0,1455.9025741798737,6000.0,6000.0,16573.269825578573,0.0
2025-05-25,1,62412.904251561915,170.37706239260783,62583.281313954525,37979.78212966116,757.2238831747187,38737.006012835875,18686.92707819023,15136.410933334088,10487.754985765045,15,1,14.926016206079566,3,2372.877451604535,6000.0,6000.0,38737.006012835875,0.0
2025-05-26,1,60968.49610761525,2483.2189138373474,63451.7150214526,37141.63091982873,8879.462326912695,46021.093246741424,18911.887061977664,15318.628520201906,5278.623529676838,37,1,1773.7843230631854,16,1182.634504361477,6000.0,6000.000000000001,46021.093246741424,0.0
2025-05-27,1,62502.51248617453,124.80552101498324,62627.31800718951,37926.93485325725,318.076692071726,38245.011545328976,18857.713460727566,15274.747903189329,9653.985149651273,13,1,59.21603337469196,5,2329.287056243303,6000.000000000001,6000.0,38245.011545328976,0.0
2025-05-28,1,61811.46066421617,1487.8471726542982,63299.30783687047,37508.85947665662,4673.351655468544,42182.21113212516,18636.56610551256,15095.618545465175,7484.536176823078,33,1,1144.444107725642,17,1089.6794482704493,6000.0,6000.0,42182.21113212516,0.0
2025-05-29,1,62354.5969212483,1040.0544187787848,63394.651340027085,37713.759697451496,4196.1949625766765,41909.95466002817,19049.490749743592,15430.087507292314,5665.124597575808,40,1,387.84765514729224,12,932.3719001870556,6000.0,6000.0,41909.95466002817,0.0
2025-05-30,1,29422.056120006397,628.0569540108664,30050.113074017263,15479.357227761315,2488.620687353482,17967.977915114796,16000.000000000002,12959.999999999998,20413.879807350593,22,1,163.54710921831838,4,1353.767659228659,6000.0,6000.000000000002,17540.94116744252,427.03674767227494
2025-05-31,1,29917.136312521383,687.9474179187104,30605.083730440092,15853.044100582709,1855.442526140913,17708.48662672362,15999.999999999998,12960.000000000002,19175.902180440095,25,1,298.9864599035586,6,1120.983086686217,6000.000000000002,6000.0,17664.945792014816,43.54083470880505
2025-06-01,1,64548.185935729576,11481.318987513394,76029.50492324297,38855.959226494575,44339.47039000009,83195.42961649466,20062.21952283126,16250.397813493319,992.8569139050259,115,1,5856.635905191472,38,779.3136193145723,6000.0,6000.0,83182.51075026613,12.918866228530533
2025-06-02,1,67613.71394176109,8339.997846305587,75953.71178806668,40679.899740242734,33676.33578265829,74356.23552290103,20691.95703643049,16760.485199508697,3381.4325011448864,114,1,2166.110771510349,25,1412.8884612232803,6000.0,6000.0,74343.12358618013,13.111936720903032
2025-06-03,1,70251.48578648007,3985.1863975372685,74236.67218401734,42508.90708714058,16422.18500781157,58931.09209495215,21602.94297202585,17498.383807340935,1939.7461859990958,88,1,545.8891414443624,12,421.80049423232254,6000.0,6000.0,58930.316584901484,0.7755100506692543
2025-06-04,1,73837.98032427127,3646.8772056576977,77484.85752992897,45034.512449881615,13071.013555540876,58105.52600542249,21833.275693251224,17684.953311533493,3691.274331544565,73,1,1834.3630542242413,23,2021.1390642217957,6000.0,6000.0,58098.88499284129,6.64101258120354
2025-06-05,1,76901.4906415957,2250.7949591139823,79152.28560070967,47405.93992449301,8473.327570493262,55879.26749498627,22333.333333333336,18090.000000000004,3759.6342507096797,66,1,567.3808032993071,12,1361.2857351371422,6000.0,6000.0,55879.26749498627,0.0
2025-06-06,1,35235.91747405392,2803.7519056821366,38039.66937973605,19733.015075945306,11208.332767237778,30941.347843183084,16000.0,12959.999999999998,4144.6739797360515,70,1,775.071628543229,20,631.0118492057189,6000.0,6000.0,30941.347843183084,0.0
2025-06-07,1,38365.27178080956,1017.2810483860654,39382.55282919563,21692.984963099978,3962.1619401386406,25655.14690323862,14462.202250741635,11714.383823100727,5508.221234888053,37,1,416.6747626210213,11,850.6356642358967,6000.0,6000.0,25655.14690323862,0.0
2025-06-08,1,90116.97531631119,15.863524517323981,90132.83884082851,57055.52180851424,54.03514515207761,57109.55695366632,24566.06756106519,19898.514724462802,20280.362737559455,3,1,2.062931306751125,1,8714.201936377907,6000.0,6000.0,57109.55695366632,0.0
2025-06-09,1,88759.41218343958,262.07053974395126,89021.48272318352,56069.58693847932,662.9411121973417,56732.52805067666,24481.33536241425,19829.88164355554,13437.316270991483,12,1,7.386909280356647,3,5052.463374238152,6000.0,6000.0,56732.52805067666,0.0
2025-06-10,1,89226.59784736682,84.13558700486885,89310.7334343717,56425.109997303836,225.39111483293132,56650.50111213677,24560.19243402954,19893.755871563928,13025.852638572744,4,1,0.0,0,4676.572355811855,6000.0,6000.0,56650.50111213677,0.0
2025-06-11,1,89994.43906110578,518.7754602748491,90513.21452138062,56716.83577244214,2493.441440314606,59210.277212756744,24628.47337356419,19949.063432586994,9749.35826373677,12,1,10.46801289643372,1,1945.2527000244393,6000.0,6000.0,59210.277212756744,0.0
2025-06-12,1,91017.39823868741,111.3466979499187,91128.74493663733,57788.140375192605,326.96552312106104,58115.10589831367,24833.333333333332,20114.999999999996,13958.020169970665,9,1,34.44683342545136,2,4831.732113555348,6000.0,6000.0,58115.10589831367,0.0
2025-06-13,1,44618.32721162432,157.09275447427322,44775.41996609859,25689.359954284,856.8138768791391,26546.173831163138,14082.437175670335,11406.77411229297,13754.44320272122,9,1,103.99652707781104,5,2249.6513607344937,6000.0,6000.0,26546.173831163138,0.0
2025-06-14,1,44702.492564988934,40.76423657154135,44743.25680156048,25726.52558042058,109.11734480499224,25835.642925225573,14124.11698192443,11440.534755358784,15866.331824994833,3,1,9.286172535860032,1,2309.5503424792732,6000.0,6000.000000000003,25835.642925225573,0.0
2025-06-15,1,92803.21458547458,0.0,92803.21458547458,59189.45219359331,0.0,59189.45219359331,24833.33333333333,20115.000000000004,17457.906918807923,0,0,0.0,0,5066.7759098368215,6000.000000000003,6000.0,59189.45219359331,0.0
2025-06-16,1,92232.98249222884,96.29456597578654,92329.27705820462,58757.389267547194,284.918083160233,59042.30735070743,24778.23022485438,20070.36648213205,14927.360498815635,6,1,25.986191587238793,1,4193.833313563814,6000.0,6000.0,59042.30735070743,0.0
2025-06-17,1,90870.42003817607,432.5113406782838,91302.93137885435,57639.68223507069,1792.1300756799706,59431.81231075066,24833.333333333336,20115.0,11947.586828854357,10,1,0.0,0,4589.202548825032,6000.0,6000.0,59431.81231075066,0.0
2025-06-18,1,91083.40696527174,27.190809995676204,91110.59777526742,57658.26437640875,74.97769834469764,57733.24207475344,24833.333333333336,20114.999999999996,15463.873541934088,3,1,0.0,0,6154.96163410881,6000.0,6000.0,57733.24207475344,0.0
2025-06-19,1,89317.99413539446,167.28435865057412,89485.27849404504,56570.69881744806,660.9365810172018,57231.63539846526,24800.064333483497,20088.052110121633,16513.76207068317,9,1,0.0,0,5346.545483176355,6000.0,6000.0,57231.63539846526,0.0
2025-06-20,1,41488.49748435552,17.693083010922635,41506.19056736644,24010.234202922184,38.25770640252696,24048.49190932471,13580.554795201866,11000.249384113513,16525.304306278085,3,1,0.0,0,2315.0725444550985,6000.0,6000.0,24048.49190932471,0.0
2025-06-21,1,39739.302982359855,80.8365563156807,39820.13953867554,22991.404566630357,245.3772098198635,23236.781776450218,14527.505220277106,11767.279228424455,17725.173146822886,8,1,0.0,0,1608.166465921263,6000.0,6000.0,23236.781776450218,0.0
2025-06-22,1,83497.93640205859,138.46091103528624,83636.39731309388,52452.49166445232,501.1938266670724,52953.68549111939,22975.098548978298,18609.82982467242,11813.787488788,5,1,22.48226034534605,1,4274.106425419696,6000.0,6000.0,52953.68549111939,0.0
2025-06-23,1,82935.17947760085,125.09502710506983,83060.27450470591,51974.29625465989,463.267759707439,52437.56401436732,22996.839035648893,18627.439618875604,11629.589087932622,9,1,0.0,0,3337.2732412610676,6000.0,6000.0,52437.56401436732,0.0
2025-06-24,1,81640.10572693076,3744.40790079992,85384.51362773069,51031.64822967428,15176.958158334985,66208.60638800927,22956.220285769487,18594.538431473284,4754.039523434478,49,1,1220.968414432351,15,1157.5731654165024,6000.0,6000.0,66208.60638800927,0.0
2025-06-25,1,82476.91869765201,1053.0653720451949,83529.98406969721,51592.94822162669,3473.193143398847,55066.141365025534,22890.55690059667,18541.35108948331,8743.356891917172,15,1,612.7224421023446,5,2484.911297114284,6000.0,6000.0,55066.141365025534,0.0
2025-06-26,1,81814.91325383095,233.32666300547072,82048.23991683642,51194.95104281148,963.3910335869805,52158.34207639846,23078.08233063712,18693.246687816067,10116.020440682041,15,1,0.0,0,2554.778648102194,6000.0,6000.0,52158.34207639846,0.0
2025-06-27,1,36403.46533766615,44.45611969996065,36447.921457366116,20983.955585076474,111.56413009134788,21095.519715167822,15937.488517031376,12909.365698795413,13648.152772463485,6,1,0.0,0,1046.8749172372297,6000.0,6000.0,21095.519715167822,0.0
2025-06-28,1,36468.23822690768,324.5011445378156,36792.739371445496,20747.949288703167,1095.7924603062504,21843.741749009416,15999.999999999998,12959.999999999996,11975.813254778828,13,1,131.31934258079104,4,1335.5068478202013,6000.0,6000.000000000002,22022.543307538093,-178.80155852867756
2025-06-29,1,80812.80537726873,1022.4410383828698,81835.24641565159,50395.11788235803,3129.2666387034424,53524.384521061475,22927.657657690965,18571.402702729683,8211.222927356985,27,1,560.8430514062001,9,3717.260211835203,6000.000000000002,6000.0,53524.384521061475,0.0
2025-06-30,1,81374.46838315079,869.922132301244,82244.39051545203,50811.29886792187,3479.5942103369557,54290.89307825882,22747.92150708784,18425.81642074115,8044.601445772004,21,1,11.919397577689097,2,3069.4427880717403,6000.0,6000.0,54290.89307825882,0.0
2025-07-01,1,81689.74002553422,5462.043325088827,87151.78335062305,50966.47100439012,18349.377544265157,69315.84854865528,22794.638440088773,18463.657136471902,3954.2580136728525,86,1,1139.7600197497798,18,1999.3185550081782,6000.0,6000.0,69315.84854865528,0.0
2025-07-02,1,80056.66742540327,5153.361415262346,85210.02884066562,49712.7212291026,17666.86289929502,67379.58412839762,22378.09055776794,18126.25335179203,8053.42526802305,81,1,863.6668316366827,14,4515.867793526406,6000.0,6000.0,67379.5841283976,1.4551915228366852e-11
2025-07-03,1,79164.68271801175,6637.440419102134,85802.12313711389,49299.36856020673,24173.36810554876,73472.7366657555,22270.090790819268,18038.773540563605,1810.3869535248991,107,1,1563.803167024791,23,1215.7254929605378,6000.0,6000.0,73472.73666575551,-1.4551915228366852e-11
2025-07-04,1,39280.129381478764,3042.4272787321634,42322.556660210925,22581.21895089009,11404.079407609674,33985.298358499764,16000.000000000004,12960.000000000002,10401.689193544258,76,1,397.51633107457724,8,566.6887524298292,6000.0,6000.0,33947.206559203776,38.091799295987585
2025-07-05,1,41092.367936492585,2165.715877513018,43258.0838140056,23640.61882146831,8755.730858292542,32396.349679760853,16000.0,12959.999999999998,11428.003847338934,56,1,58.373864046960875,4,530.837871478388,6000.0,6000.000000000002,32396.349679760853,0.0
2025-07-06,1,81871.21950660317,5096.434848374783,86967.65435497796,50842.23580539536,22079.793650254196,72922.02945564955,22053.5409680283,17863.368184102925,2983.500021052583,84,1,1294.417345248432,17,947.2567386554612,6000.000000000002,6000.0,72922.02945564956,-1.4551915228366852e-11
2025-07-07,1,82686.63712048282,1188.3708696379204,83875.00799012074,51570.41250314568,3819.406663520438,55389.819166666115,22431.39331426595,18169.428584555422,6203.56049374354,45,1,430.91753766848933,12,3184.3024828840257,6000.0,6000.0,55389.819166666115,0.0
2025-07-08,1,87306.14622190202,874.6380587464523,88180.78428064847,54883.27273016455,3824.1688556041026,58707.441585768654,22262.594927788698,18032.701891508845,8379.504227701955,31,1,18.174411841783964,2,1641.6885937914751,6000.0,6000.0,58707.441585768654,0.0
2025-07-09,1,86410.44165417916,767.9922714454895,87178.43392562465,54472.461804830986,2929.6737132440703,57402.13551807506,22508.7332005001,18232.073892405086,8843.049600862963,27,1,401.9303634322173,11,2646.0224368968397,6000.0,6000.0,57402.13551807506,0.0
2025-07-10,1,87057.58508988432,212.94916179854616,87270.53425168287,55093.945722581826,796.5123202849127,55890.45804286673,22959.32702717428,18597.054892011165,10054.63873318642,12,1,47.081717154512944,3,2431.5822311845545,6000.0,6000.0,55890.45804286673,0.0
2025-07-11,1,46786.485405984815,1316.6347159212635,48103.120121906075,28009.598582210085,3705.7812064981636,31715.37978870825,16041.639040416068,12993.727622737013,12536.431554227021,25,1,1136.8703142894701,16,1248.4685225104809,6000.0,6000.000000000002,31715.37978870825,0.0
2025-07-12,1,47275.671977226324,122.97886354783566,47398.65084077416,28131.65843886911,407.0204282857584,28538.67886715487,16013.112503896245,12970.621128155963,13271.916131700544,7,1,44.48863675671646,2,1470.039427800651,6000.000000000002,6000.0,28538.67886715487,0.0
2025-07-13,1,87953.70811166179,58.782211446055044,88012.49032310785,55484.90649246649,334.29070446596785,55819.19719693246,22225.578040079025,18002.71821246401,14521.91009549283,4,1,0.0,0,4196.631013304382,6000.0,6000.0,55819.19719693246,0.0
2025-07-14,1,86463.96051382757,188.47583791100257,86652.43635173856,54462.49094671894,904.7433685190954,55367.234315238034,22118.964185501227,17916.360990255995,10642.15393982667,8,1,124.14959881939262,4,3430.8057339612346,6000.0,6000.0,55367.234315238034,0.0
2025-07-15,1,90598.19592509556,1105.4800945096156,91703.67601960518,57566.15917109538,2907.512444457307,60473.67161555269,22213.399613849844,17992.853687218376,14734.079509640364,13,1,1067.3604435057239,12,5033.888803069952,6000.0,5999.999999999999,60473.67161555269,0.0
2025-07-16,1,90062.87054451162,346.522331915854,90409.39287642748,56977.836887323756,1277.1520792323645,58254.98896655612,22006.728519062814,17825.450100440878,14093.551074472207,8,1,158.70280059594324,3,5424.0929537298125,5999.999999999999,6000.0,58254.98896655612,0.0
2025-07-17,1,89770.88038327414,539.0768795865991,90309.95726286074,56911.670047047824,2644.354573097832,59556.02462014566,22019.319556570234,17835.64884082189,13405.870480445734,11,1,5.2259782997759885,1,3022.9512961197893,6000.0,6000.0,59556.02462014566,0.0
2025-07-18,1,48678.71917395146,48.16370352113984,48726.8828774726,29335.1565640438,205.09440328550298,29540.250967329303,16000.0,12960.0,14412.6347774726,2,1,14.683074444005683,1,2247.8665218440406,6000.0,6000.0,29540.250967329303,0.0
2025-07-19,1,48329.53826073074,1.6454507171995374,48331.18371144794,29044.222362457236,3.5928416410051898,29047.81520409824,16000.0,12960.0,18108.364661447937,1,1,0.0,0,2574.312193269792,6000.0,6000.000000000001,29047.81520409824,0.0
2025-07-20,1,87900.35850109266,149.69660670106947,88050.05510779373,55623.602393178146,495.25829352137436,56118.86068669952,22017.930858811294,17834.52399563715,11776.670027952925,6,1,88.7298734194344,2,3565.8184205412363,6000.000000000001,6000.0,56118.86068669952,0.0
2025-07-21,1,87615.57466695526,246.08786731242725,87861.66253426769,55313.91425006065,1032.0363596790332,56345.95060973968,21805.560740600158,17662.50419988613,9728.856643553665,13,1,44.402702755061,4,3255.9407497039106,6000.0,6000.0,56345.95060973968,0.0
2025-07-22,1,90299.57065429755,404.64875997123727,90704.2194142688,57211.812194309656,1779.6989067385541,58991.511101048214,22481.376693079914,18209.91512139473,12637.61322591694,6,1,146.05232880078233,1,3604.7108074107464,6000.0,6000.0,58991.511101048214,0.0
2025-07-23,1,89882.2903824489,263.5394301477643,90145.82981259667,56820.8559527918,1231.0813876935654,58051.93734048536,22466.20152998515,18197.623239287972,11660.704405232833,11,1,0.0,0,3811.3900481068936,6000.0,6000.0,58051.93734048536,0.0
2025-07-24,1,89828.79316059219,582.9527016346136,90411.7458622268,56951.023800827556,2488.9542517169507,59439.9780525445,22616.7743189132,18319.587198319692,12498.086741633295,10,1,310.8631202291647,4,4929.436569355928,6000.0,6000.0,59439.9780525445,0.0
2025-07-25,1,46918.02199064915,51.347289287126294,46969.369279936276,28078.911231575974,188.04400418651247,28266.955235762485,16003.124365472902,12962.530736033048,17423.456083829748,3,1,0.0,0,2314.7789071551892,6000.0,6000.000000000001,28266.955235762474,1.0913936421275139e-11
2025-07-26,1,46713.8802515519,131.73610798131318,46845.61635953321,28010.4650650421,317.097863712091,28327.562928754192,16016.839265906225,12973.639805384046,15333.32533234436,7,1,53.37112855074906,2,1845.2716132347018,6000.000000000001,6000.0,28327.562928754192,0.0
2025-07-27,1,87126.95969861052,760.5380160481627,87887.49771465868,54981.65138108208,3315.539164155786,58297.19054523787,22438.79772851879,18175.42616010022,9938.936346240107,22,1,72.43020073881642,3,2017.0034783101162,6000.0,6000.0,58297.19054523787,0.0
2025-07-28,1,87515.76796332424,1167.2782147134014,88683.04617803764,55287.40115080578,4148.921356819643,59436.322507625424,22462.8527964657,18194.910765137214,6460.226913375823,33,1,667.2735133316394,14,2123.281569476248,6000.0,6000.0,59436.322507625424,0.0
2025-07-29,1,89979.59451313267,663.2328119066419,90642.82732503931,56987.247406655304,2529.9202434912804,59517.167650146584,22521.336344212887,18242.28243881244,10294.527469638862,13,1,284.1528917113154,5,3008.2641179854472,6000.0,6000.0,59517.167650146584,0.0
2025-07-30,1,90102.05231694649,84.6378231590623,90186.69014010555,57049.50633021327,348.8067787516475,57398.31310896492,22358.563584918127,18110.436503783683,11835.309008971106,8,1,5.100063712330666,1,3962.450240042861,6000.0,6000.0,57398.31310896492,0.0
2025-07-31,1,89533.60905877277,138.12543197977112,89671.73449075254,56655.72092086038,558.1583432104103,57213.87926407079,22333.333333333332,18090.0,10733.404890752541,8,1,0.0,0,3148.69510552234,6000.0,6000.0,57213.87926407079,0.0
2025-08-01,1,45625.52229108341,168.7207016402532,45794.242992723666,27070.641453213935,518.1495736386732,27588.79102685261,15999.999999999998,12960.0,21502.883326057,8,1,72.81827351155175,2,2629.931544801006,6000.0,6000.000000000001,27280.8388530554,307.95217379721
2025-08-02,1,45413.27064044987,193.11872109394156,45606.38936154381,26993.752223042968,511.32377870967406,27505.07600175264,16000.000000000002,12960.0,21639.36442821048,7,1,162.73413562216888,3,2073.7124948263863,6000.000000000001,6000.0,27149.109185572248,355.9668161803929
2025-08-03,1,85781.18845032426,247.58447285357175,86028.77292317784,53986.17225322536,1024.9524326723947,55011.124685897754,22250.57300966571,18022.964137829225,18961.68406800801,11,1,48.30475310849218,3,7152.934433420752,6000.0,6000.0,55011.124685897754,0.0
2025-08-04,1,83815.00149152974,93.87211789521189,83908.87360942495,52570.72812097636,268.5361798366532,52839.26430081302,21865.75468647352,17711.26129604355,14338.725135661649,8,1,5.899858112909669,1,5314.303536125056,6000.0,6000.0,52839.26430081302,0.0
2025-08-05,1,81602.2567068919,102.92524609911145,81705.18195299101,51113.45091987286,318.6333483490261,51432.08426822189,21916.830666159105,17752.632839588874,12388.67439308745,7,1,19.419238682721698,2,4092.4656891094874,6000.0,6000.0,51432.08426822189,0.0
2025-08-06,1,80129.74856669,1357.9458059913882,81487.69437268139,50209.11133679829,5411.227508182324,55620.338844980615,21773.256444445535,17636.337720000884,9236.376381570075,29,1,418.7329539892446,9,3764.300741849622,6000.0,6000.0,55620.33884498063,-1.4551915228366852e-11
2025-08-07,1,78662.8590313496,325.8340722360092,78988.69310358561,49482.61015264868,1139.6555737826156,50622.265726431295,20979.226463645202,16993.17343555261,11614.654825493015,16,1,96.38339509145976,4,2770.1837464252826,6000.0,6000.0,50622.265726431295,0.0
2025-08-08,1,42350.74342923599,334.54014205910505,42685.2835712951,24750.950312863904,1162.3643985224505,25913.314711386356,16000.000000000002,12960.0,23870.112321295095,16,1,162.73880358129827,4,1090.118654024025,6000.0,6000.000000000002,25540.680068169455,372.63464321690117
2025-08-09,1,42258.81084960333,382.34894443065764,42641.159794033985,24733.041764403613,1428.5901611922675,26161.63192559588,16000.000000000002,12960.0,20679.23079403399,23,1,103.0767341680289,6,1346.0970171140946,6000.000000000002,6000.000000000001,26044.432289991484,117.19963560439646
2025-08-10,1,75161.93856825358,1290.4410426832467,76452.37961093683,47580.674909182264,4218.130943359262,51798.80585254153,20682.651234334648,16752.947499811067,7218.056826413245,23,1,1117.455733826819,14,2658.9717043060177,6000.000000000001,6000.0,51862.6777355015,-63.87188295996748
2025-08-11,1,75907.72008704598,852.1450901932589,76759.86517723923,47861.65868960251,3619.264425336119,51480.92311493863,20201.108906943336,16362.898214624105,8360.401151586677,29,1,264.1266203635819,6,1285.036900847856,6000.0,6000.0,51480.92311493863,0.0
2025-08-12,1,74221.17223208459,2318.572554263717,76539.74478634831,46852.76458583158,9322.688478506276,56175.45306433786,20129.961814729864,16305.269069931193,4954.508391549639,48,1,1152.357954014624,18,1957.1250909950552,6000.0,6000.0,56175.45306433786,0.0
2025-08-13,1,75139.01377494652,1626.601851118567,76765.61562606509,47521.535762098305,5876.262524753056,53397.798286851365,20226.7327644348,16383.653539192188,6801.556950822478,34,1,1262.4335202000257,15,1994.2340354886926,6000.0,6000.0,53397.798286851365,0.0
2025-08-14,1,74363.55309359718,1358.375916904479,75721.92901050166,46940.40521442024,6101.217589909776,53041.62280433002,19765.615618894673,16010.148651304684,6040.171059578328,42,1,185.57574113511123,8,753.4501767817214,6000.0,6000.0,53041.62280433002,0.0
2025-08-15,1,41547.16540801516,582.0416449448235,42129.20705295998,24308.533789341738,2045.0550771654034,26353.588866507143,16000.000000000002,12959.999999999998,21929.48016962664,26,1,148.21067904047595,5,733.7218378311053,6000.0,6000.000000000002,25908.507269054186,445.0815974529578
2025-08-16,1,41627.83388144492,477.1890235369307,42105.02290498185,24428.133514152934,1735.0825366669587,26163.216050819894,15999.999999999996,12960.000000000004,22135.742538315193,23,1,150.10176033312587,4,922.3605745173234,6000.000000000002,6000.000000000001,25688.472669713785,474.74338110610915
2025-08-17,1,75265.13309022876,603.7318976434891,75868.86498787225,47579.96639284952,2485.2748109608133,50065.241203810336,20157.782628050478,16327.803928720883,8873.49267187599,24,1,67.72075257176743,2,2208.083389262685,6000.000000000001,6000.0,49935.78298668645,129.45821712388715
2025-08-18,1,75278.79802503629,744.1090038285115,76022.9070288648,47490.297842563356,3251.0499649090766,50741.347807472426,20530.22391650321,16629.481372367605,7728.048868062527,31,1,70.50077015678808,4,1465.2026349040286,6000.0,6000.0,50741.347807472426,0.0
2025-08-19,1,75308.0163695322,865.3488680973061,76173.3652376295,47588.87953974765,3243.0725298358448,50831.952069583494,20629.920390932577,16710.235516655386,7936.02031335232,32,1,288.27472028744364,8,2670.058225233584,6000.0,6000.0,50831.952069583494,0.0
2025-08-20,1,75294.2049576724,3159.075166836804,78453.2801245092,47588.63093514795,12019.115714912687,59607.74665006064,20688.41152265463,16757.61333335025,3871.790868538154,58,1,1588.2946444729582,20,291.83999447859674,6000.0,6000.0,59607.74665006064,0.0
2025-08-21,1,76705.1674983607,873.5119895080184,77578.6794878687,48407.84679515193,3193.6487186441177,51601.49551379604,21596.266425449787,17492.975804614325,7630.970383699921,28,1,437.1498172306508,12,3118.0049401603565,6000.0,6000.0,51601.49551379604,0.0
2025-08-22,1,41982.29141533379,1063.2233568345446,43045.51477216834,24617.710858699484,3805.9958600409054,28423.706718740388,16000.0,12959.999999999998,18774.94537216833,38,1,297.05516767431754,6,1408.0735300904266,6000.0,6000.0,28519.370175081498,-95.66345634110985
2025-08-23,1,42219.5871056671,345.3100264047894,42564.89713207189,24882.098844097065,1067.7606738092295,25949.859517906294,16000.0,12959.999999999998,16994.89098207189,20,1,73.15042535201974,3,1295.903765812232,6000.0,6000.000000000004,25846.09162457296,103.76789333333363
2025-08-24,1,78870.42188048146,408.7824520566609,79279.20433253812,49745.185590951914,1548.7143444369253,51293.899935388836,21814.25095359798,17669.543272414365,11400.907168021167,22,1,21.178934237587782,2,3192.6283251142036,6000.000000000004,6000.0,51293.899935388836,0.0
2025-08-25,1,79067.04975837294,1750.382731176094,80817.43248954904,49890.60918547745,6297.484508858958,56188.09369433641,22188.99996645108,17973.08997282537,5828.435479256666,35,1,948.6408198982949,13,2354.1961923852755,6000.0,6000.0,56188.09369433641,0.0
2025-08-26,1,80031.6036314835,396.3665964224616,80427.97022790596,50437.771973090305,1554.1710112938122,51991.94298438412,22180.06788116672,17965.85498374504,10684.938947150938,17,1,15.201386665538394,2,3102.5316205402955,6000.0,6000.0,51991.94298438412,0.0
2025-08-27,1,79871.11419151696,340.86699671667316,80211.98118823364,50383.166661241674,1642.1555715899497,52025.32223283162,22268.290482321194,18037.315290680166,8066.85712992593,15,1,0.0,0,1680.2230024138526,6000.0,6000.0,52025.32223283162,0.0
2025-08-28,1,79015.82993436466,2784.962198302407,81800.79213266708,50103.443340868995,10536.529696066014,60639.97303693501,22268.95525366514,18037.853755468765,6801.895651137371,39,1,2220.3983740238364,18,2411.897610710056,6000.0,6000.0,60639.97303693501,0.0
2025-08-29,1,43221.70544113136,377.9290207113713,43599.63446184273,25661.14458104998,1504.1780794126425,27165.32266046262,16017.26264667355,12973.982743805575,18001.134208974752,20,1,152.6574763023334,8,760.2975687562277,6000.0,6000.000000000001,26959.02779458969,206.29486587293286
2025-08-30,1,43132.993454153744,476.51344110315296,43609.5068952569,25573.958542938086,1444.5128498692873,27018.471392807372,16033.943333216128,12987.494099905063,22050.337828612497,24,1,132.01227006372983,5,2197.2583948564666,6000.000000000001,6000.0,26953.19515204198,65.2762407653936
2025-08-31,1,80360.80352968293,151.22230073129944,80512.02583041423,50947.935147721495,532.357198652283,51480.292346373775,22167.431734045345,17955.61970457673,9653.59071761228,11,1,49.50161029834794,3,3022.8431212885125,6000.0,6000.0,51480.292346373775,0.0
2025-09-01,1,80778.72890296254,0.0,80778.72890296254,51078.80867380731,0.0,51078.80867380731,22111.25509868095,17910.11662993157,23003.45590087982,0,0,0.0,0,6764.188744622412,6000.0,6000.0,51078.80867380731,0.0
2025-09-02,1,79592.97366687293,0.0,79592.97366687293,50227.892529978766,0.0,50227.892529978766,21970.421920614957,17796.04175569812,21360.837651956084,0,0,0.0,0,3859.008034620157,6000.0,6000.0,50227.892529978766,0.0
2025-09-03,1,79350.31365183773,0.0,79350.31365183773,50017.61435664379,0.0,50017.61435664379,22087.95561780035,17891.24405041829,19605.884834455665,0,0,0.0,0,5887.089643567761,6000.0,6000.0,50017.61435664379,0.0
2025-09-04,1,78648.6838737285,3.9847197704585824,78652.66859349897,49683.35045274459,23.145244786708673,49706.495697531296,21679.637621277045,17560.506473234407,20607.97189545632,1,1,0.0,0,5615.743395617053,6000.0,6000.0,49706.495697531296,0.0
2025-09-05,1,42231.793615325325,123.06149904592803,42354.855114371254,24970.715652418025,287.0561604673449,25257.77181288537,16000.000000000002,12960.0,32490.593447704585,4,1,123.06149904592803,4,3006.5237127920955,6000.0,6000.0,24970.715652418025,287.05616046734576
2025-09-06,1,41953.199311863405,14.603880301919162,41967.803192165324,24757.978718633574,36.98963027776281,24794.968348911338,16000.0,12960.0,31206.71949216532,3,1,12.010030301919187,2,2466.544016610267,6000.0,6000.0,24766.926204208576,28.042144702762016
2025-09-07,1,75716.15592284623,197.75811600586624,75913.91403885209,48045.76634960358,812.8912096120947,48858.65755921567,21700.498491967173,17577.403778493415,16829.835708711675,9,1,125.24238140638909,5,3939.332279815014,6000.0,6000.0,48858.65755921567,0.0
2025-09-08,1,70442.93922460565,1321.311051011413,71764.25027561706,44042.924659914286,5633.967643223784,49676.89230313807,21459.842329199306,17382.47228665144,8291.310699735866,25,1,669.2749348119123,13,3176.519862985731,6000.0,6000.0,49676.89230313807,0.0
2025-09-09,1,70538.63499059551,65.59711734814783,70604.23210794367,44153.9702188507,254.70775575954704,44408.67797461025,21540.266921310074,17447.616206261162,13408.747126228076,8,1,0.0,0,3641.4003946882103,6000.0,6000.0,44408.67797461025,0.0
2025-09-10,1,69921.19569878932,1981.539549980262,71902.73524876959,43834.45562855278,8517.996389907728,52352.452018460506,21483.309225818255,17401.480472912786,6504.907845864118,35,1,1396.3210858280231,17,1017.3360946148924,6000.0,6000.0,52352.452018460506,0.0
2025-09-11,1,70245.38759591574,191.082207153197,70436.46980306895,43874.18987351062,828.6595176306166,44702.84939114124,21633.270582995814,17522.94917222661,12830.062608966407,8,1,43.294536485063645,2,2844.044991996127,6000.0,6000.0,44702.84939114124,0.0
2025-09-12,1,35159.60775039103,298.9746296194989,35458.58238001053,19806.356531277466,993.6631564797236,20800.01968775719,16000.635824004097,12960.515017443318,20866.80537344975,18,1,49.46934644126122,5,1496.8149991899784,6000.0,6000.000000000002,20690.031441292856,109.98824646433422
2025-09-13,1,34282.21831801741,413.41735756114537,34695.63567557855,18960.130026400744,1749.9495544552658,20710.07958085601,16000.0,12960.0,23648.53419224522,18,1,94.71568698512965,4,1150.4305034177435,6000.000000000002,6000.000000000002,20488.72866388101,221.35091697499956
2025-09-14,1,66620.47519495485,1793.6160103434681,68414.09120529832,41316.08515746452,6136.785035018817,47452.87019248334,21643.005840003076,17530.834730402494,4202.595345697743,52,1,991.8533434042076,24,1386.7417618925417,6000.000000000002,6000.0,47408.486174004676,44.38401847866044
2025-09-15,1,63969.52297128062,2161.4066404357673,66130.92961171639,39089.10434698753,8863.798685802542,47952.90303279008,21546.711031519742,17452.835935530995,6970.0238823943,64,1,546.1594634340977,11,937.983861961161,6000.0,6000.0,47657.24826875585,295.6547640342251
2025-09-16,1,63901.66044096393,3555.1059163489554,67456.76635731288,39384.25740176925,11609.863035011711,50994.12043678096,21541.28009520885,17448.43687711917,3872.1531558898755,79,1,1790.535578795142,27,1435.2987094796313,6000.0,6000.0,50252.21746460302,741.9029721779443
2025-09-17,1,65534.52151946988,2042.1595361184754,67576.68105558836,40318.11741201743,7256.762126360626,47574.87953837806,21540.690500818935,17447.959305663342,3523.8314604327666,59,1,1033.0926735388123,19,789.8060826358746,6000.0,6000.0,47328.080888639015,246.79864973904478
2025-09-18,1,66159.37835784807,1090.9257549076005,67250.30411275566,40828.61742494047,4965.377102568597,45793.994527509065,21486.209595812637,17403.82977260824,4211.873172884598,46,1,184.19541999511193,10,984.9349767084029,6000.0,6000.0,45478.029818328636,315.96470918042905
2025-09-19,1,32801.28657125844,1067.9873841840083,33869.27395544245,17874.898749792246,3583.21406177086,21458.112811563107,16000.0,12960.0,14727.921638775779,41,1,88.41185890718725,4,905.5399264875069,6000.0,6000.0,21458.112811563107,0.0
2025-09-20,1,33302.709757804594,850.3486590030645,34153.05841680766,18225.75115859999,3334.4181973477534,21560.169355947743,16000.0,12960.0,15467.624683474327,45,1,207.18219628804513,6,534.5796157774507,6000.0,6000.000000000001,21267.7144746398,292.45488130794183
2025-09-21,1,70256.46891368183,555.4426992987825,70811.91161298062,43499.20684995272,2162.6534201274635,45661.860270080186,21653.793846591252,17539.573015738915,8410.20329879495,33,1,101.79905366871651,7,3377.3922282875546,6000.000000000001,6000.000000000002,45448.656764994535,213.20350508565025
2025-09-22,1,67977.78155041841,2025.301017391384,70003.08256780979,41759.82089471235,7530.655468294857,49290.476363007205,21515.235207611087,17427.340518164983,5301.1679950303605,64,1,481.4703188201455,12,1895.1609156712361,6000.000000000002,6000.0,49341.890763573974,-51.41440056676947
2025-09-23,1,69096.93743109402,1803.0733783242126,70900.01080941824,42596.68559909094,7808.972182633616,50405.657781724556,21527.942935297575,17437.633777591036,4693.0860683783585,59,1,271.18494795367803,9,1268.6433118502437,6000.0,6000.0,50462.25653844215,-56.59875671759073
2025-09-24,1,69645.29840224658,983.4368278222692,70628.73523006885,43021.037274548595,3773.2445035247943,46794.28177807339,21548.814067937554,17454.53939502942,5471.235457160716,44,1,120.91375412178343,7,1660.7611942962424,6000.0,6000.0,46234.58384440667,559.6979336667209
2025-09-25,1,69401.87075712648,1249.7949486125995,70651.66570573908,43055.83530481328,4592.898887909233,47648.73419272251,21453.636622594684,17377.445664301697,6240.025847446092,40,1,305.7568289972369,8,2057.003267716617,6000.0,6000.0,47701.330359999774,-52.596167277260975
2025-09-26,1,33889.78572476829,342.2195664542319,34232.00529122252,18652.25062740213,1336.1504810792394,19988.40110848137,15999.999999999998,12960.000000000002,13497.76179122253,23,1,86.08490830560379,6,991.7185817353782,6000.0,6000.0,19988.40110848137,0.0
2025-09-27,1,34141.48039862482,1288.1654832665965,35429.64588189142,18850.74077418758,4968.549177443691,23819.28995163127,16000.000000000004,12960.0,14588.343631891412,54,1,410.54420740792796,15,513.8628532983666,6000.0,6000.000000000002,24439.19038554347,-619.9004339122002
2025-09-28,1,71632.37975703306,713.8731131013483,72346.25287013441,44465.222650068616,2709.5649753308535,47174.78762539947,21731.47744333295,17602.49672909969,4729.642989234488,40,1,184.83892995318934,12,750.0017615325335,6000.000000000002,6000.0,47100.88306689144,73.90455850803119
2025-09-29,1,71051.72694050382,1078.966527503617,72130.69346800745,43942.37473731746,4803.887414432696,48746.262151750154,21691.688817446277,17570.267942131486,5249.380992692646,44,1,147.89486843851603,7,1256.545646835108,6000.0,6000.0,48230.490406147874,515.7717456022801
2025-09-30,1,71858.87417551142,1544.3950709087683,73403.26924642018,44674.886275145655,6628.873154456976,51303.75942960263,21750.927483422234,17618.25126157201,3848.418257903296,53,1,411.2780896866144,13,754.7303001898745,6000.0,6000.0,51002.823111413396,300.93631818923313
2025-10-01,1,72568.78156728618,126.00261391724456,72694.78418120342,45015.24901248375,274.46147299500547,45289.710485478754,21826.244801472993,17679.258289193123,18886.276135590215,8,1,0.0,0,6047.844635199179,6000.0,6000.0,45289.710485478754,0.0
2025-10-02,1,70939.04728469944,182.55544120654966,71121.60272590599,44164.38853729254,419.5034759886142,44583.892013281155,21789.18675465977,17649.241271274415,15250.874125853969,16,1,48.546082596393944,4,3820.1063600454945,6000.0,6000.000000000001,44723.40107482181,-139.50906154065888
2025-10-03,1,33831.97668185288,72.4348483484672,33904.411530201345,18480.954282344832,165.8196430646539,18646.773925409485,16000.0,12960.0,23047.257830201343,8,1,1.7141666666668698,1,1979.9151238123443,6000.000000000001,6000.0,18642.467081659484,4.306843750000553
2025-10-04,1,34251.98812793319,191.93424602955247,34443.92237396274,18819.080207462237,642.6971598294551,19461.777367291692,16000.0,12959.999999999998,18307.939940629407,15,1,35.29260299193538,2,1583.193528605265,6000.0,6000.0,19380.937006763925,80.84036052776719
2025-10-05,1,68421.13425011456,258.9967594476715,68680.13100956223,42515.23149754293,558.1069046062876,43073.33840214922,21676.271133166832,17557.77961786513,9825.678427593859,13,1,38.575578319515444,3,2935.113380725847,6000.0,6000.000000000001,43073.33840214922,0.0
2025-10-06,1,67949.68636111743,439.45753778504684,68389.14389890248,42333.82776406267,1008.3831418614345,43342.210905924105,21603.144107146043,17498.5467267883,6551.437268544733,15,1,392.7193008299962,9,2113.1112616500277,6000.000000000001,6000.0,43342.210905924105,0.0
2025-10-07,1,67681.1285868805,431.96362211851203,68113.092208999,42194.67019111142,1582.9761034418127,43777.64629455323,21591.71933649605,17489.292662561802,6239.102535064764,22,1,182.89379132028728,8,1524.3956551745516,6000.0,6000.0,43777.64629455323,0.0
2025-10-08,1,65059.248360985155,874.8855641146394,65934.1339250998,39862.461528117616,2841.167392214824,42703.62892033244,21415.013613790034,17346.16102716993,5386.785671813021,29,1,522.3240385229262,12,1462.13982851691,6000.0,6000.000000000002,42703.62892033244,0.0
2025-10-09,1,65936.35573951121,247.66320522343221,66184.01894473465,40461.97110773219,960.4348418212946,41422.40594955348,21392.792428333993,17328.161866950537,6359.4067000178575,19,1,61.4699111584232,5,1222.481486536763,6000.000000000002,6000.0,41422.40594955348,0.0
2025-10-10,1,32267.516010859,523.7656051980522,32791.28161605705,16825.11932021554,1694.466127721675,18519.585447937217,16132.199363096135,13067.08148410787,20382.55282040212,33,1,80.5832120645573,5,1066.708065177748,6000.0,6000.000000000002,18363.442662101726,156.14278583549094
2025-10-11,1,33225.588962012895,164.79512970409553,33390.38409171699,17397.407529351873,602.3277346655117,17999.735264017385,16423.660665817904,13303.165139312501,16163.574981878251,14,1,89.50122614441739,4,884.9022699067539,6000.000000000002,6000.000000000001,17747.080697610178,252.6545664072073
2025-10-12,1,66155.79961200368,846.9325565534936,67002.73216855718,40501.39817348208,3352.1248370529024,43853.523010534984,21364.84034758356,17305.520681542683,4428.456519182972,40,1,594.8498110681855,21,1145.3886018827645,6000.000000000001,6000.0,43908.95869894369,-55.435688408702845
2025-10-13,1,67121.0162205885,283.2047181170458,67404.22093870555,41146.55716645576,1161.3433729632231,42307.90053941898,21387.158271237073,17323.598199702028,6313.265567170494,18,1,26.54995819468718,2,1167.652341609798,6000.0,6000.000000000002,42307.90053941898,0.0
2025-10-14,1,66751.13735450912,948.8422628221757,67699.9796173313,40893.036591099975,3938.0176651391307,44831.054256239106,21406.798134692603,17339.506489101008,2858.858688406367,55,1,309.4362292839279,14,452.9305329846034,6000.000000000002,6000.0,44831.054256239106,0.0
2025-10-15,1,65708.93808814138,2235.350808871468,67944.28889701286,39868.17025834819,9546.82458298335,49414.99484133154,21392.143073742875,17327.635889731733,1959.75806300171,70,1,1297.1557027484816,28,541.8798542392797,6000.0,6000.0,49414.99484133155,-7.275957614183426e-12
2025-10-16,1,67133.43603469954,2402.2625926174496,69535.69862731699,40905.98537355112,10231.36627563249,51137.351649183605,21525.609635238136,17435.74380454289,2479.359846621736,60,1,526.2236454787285,13,444.6693931475937,6000.0,6000.000000000001,51137.35164918361,-7.275957614183426e-12
2025-10-17,1,32325.114116812758,535.7086288505996,32860.822745663354,16603.76663970473,2405.6921679149095,19009.458807619638,16633.97067392083,13473.516245875875,13696.169000951737,36,1,40.6106002829315,4,977.2986000878973,6000.000000000001,6000.000000000002,19009.458807619638,0.0
2025-10-18,1,33048.95370492923,366.64728013366397,33415.60098506289,17114.283769156704,1199.9895605180425,18314.273329674746,16796.77879602298,13605.390824778617,14147.619747151863,28,1,47.400972759573506,5,1301.594702644124,6000.000000000002,6000.0,18314.273329674746,0.0
2025-10-19,1,70779.89011979783,1251.9797386357193,72031.86985843355,43192.17035136568,5275.0640084397355,48467.234359805414,22340.864771784927,18096.10046514579,3901.3830184610765,55,1,226.47678920346675,7,775.1533787791627,6000.0,6000.0,48464.98170293845,2.2526568669636617
2025-10-20,1,72196.77400627971,1149.286341092813,73346.06034737252,44357.15532743281,5299.523785036096,49656.679112468904,22557.66893788819,18271.71183968943,4619.320882507097,38,1,363.53442112308,11,1289.4541472881765,6000.0,6000.000000000002,49650.880373263535,5.798739205369202
2025-10-21,1,73410.1818111562,880.4234409621562,74290.60525211836,45113.290104838044,2969.520232186665,48082.81033702471,22829.653866306322,18492.01963170812,3490.3896675201577,37,1,465.9513381506994,16,1041.5264265298042,6000.000000000002,6000.0,48005.953561520386,76.85677550432592
2025-10-22,1,73488.73273402282,1506.5984631448182,74995.33119716764,44873.10037295242,7458.856593626304,52331.95696657872,23057.819659728506,18676.833924380087,5059.448761819221,43,1,129.97301821221413,6,1620.1087454345495,6000.0,6000.0,52290.823862831254,41.13310374746652
2025-10-23,1,74457.66563827948,462.51659760870837,74920.18223588819,45733.82900052929,2022.7414051457222,47756.57040567501,23623.79785646979,19135.27626374053,7052.163609825583,28,1,126.05990233301372,4,2361.077590255295,6000.0,6000.0,47756.57040567501,0.0
2025-10-24,1,33325.49222261435,746.5696762910534,34072.061898905406,17252.731986088074,3593.598922653446,20846.330908741522,17015.524881694495,13782.575154172542,12419.061454716786,37,1,88.94669965784945,4,547.6838518489277,6000.0,6000.0,20812.847654527057,33.48325421446498
2025-10-25,1,34019.462124301936,611.5499008384555,34631.01202514039,17704.140496681284,2343.6450637849016,20047.78556046619,17237.286689556757,13962.202218540973,11957.494820791271,27,1,196.46002714360907,5,1053.7458391414284,6000.0,6000.000000000001,19681.829430098354,365.9561303678347
2025-10-26,1,75651.00364098167,307.3770105653003,75958.38065154696,46753.66743038852,1092.3382139577122,47846.00564434623,23630.75330910552,19140.91018037547,6924.225506150243,20,1,125.47635431917774,6,3006.0488100849716,6000.000000000001,6000.0,47846.00564434623,0.0
2025-10-27,1,75888.47769727936,444.73564118305046,76333.21333846242,46949.189062093836,1690.4200631579006,48639.609125251736,23628.136719021295,19138.790742407247,8291.285695181696,33,1,91.07751533942485,6,2902.8984747964937,6000.0,6000.0,48713.73955735589,-74.13043210415344
2025-10-28,1,75954.58568210783,340.7618960690337,76295.34757817686,46941.65322934992,1425.8780950547264,48367.53132440465,23671.233159226776,19173.69885897369,5825.391577923789,22,1,192.119378108962,8,2289.0556116237094,6000.0,6000.0,48303.34328078767,64.1880436169813
2025-10-29,1,75186.89570548064,1566.5714637433455,76753.46716922398,46405.64650293316,5616.663031707603,52022.30953464076,23627.567657540105,19138.329802607484,2951.972514291357,51,1,993.707522001012,16,672.495393752937,6000.0,6000.000000000001,51966.23878433108,56.07075030967826
2025-10-30,1,75656.5842419699,372.4668306920082,76029.05107266191,46806.25451518678,1475.260591855642,48281.515107042425,23656.865843656207,19162.06133336153,6746.428912367228,26,1,48.586919923674486,4,2943.073119937772,6000.000000000001,6000.0,48281.515107042425,0.0
2025-10-31,1,34561.501179229796,425.7989036179565,34987.30008284775,18177.61679785206,1712.9199262956004,19890.536724147663,17481.769479167753,14160.233278125877,7761.471815139213,29,1,115.5794259855611,8,730.2357655217791,6000.0,6000.0,19890.536724147663,0.0
2025-11-01,1,34873.740500507716,305.6042967185527,35179.344797226266,18351.5765180012,942.1658005510845,19293.742318552282,17473.729097090654,14153.72056864343,9315.29783544571,23,1,24.11044769706541,2,1515.387092886282,6000.0,6000.000000000001,19293.742318552282,0.0
2025-11-02,1,77391.63223362058,514.618204678247,77906.25043829883,47968.26693395322,2307.9859532098194,50276.25288716304,23494.765508488897,19030.760061876008,4645.861058352609,31,1,148.62659855620097,7,1408.9114457146645,6000.000000000001,6000.000000000001,50276.25288716304,0.0
2025-11-03,1,78016.60252030074,534.0599817062383,78550.66250200698,48523.28572484719,1576.462089911964,50099.747814759154,23435.588586528298,18982.82675508792,4592.970387233282,24,1,303.28927546575596,11,2519.7506842676676,6000.000000000001,6000.0,50099.747814759154,0.0
2025-11-04,1,78663.28811054565,383.450434412422,79046.73854495808,48773.25393934116,1705.5040494113357,50478.75798875249,23307.536205150114,18879.104326171593,7038.23463264621,30,1,76.26999907224649,4,2183.306780987159,6000.0,6000.0,50522.18911586532,-43.431127112831746
2025-11-05,1,78462.63980158635,400.2801503355697,78862.91995192193,48786.32231165955,1218.1610663785202,50004.48337803807,23374.632593379767,18933.452400637612,4743.719692513106,26,1,143.8934413663451,9,1902.6251944456944,6000.0,6000.0,50004.48337803807,0.0
2025-11-06,1,77886.43986751791,1420.3948822138248,79306.83474973173,48329.04378638777,6449.715078540604,54778.758864928364,23366.67909192939,18927.010064462804,3497.581172265149,52,1,337.2354721861879,14,1009.9646853956348,6000.0,6000.0,54778.758864928364,0.0
2025-11-07,1,35917.637524877035,388.82316670332546,36306.46069158036,19057.807553999693,1697.9015979041644,20755.70915190386,18033.514717204966,14607.146920936024,9561.631111978082,29,1,0.0,0,519.2849994811342,6000.0,6000.0,20755.70915190386,0.0
2025-11-08,1,35969.257433024344,204.90641858327214,36174.16385160761,18963.23684235362,743.1288849671763,19706.365727320797,18112.882286239048,14671.434651853626,8941.509117222193,16,1,66.56432572706967,2,1566.9618904884117,6000.0,6000.000000000001,19706.365727320797,0.0
2025-11-09,1,79750.2827669365,735.7867507040405,80486.06951764054,49735.58070842981,3260.874568113309,52996.455276543114,23297.735899604268,18871.166078679456,4712.682513382393,26,1,125.74503323369618,5,1962.5914223168418,6000.000000000001,6000.000000000002,52996.455276543114,0.0
2025-11-10,1,80330.89726643343,870.5556909593365,81201.45295739277,50146.35619962897,3406.128297166603,53552.48449679558,23281.030638122495,18857.634816879225,2919.6140361494963,51,1,286.26644138796496,12,1157.7858480185348,6000.000000000002,6000.0,53552.48449679558,0.0
2025-11-11,1,80853.95203201164,214.79565119564703,81068.74768320729,50580.752746122664,797.3456942550596,51378.098440377726,23288.202443826256,18863.44397949927,5084.969552213639,29,1,14.513238667682117,3,1825.7384148985752,6000.0,6000.000000000003,51378.098440377726,0.0
2025-11-12,1,81488.43638016877,246.22440650179414,81734.66078667056,51062.73757573167,1214.7324166157412,52277.46999234741,23242.91353227304,18826.759961141164,6362.5194655386995,19,1,10.08598701802839,1,1601.6046742155918,6000.000000000003,6000.000000000002,52277.46999234741,0.0
2025-11-13,1,81094.78104655005,671.9896553409264,81766.77070189097,50896.01364522097,2545.2575029977706,53441.27114821874,23207.2585808518,18797.87945048996,4961.520254862476,34,1,265.4100953114115,8,2189.00021292933,6000.000000000002,6000.0,53441.271148218744,-7.275957614183426e-12
2025-11-14,1,37204.037760612206,108.79513551031198,37312.83289612252,19804.396741902277,360.6798992470515,20165.076641149328,18890.01432271906,15300.911601402438,6125.274874805897,11,1,10.46732845111228,1,1838.3756934211262,6000.0,6000.0,20165.076641149328,0.0
2025-11-15,1,37074.2197054897,227.80580322034854,37302.025508710045,19680.8191806141,893.2467882075201,20574.06596882162,18708.353555484995,15153.766379942846,5535.551416501229,19,1,46.142471118380286,4,1024.8091841652072,6000.0,6000.0,20574.06596882162,0.0
2025-11-16,1,82984.61399497036,810.3665528913551,83794.98054786172,52216.48634656749,3081.127268332645,55297.61361490014,23654.964818031905,19160.52150260584,4865.9928491023265,36,1,240.4540108792504,9,1308.4150689150817,6000.0,6000.0,55265.585702009295,32.02791289084416
2025-11-17,1,83794.03910216842,243.22444695730618,84037.26354912572,52778.61397693381,844.1286368139873,53622.7426137478,23840.606874558587,19310.891568392457,6811.793909626264,18,1,7.420555151993767,2,2141.850880300977,6000.0,6000.000000000001,53622.7426137478,0.0
2025-11-18,1,83318.03088442983,541.5566911661299,83859.58757559596,52515.72564352067,1579.6852838601621,54095.410927380835,23777.634343352056,19259.883818115166,4451.285217025733,31,1,340.00088268569175,15,1888.0353775609576,6000.000000000001,6000.0,54095.410927380835,0.0
2025-11-19,1,83882.928668013,436.57896475852175,84319.50763277152,52849.79492155298,1611.0714165968843,54460.86633814986,24053.23161304525,19483.11760656665,4381.082026292927,29,1,56.27841573797332,4,1127.8669252946818,6000.0,6000.0,54472.55721939681,-11.690881246948265
2025-11-20,1,84395.26950692813,336.1527187364898,84731.42222566462,53230.11786264724,1264.4931135025897,54494.61097614982,24175.09605562251,19581.827805054232,5345.077941763008,27,1,74.4183380971179,6,2006.3082015622326,6000.0,6000.0,54494.61097614982,0.0
2025-11-21,1,38284.22786961937,307.8783297031558,38592.10619932252,20409.475236301387,848.1239749776331,21257.59921127902,19056.465130242006,15435.736755496022,6106.993757909872,28,1,41.563871884458536,3,1522.4393779566822,6000.0,6000.0,21257.59921127902,0.0
2025-11-22,1,38453.984928292026,219.19150267892354,38673.17643097095,20394.546292098195,684.0565264706154,21078.602818568812,18965.7983793166,15362.296687246442,4849.845255567462,28,1,49.229133751621134,5,771.0640498364464,6000.0,6000.000000000001,21078.602818568812,0.0
2025-11-23,1,85132.51570692663,671.2648409856522,85803.78054791228,53700.812870406146,2909.7341346560243,56610.54700506217,24331.251481175117,19708.31369975185,5948.74648315568,32,1,100.48589783805701,7,1535.8525042129613,6000.000000000001,6000.0,56610.54700506218,-7.275957614183426e-12
2025-11-24,1,85239.77604077384,281.71240519805156,85521.48844597189,53720.06104106135,1021.2362723915779,54741.297313452924,24554.556166119277,19889.190494556613,6694.179074409224,24,1,52.76849300565823,4,2553.8607829037655,6000.0,6000.000000000002,54771.01460315786,-29.717289704938594
2025-11-25,1,84946.8836506699,453.2737667136646,85400.15741738357,53542.268771543204,1721.729463837618,55263.99823538082,24425.27481966206,19784.472603926268,4590.694734981109,32,1,98.84206489481667,7,1585.8288132940438,6000.000000000002,6000.0,55109.10324000174,154.89499537907977
2025-11-26,1,85281.83798688877,317.68795765608075,85599.52594454485,53775.539874642374,1132.4876771499166,54908.02755179229,24598.449866956642,19924.744392234883,4168.153586489765,19,1,69.67393875603875,5,1267.9818021168212,6000.0,6000.0,54907.54490788389,0.48264390840631677
2025-11-27,1,85411.35916733106,276.5883747118995,85687.94754204295,53895.56642508096,1111.4057893189122,55006.97221439987,24614.71523790144,19937.919342700166,5230.2589135083535,16,1,111.13283322805682,4,1949.6510343926816,6000.0,6000.0,55006.97221439987,0.0
2025-11-28,1,39138.9752434416,290.56755594157124,39429.54279938317,20731.618124433156,1328.2176080789802,22059.83573251214,19344.543937433285,15669.080589320964,4832.840901270847,22,1,32.725518697008965,3,831.2780396518339,6000.0,6000.000000000001,22059.83573251214,0.0
2025-11-29,1,39748.64917701613,2137.630565547158,41886.27974256329,20992.78483601573,6804.072508443478,27796.857344459208,19538.937227219165,15826.539154047525,3244.4315693916496,44,1,1826.5049950717198,28,1076.216464562067,6000.000000000001,6000.000000000001,27796.857344459208,0.0
2025-11-30,1,86876.96746070997,935.3819566418528,87812.34941735183,54906.21314723702,3570.513973752894,58476.72712098991,24665.758909675063,19979.264716836802,2881.027107846897,45,1,358.7453489096307,11,699.0308418400916,6000.000000000001,6000.000000000002,58476.72712098991,0.0
2025-12-01,1,87770.90581809824,4840.683502704302,92611.58932080254,55416.35343482337,18122.936959263978,73539.29039408735,24833.333333333332,20115.000000000004,1594.328254135883,86,1,390.87088563062815,13,215.2528989857684,6000.000000000002,6000.000000000002,73552.91896980886,-13.628575721508241
2025-12-02,1,88999.96128753031,5164.299838306731,94164.26112583705,56369.33854862267,19993.281785810374,76362.62033443304,24833.333333333332,20115.000000000004,808.1178425037139,106,1,757.6919914988805,22,269.48005000846024,6000.000000000002,6000.0,76343.31757390198,19.30276053106354
2025-12-03,1,90762.61247668187,2944.497041104093,93707.10951778597,57752.79826769489,9537.206536806418,67290.00480450131,25017.092899796753,20263.845248835372,1791.1133001579162,83,1,851.0083635421962,18,790.8346482366082,6000.0,6000.0,67290.00480450131,0.0
2025-12-04,1,92612.04616129499,2073.515564009361,94685.56172530435,59095.08231306602,7920.72320743635,67015.80552050237,25110.849442612078,20339.788048515784,3143.2915812080546,71,1,135.62853736111833,10,564.4679463961423,6000.0,6000.0,67159.84642653113,-144.04090602876386
2025-12-05,1,48430.675177054145,969.1326988513517,49399.8078759055,25294.984409128345,3590.1820452232946,28885.16645435164,21427.955721611703,17356.64413450548,4016.868605465945,49,1,267.8980052629097,12,859.2688568439472,6000.0,6000.000000000002,28885.16645435164,0.0
2025-12-06,1,49592.10870803378,1639.2561831321775,51231.36489116596,25901.799542973204,5153.71485350393,31055.514396477134,21467.573931244544,17388.734884308087,3487.8950275628363,51,1,923.5648530144931,17,1030.9620241121934,6000.000000000002,6000.000000000002,31055.514396477134,0.0
2025-12-07,1,96124.49342732513,555.6661032767473,96680.15953060187,61672.13008605478,2087.742037903362,63759.872123958135,25321.660418674554,20510.54493912639,4216.362801053712,42,1,124.73361004643431,8,1488.852995323634,6000.000000000002,6000.000000000003,63759.872123958135,0.0
2025-12-08,1,99196.24694173095,200.3800772413669,99396.62701897231,63773.5965837089,864.2972293542005,64637.89381306311,25467.423197026754,20628.612789591676,6710.605494870565,13,1,41.06874680879088,4,2096.472554504353,6000.000000000003,6000.0,64637.8938130631,7.275957614183426e-12
2025-12-09,1,99642.46045366427,219.35804489970445,99861.81849856398,64077.82963197115,1058.5794508158683,65136.40908278702,25622.259556368575,20754.030240658547,7605.134916187278,20,1,17.335517747635947,4,1658.1939871693648,6000.0,6000.000000000002,65136.40908278702,0.0
2025-12-10,1,99326.22440391028,162.0119446966716,99488.23634860695,63811.307156802664,566.1025974725577,64377.40975427522,25666.666666666664,20790.0,6223.951215273626,25,1,69.31347317222219,9,2320.6795531037924,6000.000000000002,6000.000000000002,64377.40975427522,0.0
2025-12-11,1,99776.96473516816,140.9400072246351,99917.9047423928,64316.35396526433,476.82346294916516,64793.177428213494,25666.666666666664,20790.0,9079.983375726133,9,1,77.278023878142,5,2478.1784429361005,6000.000000000002,6000.000000000001,64793.177428213494,0.0
2025-12-12,1,53630.78096376843,410.10922445246393,54040.890188220896,28335.221453314578,1298.18859917279,29633.41005248737,21636.770442488374,17525.784058415582,6215.490320814771,25,1,269.49656413155765,12,2006.1044798883313,6000.000000000001,6000.000000000001,29633.41005248737,0.0
2025-12-13,1,54527.23507804974,154.07200017295457,54681.3070782227,28767.739215039794,695.5252811236854,29463.26449616348,21637.691530934524,17526.530140056962,6771.612304011805,10,1,51.333690765702045,3,1868.110358772771,6000.000000000001,6000.0,29407.262860875402,56.00163528807752
2025-12-14,1,100580.8465723723,171.12860449307317,100751.97517686538,64764.4325851662,742.1591435859424,65506.591728752144,25666.666666666668,20790.0,7096.586710198709,8,1,69.09521295095249,1,1774.1830612326808,6000.0,6000.0,65506.591728752144,0.0
2025-12-15,1,102549.8142599421,120.3160060289888,102670.1302659711,66052.54223065522,386.32754204007995,66438.8697726953,25666.666666666668,20790.000000000004,8323.905632637752,5,1,81.42419294174033,3,2009.5908877098493,6000.0,6000.000000000001,66438.8697726953,0.0
2025-12-16,1,102538.4540773833,36.80423923542537,102575.25831661873,66122.24656070126,79.286344803394,66201.53290550465,25666.666666666668,20790.0,8280.500316618725,5,1,2.1245655086195256,1,1974.0579724211834,6000.000000000001,6000.000000000002,66201.53290550465,0.0
2025-12-17,1,101811.9562238593,131.1759431109358,101943.13216697024,65354.46923693327,686.727114387709,66041.19635132098,25582.70121741861,20721.987986109078,8890.57186899404,9,1,6.729950868535408,1,2278.771095364992,6000.000000000002,6000.000000000002,66041.19635132098,0.0
2025-12-18,1,100936.00123989696,113.39247129227635,101049.39371118923,65027.32417741477,281.53217744266914,65308.85635485743,25455.821232660102,20619.215198454684,8846.520710317145,10,1,19.164941117252738,2,1695.7230253040807,6000.000000000002,6000.000000000001,65308.85635485743,0.0
2025-12-19,1,54317.37502497841,214.5085849529068,54531.88360993132,28648.910016146616,967.7930988920148,29616.70311503863,21501.63097211807,17416.321087415636,7538.182425228884,16,1,34.05970719737542,3,2297.1816178773533,6000.000000000001,6000.000000000002,29616.70311503863,0.0
2025-12-20,1,54217.897658451264,60.17360344876205,54278.071261900026,28556.748973858907,286.6076721037158,28843.356645962624,21514.24626206734,17426.539472274544,7334.012222107231,8,1,0.0,0,1917.5969348523292,6000.000000000002,6000.0,28843.356645962624,0.0
2025-12-21,1,99627.42981127772,376.82537375876456,100004.25518503648,64027.578659637686,1267.8169611332971,65295.39562077098,25522.899056122904,20673.548235459555,6117.122497706464,17,1,191.7551386460625,7,1692.9581060938463,6000.0,6000.0,65295.39562077098,0.0
2025-12-22,1,100263.87131469345,158.3388601122332,100422.21017480567,64345.16529310996,738.2661505870087,65083.43144369697,25418.70194818751,20589.148578031884,6655.229721316715,20,1,26.301737985261298,2,1459.476017679958,6000.0,6000.000000000001,65083.43144369697,0.0
2025-12-23,1,100159.73031179623,44.099278400353285,100203.82959019658,64425.3372073405,202.52311869026542,64627.86032603076,25500.572663768296,20655.46385765232,8100.628250747275,8,1,11.144186735096582,2,1950.4952028857151,6000.000000000001,6000.000000000002,64627.86032603076,0.0
2025-12-24,1,99308.03227306878,190.11373589476074,99498.14600896354,63636.51229759206,908.9380671105954,64545.45036470266,25382.874927399247,20560.128691193393,6820.840456091025,19,1,23.318459251217746,2,1382.9606425450706,6000.000000000002,6000.0,64545.45036470266,0.0
2025-12-25,1,98769.95655541109,391.5535636502926,99161.51011906138,63478.510088168565,1255.1153752574678,64733.62546342603,25379.403585160304,20557.316903979845,6526.974904547589,20,1,175.58768896565334,5,1975.6013553945052,6000.0,6000.000000000002,64733.62546342603,0.0
2025-12-26,1,52909.97431242315,246.2586771370302,53156.23298956019,27885.50116252691,892.6556685157591,28778.15683104267,21487.25322303733,17404.675110660235,6066.032443849756,16,1,78.90326113586434,5,1790.6441572246347,6000.000000000002,6000.000000000001,28778.15683104267,0.0
2025-12-27,1,52708.81945143565,198.6719036104369,52907.49135504609,27670.122247326402,809.4721078012985,28479.5943551277,21565.549994297493,17468.09549538097,5471.227789462897,15,1,72.46785496211919,5,1962.9567765514248,6000.000000000001,6000.000000000001,28479.5943551277,0.0
2025-12-28,1,98607.14537400252,164.95533495854795,98772.10070896106,63351.30147275702,734.8337348238529,64086.135207580875,25454.361433698345,20618.03276129566,7126.51728655838,18,1,40.76225143533918,5,2219.890700609102,6000.000000000001,6000.0,64086.135207580875,0.0
2025-12-29,1,98925.49667049467,169.68832474479717,99095.18499523947,63474.88799105462,688.203229639018,64163.091220693634,25397.867753203856,20572.272880095126,6745.823855464067,15,1,12.249388772958582,2,2146.586988292631,6000.0,6000.000000000003,64163.091220693634,0.0
2025-12-30,1,98325.07005759017,61.494082197846,98386.56413978802,63094.47740431396,292.9468180758421,63387.4242223898,25445.71453536075,20611.028773642214,7327.475778069482,7,1,0.0,0,1860.5996976848437,6000.000000000003,6000.0,63387.4242223898,0.0
2025-12-31,1,97495.69046009122,577.2529637367704,98072.943423828,62375.36290307214,2266.2850233460417,64641.64792641818,25282.147014163194,20478.539081472187,4622.912557803657,30,1,110.91049659447776,4,961.2521535474581,6000.0,6000.000000000003,64641.64792641818,0.0
