date,scenario_count,residual_start,residual_end,value_yuan_per_internal_kwh,reserve_min_kwh,reserve_max_kwh,reserve_segments,purchase_kwh,end_soc_kwh
2025-02-01,14,2025-01-18,2025-01-31,0.48154814814814817,1200.0,10254.477098367252,29,47108.696734771656,7198.297489574913
2025-02-02,14,2025-01-19,2025-02-01,0.48154814814814817,1200.0,10271.510381898539,30,92642.06587550588,7007.963163254137
2025-02-03,14,2025-01-20,2025-02-02,0.48154814814814817,1200.0,10245.070293645265,32,91386.15482736446,6946.925406014552
2025-02-04,14,2025-01-21,2025-02-03,0.48154814814814817,1200.0,10296.47572853804,31,91138.6012547946,6837.419216953253
2025-02-05,14,2025-01-22,2025-02-04,0.48154814814814817,1200.0,10288.754065859866,32,90951.81537123266,6787.121025506232
2025-02-06,14,2025-01-23,2025-02-05,0.48154814814814817,1200.0,10272.923417370333,33,91224.01153942634,6781.4592259623305
2025-02-07,14,2025-01-24,2025-02-06,0.48154814814814817,1200.0,10108.013154905895,37,44642.62631250727,6649.275643912233
2025-02-08,14,2025-01-25,2025-02-07,0.48154814814814817,1200.0,10100.8491521597,38,42785.66022939172,6721.267680662563
2025-02-09,14,2025-01-26,2025-02-08,0.48154814814814817,1200.0,10251.560630258746,39,88011.2695294969,6491.023002607874
2025-02-10,14,2025-01-27,2025-02-09,0.48154814814814817,1200.0,10279.225394687863,42,88162.82575376949,6393.763261125006
2025-02-11,14,2025-01-28,2025-02-10,0.48154814814814817,1200.0,10281.705643468122,45,86887.68583263784,6226.691839543406
2025-02-12,14,2025-01-29,2025-02-11,0.48154814814814817,1200.0,10282.694753197477,30,85321.08739948702,6299.017341212353
2025-02-13,14,2025-01-30,2025-02-12,0.48154814814814817,1200.0,10352.131020814142,30,84784.95815971261,6330.792767265617
2025-02-14,14,2025-01-31,2025-02-13,0.48154814814814817,1200.0,10266.005622377214,30,37242.86877846178,6212.01264642756
2025-02-15,14,2025-02-01,2025-02-14,0.48154814814814817,1200.0,10261.559824324211,27,36151.49444967388,5971.591391454652
2025-02-16,14,2025-02-02,2025-02-15,0.48154814814814817,1200.0,10443.151800150905,32,81031.00431190296,6060.339532706039
2025-02-17,14,2025-02-03,2025-02-16,0.48154814814814817,1200.0,10419.224478618386,30,81036.93809442122,6094.713194110649
2025-02-18,14,2025-02-04,2025-02-17,0.48154814814814817,1200.0,10389.577577030077,31,80338.00216658469,6314.997167206703
2025-02-19,14,2025-02-05,2025-02-18,0.48154814814814817,1200.0,10393.019019324001,28,79863.45171007383,5945.182253172503
2025-02-20,14,2025-02-06,2025-02-19,0.48154814814814817,1200.0,10425.237986703914,33,79764.93631489796,6404.255190882815
2025-02-21,14,2025-02-07,2025-02-20,0.48154814814814817,1200.0,10320.279495160179,27,35677.503682564704,6390.410414318856
2025-02-22,14,2025-02-08,2025-02-21,0.48154814814814817,1200.0,10281.305383619812,26,35174.118336227184,6326.682575611704
2025-02-23,14,2025-02-09,2025-02-22,0.48154814814814817,1200.0,10441.413319223291,35,78548.44339764726,6205.996467330686
2025-02-24,14,2025-02-10,2025-02-23,0.48154814814814817,1200.0,10415.793834239883,40,78111.84414428174,6337.238861548409
2025-02-25,14,2025-02-11,2025-02-24,0.48154814814814817,1200.0,10434.419648565516,36,77860.98604314981,6261.761429745488
2025-02-26,14,2025-02-12,2025-02-25,0.48154814814814817,1200.0,10409.807309348991,34,77219.71070272496,6438.027851025719
2025-02-27,14,2025-02-13,2025-02-26,0.48154814814814817,1200.0,10464.01400404491,36,76628.58436963244,6411.529783101265
2025-02-28,14,2025-02-14,2025-02-27,0.48154814814814817,1200.0,10359.732683824308,29,35000.942680161614,6525.70991456917
2025-03-01,14,2025-02-15,2025-02-28,0.48154814814814817,1200.0,10324.215914352766,29,34652.7514346,6499.287063472916
2025-03-02,14,2025-02-16,2025-03-01,0.48154814814814817,1200.0,10455.310505412175,31,75562.29640718781,6046.334485410214
2025-03-03,14,2025-02-17,2025-03-02,0.48154814814814817,1200.0,10460.118203526654,31,76357.92003653433,6082.723078278941
2025-03-04,14,2025-02-18,2025-03-03,0.48154814814814817,1200.0,10455.81313262551,29,78320.09349566014,6295.693382590138
2025-03-05,14,2025-02-19,2025-03-04,0.48154814814814817,1200.0,10439.848025901216,31,79480.65332722699,6408.21074104713
2025-03-06,14,2025-02-20,2025-03-05,0.48154814814814817,1200.0,10435.485503215505,34,79020.08764704401,6421.577412291468
2025-03-07,14,2025-02-21,2025-03-06,0.48154814814814817,1200.0,10299.522969885344,31,34300.32958420836,6726.858524800489
2025-03-08,14,2025-02-22,2025-03-07,0.48154814814814817,1200.0,10327.432304717415,32,33363.06117728162,6695.531632953053
2025-03-09,14,2025-02-23,2025-03-08,0.48154814814814817,1200.0,10477.532636214662,31,77219.76420468357,6387.785694625534
2025-03-10,14,2025-02-24,2025-03-09,0.48154814814814817,1200.0,10491.28498100105,33,75477.85700321652,6365.076565465087
2025-03-11,14,2025-02-25,2025-03-10,0.48154814814814817,1200.0,10491.082378593046,32,75481.65677470787,6606.182356632013
2025-03-12,14,2025-02-26,2025-03-11,0.48154814814814817,1200.0,10490.765631396778,36,74920.20875388826,6367.473908494038
2025-03-13,14,2025-02-27,2025-03-12,0.48154814814814817,1200.0,10495.862162970485,33,73720.42494971643,6206.290100558187
2025-03-14,14,2025-02-28,2025-03-13,0.48154814814814817,1200.0,10329.63843483792,30,31864.833822374185,6596.08679053875
2025-03-15,14,2025-03-01,2025-03-14,0.48154814814814817,1200.0,10297.487391455013,31,31521.983470451945,6269.438140265995
2025-03-16,14,2025-03-02,2025-03-15,0.48154814814814817,1200.0,10420.284046549568,34,73315.15723364978,6760.534387358091
2025-03-17,14,2025-03-03,2025-03-16,0.48154814814814817,1200.0,10372.954023132776,36,72791.7808039537,6685.554266923529
2025-03-18,14,2025-03-04,2025-03-17,0.48154814814814817,1200.0,10378.474235300904,32,70226.31425253258,6598.626594300091
2025-03-19,14,2025-03-05,2025-03-18,0.48154814814814817,1200.0,10405.757807819075,31,70227.49464823755,6713.3697480732735
2025-03-20,14,2025-03-06,2025-03-19,0.48154814814814817,1200.0,10371.095959460046,31,69885.79111179117,6319.678905662419
2025-03-21,14,2025-03-07,2025-03-20,0.48154814814814817,1200.0,10260.56166549692,27,30852.32182934973,6396.340820659353
2025-03-22,14,2025-03-08,2025-03-21,0.48154814814814817,1200.0,10269.458007045623,27,31024.31749295866,6901.015181838817
2025-03-23,14,2025-03-09,2025-03-22,0.48154814814814817,1200.0,10361.40203849463,31,68335.2203899674,6410.940883519658
2025-03-24,14,2025-03-10,2025-03-23,0.48154814814814817,1200.0,10340.234077514324,29,68027.55711695389,6677.971705000034
2025-03-25,14,2025-03-11,2025-03-24,0.48154814814814817,1200.0,10306.767205337801,29,67516.56393039916,6279.447395891525
2025-03-26,14,2025-03-12,2025-03-25,0.48154814814814817,1200.0,10353.660446352327,33,68259.82905131872,6444.494190594167
2025-03-27,14,2025-03-13,2025-03-26,0.48154814814814817,1200.0,10356.4760770953,33,67647.47970530714,6504.205813431114
2025-03-28,14,2025-03-14,2025-03-27,0.48154814814814817,1200.0,10263.537011013357,29,30209.172168589845,6543.734004307768
2025-03-29,14,2025-03-15,2025-03-28,0.48154814814814817,1200.0,10268.49989620919,29,30352.00118035456,6524.361753623003
2025-03-30,14,2025-03-16,2025-03-29,0.48154814814814817,1200.0,10337.134740173255,30,64265.60349841574,6505.452172201718
2025-03-31,14,2025-03-17,2025-03-30,0.48154814814814817,1200.0,10338.165802248435,28,63574.08142695085,6336.134133460033
2025-04-01,14,2025-03-18,2025-03-31,0.48154814814814817,1200.0,10348.953599256132,29,64358.5475993809,6257.67877225629
2025-04-02,14,2025-03-19,2025-04-01,0.48154814814814817,1200.0,10330.308306016166,45,64914.37894114538,6394.398072473563
2025-04-03,14,2025-03-20,2025-04-02,0.48154814814814817,1200.0,10330.757319157854,44,66585.40374115367,6418.30606863956
2025-04-04,14,2025-03-21,2025-04-03,0.48154814814814817,1200.0,10290.17559065729,27,29783.940541136988,6682.014488989655
2025-04-05,14,2025-03-22,2025-04-04,0.48154814814814817,1200.0,10286.964804215047,27,29979.21815704981,6401.981215982065
2025-04-06,14,2025-03-23,2025-04-05,0.48154814814814817,1200.0,10365.724536484951,42,66410.95352963892,6364.9435415165335
2025-04-07,14,2025-03-24,2025-04-06,0.48154814814814817,1200.0,10394.764235478426,41,65854.1500518769,6510.395326880645
2025-04-08,14,2025-03-25,2025-04-07,0.48154814814814817,1200.0,10455.463359631696,41,65722.5695041373,6081.114327232532
2025-04-09,14,2025-03-26,2025-04-08,0.48154814814814817,1200.0,10438.231114021894,41,64567.02502201335,6258.5509837813715
2025-04-10,14,2025-03-27,2025-04-09,0.48154814814814817,1200.0,10446.101387157247,33,65751.57938019346,6475.649814505956
2025-04-11,14,2025-03-28,2025-04-10,0.48154814814814817,1200.0,10286.415140755782,28,29183.61099050627,6501.953834455139
2025-04-12,14,2025-03-29,2025-04-11,0.48154814814814817,1200.0,10272.654842706956,30,29526.07135604121,6717.242857191644
2025-04-13,14,2025-03-30,2025-04-12,0.48154814814814817,1200.0,10457.166293364626,33,64984.92839902231,6447.623819732204
2025-04-14,14,2025-03-31,2025-04-13,0.48154814814814817,1200.0,10459.434743933514,34,64568.85266376129,6289.335377626287
2025-04-15,14,2025-04-01,2025-04-14,0.48154814814814817,1200.0,10420.893312886823,38,64593.187230076495,6525.969869587698
2025-04-16,14,2025-04-02,2025-04-15,0.48154814814814817,1200.0,10424.650257023166,35,63411.125760508185,6386.2009685062585
2025-04-17,14,2025-04-03,2025-04-16,0.48154814814814817,1200.0,10425.985817673378,38,62256.96071154633,6582.4835408481
2025-04-18,14,2025-04-04,2025-04-17,0.48154814814814817,1200.0,10267.197036279835,28,28662.487320280867,6992.838291181951
2025-04-19,14,2025-04-05,2025-04-18,0.48154814814814817,1200.0,10267.706062451825,28,28533.749621708685,6804.50062468606
2025-04-20,14,2025-04-06,2025-04-19,0.48154814814814817,1200.0,10431.592217053416,37,61814.73144195274,6805.318686954109
2025-04-21,14,2025-04-07,2025-04-20,0.48154814814814817,1200.0,10421.586187908424,39,61589.53186620351,6304.429443833098
2025-04-22,14,2025-04-08,2025-04-21,0.48154814814814817,1200.0,10405.408555966937,38,60953.583801929075,6567.221298832261
2025-04-23,14,2025-04-09,2025-04-22,0.48154814814814817,1200.0,10413.783282486447,39,61523.6354042007,6682.791969044519
2025-04-24,14,2025-04-10,2025-04-23,0.48154814814814817,1200.0,10358.212312349995,27,60416.68709625399,6568.503031472249
2025-04-25,14,2025-04-11,2025-04-24,0.48154814814814817,1200.0,10122.26063202045,31,27609.05705109131,6486.584918503134
2025-04-26,14,2025-04-12,2025-04-25,0.48154814814814817,1200.0,10120.207642366424,31,27464.525024154493,6336.6255253945
2025-04-27,14,2025-04-13,2025-04-26,0.48154814814814817,1200.0,10348.423599896187,30,57323.340456883816,6282.917662955213
2025-04-28,14,2025-04-14,2025-04-27,0.48154814814814817,1200.0,10340.059901108543,26,57415.79763243956,6315.662810485663
2025-04-29,14,2025-04-15,2025-04-28,0.48154814814814817,1200.0,10391.916409731235,40,59288.18134961121,6437.906165064116
2025-04-30,14,2025-04-16,2025-04-29,0.48154814814814817,1200.0,10390.552837867137,44,58984.08433914275,6370.370023035521
2025-05-01,14,2025-04-17,2025-04-30,0.48154814814814817,1200.0,10375.114594247027,45,58568.23502587691,5376.364474932813
2025-05-02,14,2025-04-18,2025-05-01,0.48154814814814817,1200.0,10030.785836089544,29,27554.395030188185,5629.655325159012
2025-05-03,14,2025-04-19,2025-05-02,0.48154814814814817,1200.0,9967.656808818829,25,28301.886154790103,5920.1824210874975
2025-05-04,14,2025-04-20,2025-05-03,0.48154814814814817,1200.0,9928.79024324629,38,63102.86275561037,5743.449146669737
2025-05-05,14,2025-04-21,2025-05-04,0.48154814814814817,1200.0,9837.217833744835,37,64145.38911650079,5996.073010427762
2025-05-06,14,2025-04-22,2025-05-05,0.48154814814814817,1200.0,9761.330903576494,35,63852.4720495908,5801.354798916876
2025-05-07,14,2025-04-23,2025-05-06,0.48154814814814817,1200.0,9760.7929972887,35,65124.84288491182,6093.227126655847
2025-05-08,14,2025-04-24,2025-05-07,0.48154814814814817,1200.0,9756.826491236312,33,66901.78627954863,6750.016300821468
2025-05-09,14,2025-04-25,2025-05-08,0.48154814814814817,1200.0,9285.686000020103,27,31267.221950853494,7396.870602583464
2025-05-10,14,2025-04-26,2025-05-09,0.48154814814814817,1200.0,9304.6683042315,27,31234.709808318767,7134.010788946678
2025-05-11,14,2025-04-27,2025-05-10,0.48154814814814817,1200.0,9861.642609634935,35,67722.49817024103,6714.081611176315
2025-05-12,14,2025-04-28,2025-05-11,0.48154814814814817,1200.0,9887.56244552154,39,68727.9956937135,7222.353353623524
2025-05-13,14,2025-04-29,2025-05-12,0.48154814814814817,1200.0,9920.040552765546,33,67700.0352493536,6993.053812391818
2025-05-14,14,2025-04-30,2025-05-13,0.48154814814814817,1200.0,10104.041337850718,35,67999.76980080357,7103.492317658632
2025-05-15,14,2025-05-01,2025-05-14,0.48154814814814817,1200.0,10139.186651962082,36,68015.17433557706,7828.71391771134
2025-05-16,14,2025-05-02,2025-05-15,0.48154814814814817,1200.0,9945.779530259824,29,31211.441270112613,7558.56138105883
2025-05-17,14,2025-05-03,2025-05-16,0.48154814814814817,1200.0,9984.401479543312,24,31004.940354455466,7330.521738909703
2025-05-18,14,2025-05-04,2025-05-17,0.48154814814814817,1200.0,10086.551493646994,34,65181.90660079736,7470.133239262411
2025-05-19,14,2025-05-05,2025-05-18,0.48154814814814817,1200.0,10149.042499547832,34,65163.94265019406,6996.440529546848
2025-05-20,14,2025-05-06,2025-05-19,0.48154814814814817,1200.0,10155.592186324964,34,64046.21859650413,6816.424015202598
2025-05-21,14,2025-05-07,2025-05-20,0.48154814814814817,1200.0,10238.136792073787,37,64148.7611598979,6903.938196247973
2025-05-22,14,2025-05-08,2025-05-21,0.48154814814814817,1200.0,10120.323159239575,39,63709.882328462074,7596.410894736671
2025-05-23,14,2025-05-09,2025-05-22,0.48154814814814817,1200.0,9929.353316312243,26,29771.395373819865,7538.98761518801
2025-05-24,14,2025-05-10,2025-05-23,0.48154814814814817,1200.0,9952.832688028602,26,30104.117748178345,7515.171185011987
2025-05-25,14,2025-05-11,2025-05-24,0.48154814814814817,1200.0,10102.006900265542,34,62412.904251561915,7117.213941801929
2025-05-26,14,2025-05-12,2025-05-25,0.48154814814814817,1200.0,10181.41788201808,35,60968.496107615254,7060.230379731104
2025-05-27,14,2025-05-13,2025-05-26,0.48154814814814817,1200.0,10197.471988480826,37,62502.51248617453,6846.537153051781
2025-05-28,14,2025-05-14,2025-05-27,0.48154814814814817,1200.0,10152.507147841548,35,61811.46066421616,7101.018547451032
2025-05-29,14,2025-05-15,2025-05-28,0.48154814814814817,1200.0,10182.615121119621,34,62354.5969212483,6880.789498015611
2025-05-30,14,2025-05-16,2025-05-29,0.48154814814814817,1200.0,10093.602080874229,26,29422.056120006397,7006.718144395178
2025-05-31,14,2025-05-17,2025-05-30,0.48154814814814817,1200.0,10093.08655264867,26,29917.136312521383,7345.763135971138
2025-06-01,14,2025-05-18,2025-05-31,0.48154814814814817,1200.0,10315.602383288735,31,64548.185935729576,5146.14649795653
2025-06-02,14,2025-05-19,2025-06-01,0.48154814814814817,1200.0,10198.682001059036,40,67613.71394176109,5099.245996812885
2025-06-03,14,2025-05-20,2025-06-02,0.48154814814814817,1200.0,10119.575476212409,40,70251.48578648007,5529.142593828208
2025-06-04,14,2025-05-21,2025-06-03,0.48154814814814817,1200.0,10019.144846038638,38,73837.98032427127,5749.560919030428
2025-06-05,14,2025-05-22,2025-06-04,0.48154814814814817,1200.0,9792.50844628679,39,76901.4906415957,5789.18514968841
2025-06-06,14,2025-05-23,2025-06-05,0.48154814814814817,1200.0,8994.394455287287,31,35235.91747405392,6058.988664891987
2025-06-07,14,2025-05-24,2025-06-06,0.48154814814814817,1200.0,8838.618761788246,29,38365.27178080956,6358.126657117332
2025-06-08,14,2025-05-25,2025-06-07,0.48154814814814817,1200.0,9445.314673081462,33,90116.97531631117,7204.385861568523
2025-06-09,14,2025-05-26,2025-06-08,0.48154814814814817,1200.0,9445.314673081462,35,88759.41218343958,7023.217788175529
2025-06-10,14,2025-05-27,2025-06-09,0.48154814814814817,1200.0,9445.314673081462,34,89226.59784736682,7322.050120908579
2025-06-11,14,2025-05-28,2025-06-10,0.48154814814814817,1200.0,9630.58355760637,34,89994.43906110578,7382.362893877411
2025-06-12,14,2025-05-29,2025-06-11,0.48154814814814817,1200.0,9764.109670435906,33,91017.3982386874,7390.488141307002
2025-06-13,14,2025-05-30,2025-06-12,0.48154814814814817,1200.0,9645.510928822836,28,44618.32721162432,7800.187900377316
2025-06-14,14,2025-05-31,2025-06-13,0.48154814814814817,1200.0,9721.726464507003,29,44702.492564988934,7700.040308643571
2025-06-15,14,2025-06-01,2025-06-14,0.48154814814814817,1200.0,10015.441469550628,33,92803.21458547458,8289.332011847036
2025-06-16,14,2025-06-02,2025-06-15,0.48154814814814817,1200.0,10032.438739434501,34,92232.98249222884,7996.699871392625
2025-06-17,14,2025-06-03,2025-06-16,0.48154814814814817,1200.0,9889.734173879331,38,90870.42003817607,7680.376486219353
2025-06-18,14,2025-06-04,2025-06-17,0.48154814814814817,1200.0,9965.260582838562,42,91083.40696527174,7845.762650411239
2025-06-19,14,2025-06-05,2025-06-18,0.48154814814814817,1200.0,9972.712711284797,41,89317.99413539446,7662.943248566077
2025-06-20,14,2025-06-06,2025-06-19,0.48154814814814817,1200.0,9723.089013954384,37,41488.49748435552,7850.1670353756035
2025-06-21,14,2025-06-07,2025-06-20,0.48154814814814817,1200.0,9850.494146321187,33,39739.302982359855,8117.964503718837
2025-06-22,14,2025-06-08,2025-06-21,0.48154814814814817,1200.0,10046.935311891499,31,83497.93640205859,7605.436876908512
2025-06-23,14,2025-06-09,2025-06-22,0.48154814814814817,1200.0,10070.991818858789,31,82935.17947760085,7540.155011928471
2025-06-24,14,2025-06-10,2025-06-23,0.48154814814814817,1200.0,10059.481765450415,32,81640.10572693076,7062.0399894061675
2025-06-25,14,2025-06-11,2025-06-24,0.48154814814814817,1200.0,10017.882372505153,32,82476.918697652,7332.612518676069
2025-06-26,14,2025-06-12,2025-06-25,0.48154814814814817,1200.0,10088.614688689197,30,81814.91325383095,7126.0299503032975
2025-06-27,14,2025-06-13,2025-06-26,0.48154814814814817,1200.0,9872.746434311199,26,36403.46533766615,7546.698356873294
2025-06-28,14,2025-06-14,2025-06-27,0.48154814814814817,1200.0,10012.662744668667,27,36468.23822690768,7527.7116469178745
2025-06-29,14,2025-06-15,2025-06-28,0.48154814814814817,1200.0,10268.670784919705,37,80812.80537726874,7426.050407475793
2025-06-30,14,2025-06-16,2025-06-29,0.48154814814814817,1200.0,10211.724977200423,33,81374.46838315079,7156.404430874742
2025-07-01,14,2025-06-17,2025-06-30,0.48154814814814817,1200.0,10152.80985597416,36,81689.74002553422,5198.411843364916
2025-07-02,14,2025-06-18,2025-07-01,0.48154814814814817,1200.0,10123.568584381406,46,80056.66742540327,5239.774573235513
2025-07-03,14,2025-06-19,2025-07-02,0.48154814814814817,1200.0,9960.358654585922,46,79164.68271801175,5355.094824922944
2025-07-04,14,2025-06-20,2025-07-03,0.48154814814814817,1200.0,9362.994226879038,40,39280.129381478764,5495.8152611174
2025-07-05,14,2025-06-21,2025-07-04,0.48154814814814817,1200.0,9044.704455283383,35,41092.36793649259,5806.798504583353
2025-07-06,14,2025-06-22,2025-07-05,0.48154814814814817,1200.0,9362.910243386244,36,81871.21950660317,5970.62380047192
2025-07-07,14,2025-06-23,2025-07-06,0.48154814814814817,1200.0,9239.671431455057,33,82686.63712048282,6088.318750811345
2025-07-08,14,2025-06-24,2025-07-07,0.48154814814814817,1200.0,9625.663128227965,30,87306.14622190202,7234.817037633175
2025-07-09,14,2025-06-25,2025-07-08,0.48154814814814817,1200.0,9630.182620561842,31,86410.44165417916,7428.041395927712
2025-07-10,14,2025-06-26,2025-07-09,0.48154814814814817,1200.0,9636.282850737905,30,87057.58508988432,7325.152877869229
2025-07-11,14,2025-06-27,2025-07-10,0.48154814814814817,1200.0,9644.718896353683,28,46786.485405984815,7458.295957986528
2025-07-12,14,2025-06-28,2025-07-11,0.48154814814814817,1200.0,9656.303919202295,28,47275.671977226324,7307.096269474247
2025-07-13,14,2025-06-29,2025-07-12,0.48154814814814817,1200.0,9835.267045790551,30,87953.70811166179,7311.098020940059
2025-07-14,14,2025-06-30,2025-07-13,0.48154814814814817,1200.0,9915.068917277036,29,86463.96051382757,7241.428940779007
2025-07-15,14,2025-07-01,2025-07-14,0.48154814814814817,1200.0,9972.872738092492,30,90598.19592509554,8479.788054458115
2025-07-16,14,2025-07-02,2025-07-15,0.48154814814814817,1200.0,9915.392918973163,30,90062.87054451162,8367.676442728743
2025-07-17,14,2025-07-03,2025-07-16,0.48154814814814817,1200.0,9886.002382506242,32,89770.88038327415,8083.9305000209415
2025-07-18,14,2025-07-04,2025-07-17,0.48154814814814817,1200.0,9824.202422360755,32,48678.71917395147,8248.369370499542
2025-07-19,14,2025-07-05,2025-07-18,0.48154814814814817,1200.0,9846.514141447471,33,48329.53826073074,7692.541471582069
2025-07-20,14,2025-07-06,2025-07-19,0.48154814814814817,1200.0,9840.929847463223,40,87900.35850109266,7739.63264604828
2025-07-21,14,2025-07-07,2025-07-20,0.48154814814814817,1200.0,9959.243448665966,37,87615.57466695528,7543.184398017106
2025-07-22,14,2025-07-08,2025-07-21,0.48154814814814817,1200.0,9988.36865586742,33,90299.57065429755,7806.2568091183475
2025-07-23,14,2025-07-09,2025-07-22,0.48154814814814817,1200.0,10041.337436573287,32,89882.2903824489,7576.232101144596
2025-07-24,14,2025-07-10,2025-07-23,0.48154814814814817,1200.0,9991.009719650876,34,89828.7931605922,8115.091584705693
2025-07-25,14,2025-07-11,2025-07-24,0.48154814814814817,1200.0,9790.591315750256,28,46918.02199064914,7780.321348223046
2025-07-26,14,2025-07-12,2025-07-25,0.48154814814814817,1200.0,9735.782761489943,31,46713.88025155189,7519.494839205042
2025-07-27,14,2025-07-13,2025-07-26,0.48154814814814817,1200.0,9971.352936350579,28,87126.9596986105,7485.322524788753
2025-07-28,14,2025-07-14,2025-07-27,0.48154814814814817,1200.0,10047.00525667468,28,87515.76796332424,7179.376394051431
2025-07-29,14,2025-07-15,2025-07-28,0.48154814814814817,1200.0,10168.260880777054,29,89979.59451313267,7269.1029598848945
2025-07-30,14,2025-07-16,2025-07-29,0.48154814814814817,1200.0,10146.265830968297,33,90102.05231694649,7470.765865699289
2025-07-31,14,2025-07-17,2025-07-30,0.48154814814814817,1200.0,10089.896342570408,32,89533.60905877277,7231.707102241607
2025-08-01,14,2025-07-18,2025-07-31,0.48154814814814817,1200.0,10074.840088154875,26,45625.52229108341,7303.470225175022
2025-08-02,14,2025-07-19,2025-08-01,0.48154814814814817,1200.0,10099.940513378953,25,45413.270640449875,7323.824152554982
2025-08-03,14,2025-07-20,2025-08-02,0.48154814814814817,1200.0,10219.37522668747,33,85781.18845032426,6598.113683793858
2025-08-04,14,2025-07-21,2025-08-03,0.48154814814814817,1200.0,10262.438665129665,32,83815.00149152975,7106.511439863401
2025-08-05,14,2025-07-22,2025-08-04,0.48154814814814817,1200.0,10244.501306987771,30,81602.2567068919,6869.0581754170735
2025-08-06,14,2025-07-23,2025-08-05,0.48154814814814817,1200.0,10261.591951799213,35,80129.74856669,6458.158770869497
2025-08-07,14,2025-07-24,2025-08-06,0.48154814814814817,1200.0,10248.556955677845,39,78662.8590313496,6820.14265180127
2025-08-08,14,2025-07-25,2025-08-07,0.48154814814814817,1200.0,10117.25094689568,26,42350.74342923599,7170.065882151842
2025-08-09,14,2025-07-26,2025-08-08,0.48154814814814817,1200.0,10156.482385964055,27,42258.81084960333,6994.931527509176
2025-08-10,14,2025-07-27,2025-08-09,0.48154814814814817,1200.0,10207.679798348165,42,75161.93856825358,6745.405419119748
2025-08-11,14,2025-07-28,2025-08-10,0.48154814814814817,1200.0,10246.604502664362,41,75907.72008704598,6625.792752833988
2025-08-12,14,2025-07-29,2025-08-11,0.48154814814814817,1200.0,10221.27617488523,32,74221.17223208459,6396.921472036817
2025-08-13,14,2025-07-30,2025-08-12,0.48154814814814817,1200.0,10213.571128055759,35,75139.01377494652,6782.5808412077395
2025-08-14,14,2025-07-31,2025-08-13,0.48154814814814817,1200.0,10202.636308571899,33,74363.55309359718,6406.622150927085
2025-08-15,14,2025-08-01,2025-08-14,0.48154814814814817,1200.0,10148.507680301396,24,41547.16540801516,6743.403004911956
2025-08-16,14,2025-08-02,2025-08-15,0.48154814814814817,1200.0,10119.040630050455,23,41627.83388144492,6745.639446992515
2025-08-17,14,2025-08-03,2025-08-16,0.48154814814814817,1200.0,10183.395712455733,36,75265.13309022877,6696.256706754
2025-08-18,14,2025-08-04,2025-08-17,0.48154814814814817,1200.0,10175.113872281296,37,75278.79802503629,6719.534874529543
2025-08-19,14,2025-08-05,2025-08-18,0.48154814814814817,1200.0,10173.766258055448,37,75308.0163695322,6611.21443212335
2025-08-20,14,2025-08-06,2025-08-19,0.48154814814814817,1200.0,10153.581565250177,36,75294.2049576724,6291.535731314867
2025-08-21,14,2025-08-07,2025-08-20,0.48154814814814817,1200.0,10202.9013177595,25,76705.1674983607,6615.667915322759
2025-08-22,14,2025-08-08,2025-08-21,0.48154814814814817,1200.0,10091.212897120993,21,41982.29141533379,6203.4804669718915
2025-08-23,14,2025-08-09,2025-08-22,0.48154814814814817,1200.0,10123.536845956294,22,42219.5871056671,6735.235214185444
2025-08-24,14,2025-08-10,2025-08-23,0.48154814814814817,1200.0,10221.481265091272,31,78870.42188048144,6849.629030403583
2025-08-25,14,2025-08-11,2025-08-24,0.48154814814814817,1200.0,10195.95923047405,30,79067.04975837294,6505.444306712588
2025-08-26,14,2025-08-12,2025-08-25,0.48154814814814817,1200.0,10240.724239204626,30,80031.6036314835,7025.340024170589
2025-08-27,14,2025-08-13,2025-08-26,0.48154814814814817,1200.0,10171.658391167111,28,79871.11419151696,6679.77181365403
2025-08-28,14,2025-08-14,2025-08-27,0.48154814814814817,1200.0,10158.594529212634,27,79015.82993436466,6795.511280872357
2025-08-29,14,2025-08-15,2025-08-28,0.48154814814814817,1200.0,10143.217699917574,25,43221.70544113136,6938.566465877784
2025-08-30,14,2025-08-16,2025-08-29,0.48154814814814817,1200.0,10165.17040526477,23,43132.99345415374,6635.84883183021
2025-08-31,14,2025-08-17,2025-08-30,0.48154814814814817,1200.0,10185.8593616002,29,80360.80352968295,6952.456363958072
2025-09-01,14,2025-08-18,2025-08-31,0.48154814814814817,1200.0,10180.701656370918,29,80778.72890296252,9956.70391328465
2025-09-02,14,2025-08-19,2025-09-01,0.48154814814814817,1200.0,10246.86513974374,31,79592.97366687292,9760.552099033168
2025-09-03,14,2025-08-20,2025-09-02,0.48154814814814817,1200.0,10263.701305522263,31,79350.31365183773,9463.36171007645
2025-09-04,14,2025-08-21,2025-09-03,0.48154814814814817,1200.0,10217.93011124113,31,78648.6838737285,9595.300753825672
2025-09-05,14,2025-08-22,2025-09-04,0.48154814814814817,1200.0,10005.209153320531,25,42231.793615325325,9976.859812909706
2025-09-06,14,2025-08-23,2025-09-05,0.48154814814814817,1200.0,9913.638354656308,24,41953.1993118634,10117.71673922844
2025-09-07,14,2025-08-24,2025-09-06,0.48154814814814817,1200.0,9842.654563471153,36,75716.15592284623,9404.695865982105
2025-09-08,14,2025-08-25,2025-09-07,0.48154814814814817,1200.0,9525.060161859845,37,70442.93922460565,8070.442471232326
2025-09-09,14,2025-08-26,2025-09-08,0.48154814814814817,1200.0,9114.725881895265,43,70538.63499059551,8020.910738711634
2025-09-10,14,2025-08-27,2025-09-09,0.48154814814814817,1200.0,9104.545802327792,45,69921.19569878932,7830.513761685741
2025-09-11,14,2025-08-28,2025-09-10,0.48154814814814817,1200.0,9231.597457099619,42,70245.38759591574,7803.670100475353
2025-09-12,14,2025-08-29,2025-09-11,0.48154814814814817,1200.0,8847.077573859679,37,35159.607750391035,7612.213227734989
2025-09-13,14,2025-08-30,2025-09-12,0.48154814814814817,1200.0,9396.921030326932,38,34282.21831801741,6896.892944030128
2025-09-14,14,2025-08-31,2025-09-13,0.48154814814814817,1200.0,9896.494235842436,34,66620.47519495487,6104.666571707322
2025-09-15,14,2025-09-01,2025-09-14,0.48154814814814817,1200.0,9969.536119848683,30,63969.52297128062,5717.550416881314
2025-09-16,14,2025-09-02,2025-09-15,0.48154814814814817,1200.0,9943.35102225752,31,63901.66044096393,5559.696871665059
2025-09-17,14,2025-09-03,2025-09-16,0.48154814814814817,1200.0,9838.137046098378,32,65534.521519469876,5762.40328038682
2025-09-18,14,2025-09-04,2025-09-17,0.48154814814814817,1200.0,10023.876429999173,32,66159.37835784807,5949.297418455863
2025-09-19,14,2025-09-05,2025-09-18,0.48154814814814817,1200.0,9853.343220826537,31,32801.28657125843,6204.105152716441
2025-09-20,14,2025-09-06,2025-09-19,0.48154814814814817,1200.0,9773.998144964826,31,33302.709757804594,6429.855343329824
2025-09-21,14,2025-09-07,2025-09-20,0.48154814814814817,1200.0,9951.561634434458,29,70256.46891368183,6124.697252146867
2025-09-22,14,2025-09-08,2025-09-21,0.48154814814814817,1200.0,9901.258743323577,26,67977.78155041841,5734.472783614657
2025-09-23,14,2025-09-09,2025-09-22,0.48154814814814817,1200.0,9926.390379479555,30,69096.93743109402,5956.3766419921485
2025-09-24,14,2025-09-10,2025-09-23,0.48154814814814817,1200.0,9978.978124391546,30,69645.29840224658,6104.621415641971
2025-09-25,14,2025-09-11,2025-09-24,0.48154814814814817,1200.0,10073.31755514062,34,69401.87075712648,5807.690640772689
2025-09-26,14,2025-09-12,2025-09-25,0.48154814814814817,1200.0,9986.26573663362,28,33889.7857247683,6580.490034222828
2025-09-27,14,2025-09-13,2025-09-26,0.48154814814814817,1200.0,9979.634109884686,28,34141.480398624815,6012.857931696058
2025-09-28,14,2025-09-14,2025-09-27,0.48154814814814817,1200.0,10169.943240056311,31,71632.37975703306,6415.501466053075
2025-09-29,14,2025-09-15,2025-09-28,0.48154814814814817,1200.0,10177.266387722666,31,71051.72694050381,6087.999552765423
2025-09-30,14,2025-09-16,2025-09-29,0.48154814814814817,1200.0,10148.83860542323,32,71858.87417551142,6082.943126102045
2025-10-01,14,2025-09-17,2025-09-30,0.48154814814814817,1200.0,10043.038232989093,33,72568.78156728618,7891.686961065812
2025-10-02,14,2025-09-18,2025-10-01,0.48154814814814817,1200.0,10037.23521820114,29,70939.04728469945,8067.952171352968
2025-10-03,14,2025-09-19,2025-10-02,0.48154814814814817,1200.0,9929.957369679772,27,33831.97668185288,8180.8512601290595
2025-10-04,14,2025-09-20,2025-10-03,0.48154814814814817,1200.0,9929.99006736678,26,34251.98812793319,8072.4552490757915
2025-10-05,14,2025-09-21,2025-10-04,0.48154814814814817,1200.0,10016.717081829564,30,68421.13425011456,7747.3777550935565
2025-10-06,14,2025-09-22,2025-10-05,0.48154814814814817,1200.0,9913.944551007211,27,67949.68636111742,7546.976299995947
2025-10-07,14,2025-09-23,2025-10-06,0.48154814814814817,1200.0,9779.055546440339,27,67681.1285868805,7852.4400509818615
2025-10-08,14,2025-09-24,2025-10-07,0.48154814814814817,1200.0,9896.257059699126,27,65059.248360985155,7014.182549957501
2025-10-09,14,2025-09-25,2025-10-08,0.48154814814814817,1200.0,9908.83825616347,26,65936.35573951121,6890.190199018593
2025-10-10,14,2025-09-26,2025-10-09,0.48154814814814817,1200.0,9411.7453269718,27,32267.516010859,6574.232250511891
2025-10-11,14,2025-09-27,2025-10-10,0.48154814814814817,1200.0,9462.34139826649,28,33225.58896201289,6686.714718053961
2025-10-12,14,2025-09-28,2025-10-11,0.48154814814814817,1200.0,9973.140318470883,27,66155.79961200368,6264.441097143296
2025-10-13,14,2025-09-29,2025-10-12,0.48154814814814817,1200.0,9974.113083355483,28,67121.0162205885,6454.755575135961
2025-10-14,14,2025-09-30,2025-10-13,0.48154814814814817,1200.0,10087.147219943006,28,66751.13735450912,6165.673156773461
2025-10-15,14,2025-10-01,2025-10-14,0.48154814814814817,1200.0,10077.495180382532,28,65708.93808814138,6038.244474784768
2025-10-16,14,2025-10-02,2025-10-15,0.48154814814814817,1200.0,10137.841921665486,30,67133.43603469954,6094.114305108857
2025-10-17,14,2025-10-03,2025-10-16,0.48154814814814817,1200.0,9766.339607426149,30,32325.114116812758,5872.024996657969
2025-10-18,14,2025-10-04,2025-10-17,0.48154814814814817,1200.0,10020.082336523616,28,33048.95370492923,6292.806471692535
2025-10-19,14,2025-10-05,2025-10-18,0.48154814814814817,1200.0,10362.75700043668,28,70779.89011979783,6105.530956831892
2025-10-20,14,2025-10-06,2025-10-19,0.48154814814814817,1200.0,10293.507094483386,27,72196.77400627971,6094.250781463225
2025-10-21,14,2025-10-07,2025-10-20,0.48154814814814817,1200.0,10296.5481842078,30,73410.1818111562,6340.118040762264
2025-10-22,14,2025-10-08,2025-10-21,0.48154814814814817,1200.0,10297.873440194406,31,73488.73273402282,5998.685407261263
2025-10-23,14,2025-10-09,2025-10-22,0.48154814814814817,1200.0,10303.323177728062,31,74457.66563827948,6215.179044327252
2025-10-24,14,2025-10-10,2025-10-23,0.48154814814814817,1200.0,10026.052593750846,30,33325.49222261435,6114.536817546973
2025-10-25,14,2025-10-11,2025-10-24,0.48154814814814817,1200.0,10049.467540919128,29,34019.462124301936,6136.701460047009
2025-10-26,14,2025-10-12,2025-10-25,0.48154814814814817,1200.0,10232.137640215815,29,75651.00364098167,6468.012459351904
2025-10-27,14,2025-10-13,2025-10-26,0.48154814814814817,1200.0,10273.150228317685,30,75888.47769727936,6174.877758756927
2025-10-28,14,2025-10-14,2025-10-27,0.48154814814814817,1200.0,10306.976353113318,27,75954.58568210785,6431.721578576567
2025-10-29,14,2025-10-15,2025-10-28,0.48154814814814817,1200.0,10319.726417854326,28,75186.89570548064,6086.855980968402
2025-10-30,14,2025-10-16,2025-10-29,0.48154814814814817,1200.0,10315.486498932703,27,75656.5842419699,6063.69784338105
2025-10-31,14,2025-10-17,2025-10-30,0.48154814814814817,1200.0,10165.91478107604,31,34561.501179229796,6331.058930904682
2025-11-01,14,2025-10-18,2025-10-31,0.48154814814814817,1200.0,10161.343469084686,30,34873.740500507716,6572.707608567594
2025-11-02,14,2025-10-19,2025-11-01,0.48154814814814817,1200.0,10351.606392704953,30,77391.63223362059,6234.257522557939
2025-11-03,14,2025-10-20,2025-11-02,0.48154814814814817,1200.0,10277.986021284993,33,78016.60252030074,6518.974984493994
2025-11-04,14,2025-10-21,2025-11-03,0.48154814814814817,1200.0,10293.558519441813,30,78663.28811054563,6161.552364414543
2025-11-05,14,2025-10-22,2025-11-04,0.48154814814814817,1200.0,10284.442986571961,31,78462.63980158637,6526.73128074635
2025-11-06,14,2025-10-23,2025-11-05,0.48154814814814817,1200.0,10298.02984643279,30,77886.43986751791,6178.477962502648
2025-11-07,14,2025-10-24,2025-11-06,0.48154814814814817,1200.0,10215.654990084326,29,35917.637524877035,6462.988135249115
2025-11-08,14,2025-10-25,2025-11-07,0.48154814814814817,1200.0,10203.663407145257,31,35969.257433024344,6581.861875714342
2025-11-09,14,2025-10-26,2025-11-08,0.48154814814814817,1200.0,10302.299426432715,30,79750.28276693649,6360.66643188914
2025-11-10,14,2025-10-27,2025-11-09,0.48154814814814817,1200.0,10357.326966333294,30,80330.89726643343,6191.64835888655
2025-11-11,14,2025-10-28,2025-11-10,0.48154814814814817,1200.0,10347.450908811008,34,80853.95203201164,6425.01455584581
2025-11-12,14,2025-10-29,2025-11-11,0.48154814814814817,1200.0,10378.772476175822,34,81488.43638016877,6480.807295320648
2025-11-13,14,2025-10-30,2025-11-12,0.48154814814814817,1200.0,10380.737195583348,35,81094.78104655005,6380.149234136217
2025-11-14,14,2025-10-31,2025-11-13,0.48154814814814817,1200.0,10310.838981362416,28,37204.037760612206,6751.1390519090455
2025-11-15,14,2025-11-01,2025-11-14,0.48154814814814817,1200.0,10239.860101329123,28,37074.2197054897,6518.741398461433
2025-11-16,14,2025-11-02,2025-11-15,0.48154814814814817,1200.0,10408.74071122445,34,82984.61399497036,6474.449815755301
2025-11-17,14,2025-11-03,2025-11-16,0.48154814814814817,1200.0,10422.989224279965,33,83794.03910216843,6701.572841076071
2025-11-18,14,2025-11-04,2025-11-17,0.48154814814814817,1200.0,10420.779823948964,34,83318.03088442981,6509.506962328209
2025-11-19,14,2025-11-05,2025-11-18,0.48154814814814817,1200.0,10449.631891626195,30,83882.928668013,6280.53585703618
2025-11-20,14,2025-11-06,2025-11-19,0.48154814814814817,1200.0,10459.20389234381,29,84395.26950692813,6433.412186869104
2025-11-21,14,2025-11-07,2025-11-20,0.48154814814814817,1200.0,10386.126430562084,29,38284.22786961937,6739.433686118736
2025-11-22,14,2025-11-08,2025-11-21,0.48154814814814817,1200.0,10281.402450409649,29,38453.984928292026,6533.671247496821
2025-11-23,14,2025-11-09,2025-11-22,0.48154814814814817,1200.0,10472.349278827758,32,85132.51570692663,6527.931126410074
2025-11-24,14,2025-11-10,2025-11-23,0.48154814814814817,1200.0,10452.59820522467,29,85239.77604077384,6177.701067118441
2025-11-25,14,2025-11-11,2025-11-24,0.48154814814814817,1200.0,10443.28947779366,29,84946.8836506699,6458.406354407151
2025-11-26,14,2025-11-12,2025-11-25,0.48154814814814817,1200.0,10440.567147971258,27,85281.83798688877,6629.954624448445
2025-11-27,14,2025-11-13,2025-11-26,0.48154814814814817,1200.0,10420.880189672658,27,85411.35916733106,6613.536584071444
2025-11-28,14,2025-11-14,2025-11-27,0.48154814814814817,1200.0,10299.806509204427,27,39138.9752434416,6523.328520675797
2025-11-29,14,2025-11-15,2025-11-28,0.48154814814814817,1200.0,10277.062227837001,28,39748.64917701613,6435.500428845003
2025-11-30,14,2025-11-16,2025-11-29,0.48154814814814817,1200.0,10436.847369836602,32,86876.96746070997,6362.074726831352
2025-12-01,14,2025-11-17,2025-11-30,0.48154814814814817,1200.0,10441.16906859638,32,87770.90581809824,6207.878688886184
2025-12-02,14,2025-11-18,2025-12-01,0.48154814814814817,1200.0,10468.397709907278,31,88999.96128753031,6063.3731249196535
2025-12-03,14,2025-11-19,2025-12-02,0.48154814814814817,1200.0,10442.407695110374,32,90762.61247668188,6045.202690139273
2025-12-04,14,2025-11-20,2025-12-03,0.48154814814814817,1200.0,10418.464720569227,37,92612.04616129499,6196.649341328167
2025-12-05,14,2025-11-21,2025-12-04,0.48154814814814817,1200.0,10362.262744447367,40,48430.675177054145,6327.859490763948
2025-12-06,14,2025-11-22,2025-12-05,0.48154814814814817,1200.0,10322.338607991443,37,49592.10870803378,6293.694078248641
2025-12-07,14,2025-11-23,2025-12-06,0.48154814814814817,1200.0,10418.715239278557,30,96124.49342732513,6227.986459064133
2025-12-08,14,2025-11-24,2025-12-07,0.48154814814814817,1200.0,10394.845886608618,29,99196.24694173093,6641.312374619752
2025-12-09,14,2025-11-25,2025-12-08,0.48154814814814817,1200.0,10409.975924193239,29,99642.46045366426,6475.112280691888
2025-12-10,14,2025-11-26,2025-12-09,0.48154814814814817,1200.0,10380.68158659107,29,99326.22440391028,6543.901628287367
2025-12-11,14,2025-11-27,2025-12-10,0.48154814814814817,1200.0,10373.806599941823,29,99776.96473516816,6613.339642781351
2025-12-12,14,2025-11-28,2025-12-11,0.48154814814814817,1200.0,10243.634285514805,34,53630.78096376843,6714.007505773975
2025-12-13,14,2025-11-29,2025-12-12,0.48154814814814817,1200.0,10251.098455024361,35,54527.23507804975,6809.730373876044
2025-12-14,14,2025-11-30,2025-12-13,0.48154814814814817,1200.0,10398.050251094024,32,100580.8465723723,6657.351268984843
2025-12-15,14,2025-12-01,2025-12-14,0.48154814814814817,1200.0,10402.056521648627,34,102549.8142599421,6662.798643232932
2025-12-16,14,2025-12-02,2025-12-15,0.48154814814814817,1200.0,10410.131741465562,26,102538.4540773833,6663.043586803432
2025-12-17,14,2025-12-03,2025-12-16,0.48154814814814817,1200.0,10434.546472408649,28,101811.9562238593,6512.545370781588
2025-12-18,14,2025-12-04,2025-12-17,0.48154814814814817,1200.0,10430.49551491529,30,100936.00123989696,6637.991606775403
2025-12-19,14,2025-12-05,2025-12-18,0.48154814814814817,1200.0,10301.282720948035,37,54317.375024978406,6417.367791650616
2025-12-20,14,2025-12-06,2025-12-19,0.48154814814814817,1200.0,10288.508394455623,40,54217.89765845127,6701.7190578114705
2025-12-21,14,2025-12-07,2025-12-20,0.48154814814814817,1200.0,10451.224745507447,42,99627.42981127772,6549.156133856974
2025-12-22,14,2025-12-08,2025-12-21,0.48154814814814817,1200.0,10487.11247216739,25,100263.87131469345,6264.196497615382
2025-12-23,14,2025-12-09,2025-12-22,0.48154814814814817,1200.0,10468.03800799082,28,100159.73031179624,6677.285529171634
2025-12-24,14,2025-12-10,2025-12-23,0.48154814814814817,1200.0,10469.848886819906,30,99308.03227306879,6350.29257830783
2025-12-25,14,2025-12-11,2025-12-24,0.48154814814814817,1200.0,10463.575326671009,31,98769.9565554111,6367.716631494529
2025-12-26,14,2025-12-12,2025-12-25,0.48154814814814817,1200.0,10359.29905444743,33,52909.97431242315,6971.561828459176
2025-12-27,14,2025-12-13,2025-12-26,0.48154814814814817,1200.0,10306.081968615334,32,52708.81945143565,6704.567090395896
2025-12-28,14,2025-12-14,2025-12-27,0.48154814814814817,1200.0,10394.562788345054,25,98607.14537400252,6706.375434587358
2025-12-29,14,2025-12-15,2025-12-28,0.48154814814814817,1200.0,10383.708481720449,27,98925.49667049467,6456.822278691693
2025-12-30,14,2025-12-16,2025-12-29,0.48154814814814817,1200.0,10373.75295312751,27,98325.07005759017,6594.001358184313
2025-12-31,14,2025-12-17,2025-12-30,0.48154814814814817,1200.0,10377.490164292609,27,97495.69046009122,6288.526778002317
