date,days,purchase_kwh,emergency_kwh,actual_grid_kwh,planned_cost_yuan,emergency_cost_yuan,total_cost_yuan,charge_kwh,discharge_kwh,curtailment_kwh,emergency_intervals,emergency_days,emergency_while_charging_kwh,emergency_while_charging_intervals,waste_while_discharging_kwh,soc_start_kwh,soc_end_kwh,no_storage_total_cost_yuan
2025-02-01,1,43753.087263544076,240.07946752110314,43993.166731065176,22650.581748837394,1056.2640197348962,23706.84576857229,20760.517897467715,16816.019496948844,5670.492397212975,15,1,77.01830836764259,5,1396.0570211362394,5999.999999999998,6000.0000000000055,36639.42087314993
2025-02-02,1,89925.90453848394,86.0870716410053,90011.99161012494,56595.69769502283,390.4775391816186,56986.17523420444,24699.92326208103,20006.93784228564,6962.728240329549,8,1,5.786053428082596,1,1958.916063882463,6000.0000000000055,6000.000000000002,68399.16731404403
2025-02-03,1,89014.87675531565,311.96566419171756,89326.84241950737,55929.92200602655,1092.1081258336571,57022.03013186021,24571.976551624375,19903.30100681575,4441.250374698735,23,1,147.84771380538814,6,1662.1638615814106,6000.000000000002,6000.0,68397.3422848301
2025-02-04,1,89012.58357102163,983.8830061605877,89996.46657718222,55878.08652638718,3859.5157786036857,59737.60230499087,24474.88825228327,19824.659484349446,4151.373859248395,30,1,341.2577468529694,10,820.1759296909364,6000.0,6000.000000000002,71127.48428984694
2025-02-05,1,88649.10519425121,588.4833107438975,89237.58850499512,55677.66735671704,2134.1266243618174,57811.79398107885,24400.82319302549,19764.666786350648,3853.0051149869296,25,1,296.4852717115043,11,844.4337254807951,6000.000000000002,6000.000000000001,69197.975570882
2025-02-06,1,89229.5905633218,246.62536142161525,89476.21592474342,56180.86920855904,1010.1330546452311,57191.00226320427,24502.040187784616,19846.65255210554,4549.771072397679,26,1,90.76748599815687,11,1380.7925533190446,6000.000000000001,6000.000000000002,68600.95709259846
2025-02-07,1,42602.46570499744,271.4436445801145,42873.90934957755,21921.202659140516,1453.0493394717153,23374.25199861223,20641.890615507284,16719.9313985609,7146.270465964505,21,1,24.615184957607312,5,972.0765868131143,6000.000000000002,5999.999999999999,36490.60057373471
2025-02-08,1,40763.061047486044,368.35882433778994,41131.41987182383,21054.203319085937,1901.6580636939034,22955.86138277984,20150.90964792313,16322.236814817736,5725.584322051772,20,1,227.5285470588243,11,1405.0910736760457,5999.999999999999,5999.999999999998,35394.50031623171
2025-02-09,1,86602.4202181871,1127.290241402065,87729.71045958916,54234.72205997538,3664.2538864419607,57898.97594641733,24388.74169469528,19754.880772703174,3540.4335709303823,34,1,648.1484566550102,12,907.0810289549372,5999.999999999998,6000.000000000002,69151.6465306544
2025-02-10,1,87098.61133826771,130.61752351343262,87229.22886178114,54558.05376112063,612.4494275652972,55170.50318868593,24503.881931796,19848.144364754764,8246.853711406573,12,1,28.396730846164246,3,3239.7500296730764,6000.000000000002,6000.000000000001,66578.3938283419
2025-02-11,1,86086.10843887969,113.45282603538146,86199.56126491507,53758.369403468016,666.90895474581,54425.27835821382,24384.749705578313,19751.647261518432,6345.8616875218495,13,1,0.0,0,1922.5423911764685,6000.000000000001,6000.000000000002,65863.55615529216
2025-02-12,1,85244.04786420878,309.00206823642304,85553.04993244521,53167.239122835126,1433.5743690050429,54600.81349184017,24199.25109725637,19601.39338877766,5688.456090633158,23,1,4.968628766942857,1,1929.4487435780989,6000.000000000002,6000.000000000001,66032.44716221273
2025-02-13,1,84706.71419306632,136.7522621867545,84843.46645525307,52874.348271625495,701.2241364626465,53575.57240808814,24068.231326844267,19495.267374743857,8941.023486486,17,1,13.600015831030532,4,3638.1297345816165,6000.000000000001,6000.000000000001,65006.695673962175
2025-02-14,1,37785.311247166166,984.8192343691851,38770.13048153535,19527.027008198107,3165.9596010224086,22692.986609220516,19351.103943624345,15674.39419433572,5291.618915580057,34,1,812.0380400541435,16,1076.9748063363595,6000.000000000001,5999.999999999998,34099.833679422845
2025-02-15,1,36877.64102921225,788.3848607034765,37666.02588991573,19063.661453510835,2688.85437306963,21752.515826580468,18826.522456658535,15249.483189893404,4808.895523150599,41,1,462.57719278570517,13,801.0496037551927,5999.999999999998,6000.000000000004,34240.56106060556
2025-02-16,1,81238.18731637715,1371.6823014250024,82609.86961780215,50346.7810174927,5155.319093067497,55502.1001105602,23190.58371750042,18784.372811175344,2826.279611477071,51,1,541.7651780159068,17,889.8881962551449,6000.000000000004,6000.000000000002,66568.89002712084
2025-02-17,1,80815.04999319554,395.3072858355421,81210.35727903109,49982.003142344176,1620.8958906395637,51602.89903298374,23244.224345269115,18827.821719667983,5610.091486763289,28,1,152.00039990788218,8,2442.8758520707597,6000.000000000002,6000.000000000001,62856.07335608223
2025-02-18,1,80194.96165669698,466.46730800105456,80661.42896469803,49503.67661360537,2086.4634289618425,51590.14004256722,23234.009325226067,18819.547553433113,4155.579409571745,30,1,167.53081356005566,7,1629.5086019213036,6000.000000000001,5999.999999999998,62671.37085170348
2025-02-19,1,79772.42133807129,935.3422949890039,80707.7636330603,49179.8611145919,3607.050514721857,52786.911629313756,23268.57505281428,18847.545792779565,3407.4069896922483,56,1,226.4885614892936,9,443.91667479931505,5999.999999999998,6000.000000000002,64231.41676344537
2025-02-20,1,79477.83900495047,508.7672623559493,79986.60626730642,48968.64593364355,2220.592799371459,51189.23873301501,23257.70924858346,18838.74449135261,4574.507776742235,30,1,78.62581533754383,4,1538.4911913362655,6000.000000000002,6000.0,62550.35189940849
2025-02-21,1,35769.89347108968,585.1346201003893,36355.02809119007,18428.83196027666,2174.9793289784925,20603.81128925515,18381.834567238613,14889.285999463274,7302.217490081401,33,1,87.00070594721102,6,764.0293192600526,6000.0,6000.000000000004,33878.483538714754
2025-02-22,1,35137.86048687186,1343.2702833295748,36481.13077020144,18077.442553227378,5183.411645862093,23260.85419908947,18038.907748613066,14611.515276376584,5208.9754146316245,58,1,803.3002306045914,23,551.2805099881557,6000.000000000004,6000.000000000001,33549.058468694246
2025-02-23,1,77666.27544843066,1341.948173196663,79008.22362162733,47700.27616112925,4825.2602250229265,52525.53638615218,23212.780379019285,18802.35210700562,3065.941666280333,51,1,512.2997480288768,15,1021.0960030896905,6000.000000000001,6000.000000000001,63211.775697493635
2025-02-24,1,77050.61631176512,453.64330561352165,77504.25961737864,47198.71880793684,2052.043859349614,49250.76266728646,23137.429947047014,18741.31825710808,4905.11431077303,30,1,97.12126129095918,7,2086.789025087887,6000.000000000001,6000.0,60863.41050362676
2025-02-25,1,76727.84485074923,549.2180187355485,77277.06286948478,47007.75971080547,2008.809641970848,49016.569352776314,23148.67718116396,18750.428516742806,7057.490971730297,37,1,127.38684944729539,8,2922.88774778072,6000.0,6000.0,60623.543164239694
2025-02-26,1,75955.99097771832,817.8907168415028,76773.88169455982,46490.917162311605,3397.9705713137546,49888.887733625364,22964.552566564613,18601.28757891734,3595.7686735792236,43,1,211.90978975053133,11,1796.468400188932,6000.0,6000.0,61261.08854776709
2025-02-27,1,75293.52001933687,660.432152401633,75953.95217173849,45996.30377454772,3349.742739620791,49346.04651416851,22904.89371475826,18552.963908954185,4645.4381659344235,30,1,0.0,0,351.1628136277316,6000.0,5999.999999999999,61124.5079439954
2025-02-28,1,34250.2660604527,1144.87320429568,35395.13926474837,17533.98660195104,4253.9736197577595,21787.9602217088,17679.481736641294,14320.380206679449,8743.444184786536,47,1,713.2654745276644,14,567.0839842300678,5999.999999999999,6000.0,32445.82842978919
2025-03-01,1,33818.23557222811,758.7199925309711,34576.95556475908,17327.848793597164,3162.017022572445,20489.86581616961,17367.453931317657,14067.637684367304,7618.373384475398,41,1,309.8763127291164,14,940.3072126078612,6000.0,6000.000000000001,32685.755011550627
2025-03-02,1,73699.98666192566,5533.457670391784,79233.44433231745,44910.07364614154,20969.552006123402,65879.62565226495,22883.55816695922,18535.682115236967,2527.2612139285216,70,1,3608.730806869326,25,804.6165645216465,6000.000000000001,6000.000000000002,71259.38394243122
2025-03-03,1,74141.1421215735,4281.078375837049,78422.22049741056,45160.489851583945,17373.56233036318,62534.052181947125,23075.074363134427,18690.81023413889,2020.8097350816815,80,1,1528.7897958302788,29,360.26641468332247,6000.000000000002,6000.000000000001,71353.89429286943
2025-03-04,1,75240.51551436743,1316.363849642812,76556.87936401025,45943.88671033456,4244.62528065223,50188.51199098679,23249.430832539,18832.03897435659,2940.0295724944976,54,1,661.4811753877398,15,719.2644643994498,6000.000000000001,6000.0,60688.34805828166
2025-03-05,1,76344.0649345695,519.5301355864513,76863.59507015595,46665.11393784192,2332.4012525529993,48997.515190394915,23369.674910524987,18929.43667752524,6292.884820489534,33,1,178.30428569266667,9,2340.342335457671,6000.0,6000.000000000002,60321.46275691992
2025-03-06,1,76007.67734412862,565.6620898539287,76573.33943398255,46528.686680229635,2177.5748114405365,48706.26149167017,23305.965828748143,18877.832321285994,6204.551793187068,41,1,120.68436386836606,8,2816.5266306384283,6000.000000000002,6000.000000000005,60247.34372411261
2025-03-07,1,33374.952897731026,699.1881947944286,34074.14109252545,17056.567226767016,2680.4432195317377,19737.01044629875,17299.863661918982,14012.889566154383,9864.88146342752,38,1,425.4812975579497,16,1521.704358469159,6000.000000000005,6000.0,31380.406154176057
2025-03-08,1,32579.64412563401,295.6986367548365,32875.34276238885,16752.179549079272,1008.5082091774215,17760.687758256692,16722.036100990732,13544.849241802493,10635.01638653394,25,1,49.02842499670987,2,922.8410394713588,6000.0,6000.0,30590.918844175267
2025-03-09,1,74633.14842154729,353.3336749713318,74986.48209651862,45490.318063515806,1623.80722547983,47114.12528899563,23336.694968858686,18902.722924775535,7218.985002435465,24,1,52.163812245032204,3,2388.297551114806,6000.0,6000.000000000004,58642.16459188338
2025-03-10,1,73151.4822941495,2318.174672152352,75469.65696630185,44481.267959925644,7011.998788623609,51493.26674854926,23112.65485983953,18721.25043647002,3036.181092932338,56,1,1817.8614991248853,26,1430.8853872314007,6000.000000000004,6000.000000000002,59358.25139180605
2025-03-11,1,72791.06365607493,852.5802870960479,73643.64394317097,44134.66541670323,3411.4542052256043,47546.11962192884,22790.962183829528,18460.679368901918,5374.442328243375,41,1,245.87851929859255,12,2754.297423265278,6000.000000000002,6000.000000000004,59205.155422223535
2025-03-12,1,72117.92933476594,704.3506542176619,72822.2799889836,43737.33925184271,2484.691700275323,46222.03095211803,22416.264054397292,18157.173884061813,6127.6551353147925,43,1,197.36537433214949,9,2570.118302646964,6000.000000000004,6000.000000000001,58038.111744928254
2025-03-13,1,71103.97796297568,3882.023702114003,74986.00166508969,43100.00636408852,14336.789132741565,57436.795496830084,22202.21055540702,17983.790549879683,3221.9636428956796,64,1,2903.3971797407567,31,1366.6154284858899,6000.000000000001,6000.000000000002,63592.909902704676
2025-03-14,1,31330.144460473584,828.7632226890757,32158.90768316266,16005.752246883565,3567.9107553796684,19573.663002263234,16182.554856715562,13107.869433939608,13054.796277053372,38,1,402.8685228366512,11,840.5682119931182,6000.000000000002,5999.999999999998,30635.068049726975
2025-03-15,1,30977.301690968736,1650.847395297312,32628.149086266047,15877.751392658325,5397.1036757216925,21274.855068380017,16000.000000000004,12959.999999999998,8664.023936266043,55,1,926.0602888237154,16,370.67542428515003,5999.999999999998,6000.000000000003,31599.51482882264
2025-03-16,1,69917.68969567532,1245.1829274641416,71162.87262313945,42195.066242640416,4581.566052711637,46776.63229535205,21993.213166345333,17814.50266473972,3633.11518820051,59,1,692.5484285347696,19,1520.2197988269118,6000.000000000003,6000.000000000002,56717.286037457736
2025-03-17,1,69853.88549121164,303.8647683708397,70157.75025958248,42071.168628116044,1504.3973095588788,43575.56593767492,21947.910767757432,17777.807721883517,8129.51578037523,24,1,32.20387837873386,3,3471.5035342601436,6000.000000000002,6000.000000000003,55304.914097448294
2025-03-18,1,68421.35092323837,1080.736691890851,69502.08761512922,41094.297402253535,4934.172670486961,46028.47007274049,21800.026566343666,17658.02151873837,4234.124200857253,38,1,128.19531690917938,7,726.9058590566416,6000.000000000003,6000.0,57953.29336879946
2025-03-19,1,68331.47984314944,578.2540778015904,68909.73392095104,41088.88178879071,2689.2803077702433,43778.162096560955,21730.82357938353,17601.96709930066,5315.406990868154,28,1,42.412934517699796,4,905.9265716156249,6000.0,5999.999999999998,55847.4350237214
2025-03-20,1,67785.78696008767,1272.7589361306973,69058.54589621838,40840.83282282499,4805.2533770244945,45646.08619984949,21801.429801674916,17659.15813935668,2707.312417233468,54,1,397.90938057733297,11,801.8387692703918,5999.999999999998,6000.000000000002,57131.01207167381
2025-03-21,1,30056.61526147801,670.120785045026,30726.736046523038,15292.295728604424,2658.5313519799015,17950.827080584324,16000.0,12960.000000000002,15653.27152985637,40,1,116.94399682853066,6,530.8740623343288,6000.000000000002,6000.0,30260.06848542338
2025-03-22,1,30125.16255591619,1185.8893273015267,31311.05188321772,15374.747239654123,4443.657140357568,19818.404380011692,16000.0,12960.0,12389.852149884384,45,1,892.943188369712,20,586.8089486248185,6000.0,6000.0,28798.150912196492
2025-03-23,1,65206.81709123802,1554.864660200595,66761.68175143862,39181.94982866154,5840.851908265172,45022.80173692672,21627.8606043657,17518.567089536216,3882.6681199424706,57,1,812.0738288045447,19,1295.5078049950168,6000.0,6000.000000000002,55900.73132589793
2025-03-24,1,64468.5153526615,1058.6808032513688,65527.19615591287,38731.13434559027,3782.226337790395,42513.36068338066,21507.38734091184,17420.983746138587,3442.2954778062854,42,1,376.0186776211159,14,699.2311143533908,6000.000000000002,6000.000000000002,54909.92468496799
2025-03-25,1,64336.57477359017,2627.2168083291085,66963.79158191927,38594.51768655699,9797.94985612156,48392.46754267855,21550.835771350216,17456.176974793678,1919.0080686960666,79,1,1638.334006610833,26,511.8284011815457,6000.000000000002,6000.0,57242.72418441261
2025-03-26,1,64362.14729070481,615.4014986041411,64977.54878930895,38590.380420051784,2186.676236180057,40777.05665623184,21559.350777096817,17463.074129448425,5288.717274993891,39,1,279.7806980420361,11,1547.3989137978688,6000.0,6000.000000000001,53149.32689716109
2025-03-27,1,63784.027989427836,1723.4656938619778,65507.49368328982,38331.077765144815,6619.881216143736,44950.95898128855,21538.439870851147,17446.13629538943,2698.2007078280935,60,1,866.7110227877747,21,884.9385720094734,6000.000000000001,6000.0,54729.44215047767
2025-03-28,1,29030.644167369766,685.0317735604316,29715.6759409302,14631.857138086118,2417.223648864114,17049.08078695023,15999.999999999998,12959.999999999998,15853.795174263534,37,1,31.998276253454378,2,462.89573612787336,6000.0,6000.000000000004,29276.105986113955
2025-03-29,1,29031.571578464267,583.0433054800446,29614.614883944312,14632.613848556695,2326.3024762992272,16958.916324855923,16000.000000000002,12960.000000000002,18867.40570061098,43,1,47.92766597578611,5,541.1839063269603,6000.000000000004,6000.0,29119.888043745144
2025-03-30,1,61545.45580008469,1318.5840126200828,62864.039812704774,36916.04777270957,5166.000183273806,42082.04795598338,21387.88823805021,17324.18947282067,3454.721347475228,49,1,691.4522196727015,17,812.3894220724527,6000.0,6000.000000000005,53661.66848649188
2025-03-31,1,60880.44911068498,3074.169336366629,63954.61844705161,36488.89163791554,11934.89981920851,48423.79145712405,21404.52411645642,17337.664534329706,2936.3693815915626,61,1,2316.2860549621205,33,1897.3873079700334,6000.000000000005,6000.000000000002,54952.74456165205
2025-04-01,1,60846.9601525647,5353.49329204689,66200.45344461159,36386.52271376501,17005.168106755387,53391.690820520394,21411.23816494698,17343.102913607057,1923.4666766050018,85,1,4257.0810334226335,36,1289.4108112843783,6000.000000000002,5999.999999999998,55544.65548284487
2025-04-02,1,60721.25247273766,5615.413699152147,66336.66617188981,36248.991957710765,21807.46807378783,58056.460031498595,21348.518912963817,17292.300319500686,1845.112178426672,87,1,3772.6394751659063,35,258.020609943038,5999.999999999998,6000.000000000005,61383.27110279448
2025-04-03,1,61558.969513497286,1459.8883171939942,63018.85783069128,36701.564697858405,6079.063726816101,42780.628424674505,21437.277602129256,17364.194857724702,3082.2448196200594,66,1,416.16850752448715,15,242.02786233338918,6000.000000000005,6000.000000000002,54471.56674721012
2025-04-04,1,28177.952612747915,611.1210296805979,28789.073642428513,14122.634295850243,2080.7809512006497,16203.415247050893,16000.000000000002,12960.000000000002,19318.271392428513,37,1,43.953862685879585,3,465.26839961179087,6000.000000000002,6000.0,28231.65434332295
2025-04-05,1,28352.01115804899,2085.883223110185,30437.894381159174,14191.836914605266,8169.810963058937,22361.647877664203,16000.000000000002,12959.999999999998,15353.77939782584,59,1,1451.031973416616,19,557.0409954580479,6000.0,6000.000000000002,28500.117489664102
2025-04-06,1,61089.37763520181,810.5049485853423,61899.882583787155,36263.3530347454,3203.474898559497,39466.8279333049,21371.78569768184,17311.14641512229,3429.1670345609355,53,1,62.22147330381836,5,591.8851278438876,6000.000000000002,6000.0,52547.34950487859
2025-04-07,1,60552.69031875579,1419.8383714285721,61972.528690184365,35951.44080250134,4780.612161564304,40732.052964065646,21141.20522980142,17124.376236139153,4712.980413188762,58,1,745.4419492931398,21,1323.8923366833963,6000.0,6000.000000000001,51324.27932522258
2025-04-08,1,60414.214314221455,1467.3777558917548,61881.59207011321,35896.39437604638,6370.488624345102,42266.883000391485,21153.861349433802,17134.627693041377,3509.16479705412,71,1,224.2905787848033,12,379.24398137912823,6000.000000000001,6000.000000000002,54874.33657198252
2025-04-09,1,59624.55192743919,4727.031239260809,64351.5831667,35496.426013659366,17095.82879197021,52592.25480562957,21210.784943509923,17180.73580424304,1187.2230107664523,89,1,3578.5800989265535,40,398.2245099862755,6000.000000000002,5999.999999999998,55157.86478611633
2025-04-10,1,59561.79740053953,1848.7073916624386,61410.504792201966,35550.23922742285,8016.718186846474,43566.95741426932,21015.33692781098,17022.422911526894,2956.9528759178806,71,1,834.956576782661,21,604.5118883960292,5999.999999999998,6000.0,54320.875010885575
2025-04-11,1,27523.515868018345,890.1638831312406,28413.679751149586,13636.08953842821,3130.84023534239,16766.9297737706,16000.0,12960.0,20057.02958448292,48,1,118.83732406895672,5,593.4571111612422,6000.0,6000.000000000003,28681.386982304968
2025-04-12,1,27788.37659357434,1071.2823134011996,28859.65890697554,13791.429912616686,4196.2722068406165,17987.702119457303,16000.0,12960.000000000002,16794.498356975542,41,1,654.1248077012012,15,888.2080787650624,6000.000000000003,6000.000000000002,27302.85829541914
2025-04-13,1,58474.99895484137,1969.756850271657,60444.75580511303,34826.716604373185,7980.768464608496,42807.48506898168,20515.463397417465,16617.525351908145,2270.4592762703737,75,1,1106.4360821687092,30,615.3112851277422,6000.000000000002,6000.000000000002,52511.244303536536
2025-04-14,1,57969.11498153758,1419.8179033820268,59388.93288491961,34458.88633196517,5165.483198026182,39624.36952999136,20270.85426401367,16419.39195385107,3009.438774757013,66,1,570.4300716391265,18,502.01128549057177,6000.000000000002,5999.999999999998,51447.0198181741
2025-04-15,1,58337.20790721164,1395.2183267008836,59732.42623391252,34771.4858382531,6177.394349140915,40948.88018739402,20338.940143163738,16474.541515962625,5728.598773378073,45,1,895.1391341210316,16,1722.2836971810189,5999.999999999998,6000.000000000004,50573.245615128886
2025-04-16,1,57708.838775050055,3154.2183270543137,60863.05710210437,34368.12539529997,11201.750433525242,45569.875828825214,20087.248303005603,16270.67112543454,1266.8879745333015,82,1,2110.6495082915044,35,482.18952038144073,6000.000000000004,6000.000000000002,52410.29126186895
2025-04-17,1,57290.841157270115,1570.8531772112888,58861.694334481406,34148.36710583944,6739.466370623014,40887.83347646245,20248.629787572903,16401.39012793405,2146.1123248425506,62,1,948.0085123324504,21,413.08956168292804,6000.000000000002,6000.0,50485.52198553806
2025-04-18,1,27009.032687159965,957.848376252516,27966.881063412482,13257.267209557911,3317.2802257288204,16574.54743528673,15999.999999999998,12960.0,18572.763880079146,46,1,462.7816761660375,13,531.4678743359084,6000.0,5999.999999999998,26614.78814217917
2025-04-19,1,26912.285357311113,605.9054402017185,27518.19079751283,13205.20034008105,1975.7000813800228,15180.900421461072,16000.0,12959.999999999998,17693.51154751283,36,1,117.63838806985882,6,502.39544716974007,5999.999999999998,6000.000000000003,26635.514759191752
2025-04-20,1,56708.81339378322,1780.6918497838083,58489.50524356702,33655.75826704005,7279.172863929716,40934.931130969766,20339.83271340722,16475.264497859855,2667.192144686328,58,1,685.820224537063,17,536.6218428270633,6000.000000000003,5999.999999999999,51828.241031824604
2025-04-21,1,56362.390044162756,1065.0262576043854,57427.41630176714,33379.487073151155,3693.175412824786,37072.66248597594,20347.873159156276,16481.777258916587,5044.4100181941185,57,1,374.4094376384119,17,1084.3950807230262,5999.999999999999,5999.999999999997,49743.137079674605
2025-04-22,1,55771.67621884802,2420.9932538698727,58192.66947271789,33305.44709982303,8013.8269779180955,41319.27407774113,20075.018217517023,16260.764756188782,2225.4866947229884,71,1,1479.843817302089,28,627.0459104901017,5999.999999999997,6000.0000000000055,50677.76333240624
2025-04-23,1,56238.677621831244,2109.549767858557,58348.227389689804,33398.7870223964,7010.2281757196715,40409.01519811607,20063.070635052918,16251.08721439287,3136.3272523630894,64,1,1522.5624566315144,28,823.4362901509587,6000.0000000000055,6000.000000000002,49254.06395387973
2025-04-24,1,55442.22854739397,684.2513095726897,56126.47985696666,33010.89000903727,2635.7496849937065,35646.63969403098,20093.53770745733,16275.765543040437,5218.600992549767,47,1,214.84851162747037,12,1172.1808983306066,6000.000000000002,6000.000000000001,48730.936486688464
2025-04-25,1,26066.470733443308,771.2925620035479,26837.763295446857,12583.565761401389,3006.7700829352775,15590.335844336665,16000.000000000056,12960.0,21797.405645446797,33,1,303.670609488179,6,588.3185880369596,6000.000000000001,6000.000000000051,26094.202436180465
2025-04-26,1,25991.312441357837,1733.0125312212194,27724.324972579056,12535.857851836161,6917.996322377674,19453.854174213833,16000.000000000002,12960.000000000045,24614.13133924577,68,1,935.4116453179982,23,629.3253980006766,6000.000000000051,6000.000000000004,27468.63593438571
2025-04-27,1,52496.062394928835,2368.6047847536365,54864.667179682474,31257.501371118135,9766.197373143534,41023.69874426167,19437.579425676307,15744.439334797811,2598.055905470643,68,1,533.2171271896685,16,166.48360807155007,6000.000000000004,6000.000000000003,53776.73460804412
2025-04-28,1,52533.42408940131,8791.740838260677,61325.16492766199,31378.866051839977,33394.40933722667,64773.27538906665,19336.350081364548,15662.443565905287,1029.2910955360653,92,1,7033.708928390955,43,452.8677034675598,6000.000000000003,6000.0000000000055,57102.482003219426
2025-04-29,1,53572.51433052748,1486.289906192547,55058.80423672003,31971.431370157356,5808.326275147906,37779.75764530526,19276.76053065438,15614.176029830052,3963.006019229032,48,1,322.94041819976417,13,1313.4484153657431,6000.0000000000055,6000.0,50792.28566548546
2025-04-30,1,53255.61038195831,2651.258720823232,55906.86910278154,31834.87339205971,8780.952217969325,40615.82561002904,19041.72598782375,15423.798050137237,4032.0867317616953,53,1,2032.9303449363667,22,862.7830793798049,6000.0,6000.0000000000055,47860.95338862229
2025-05-01,1,52507.52009180242,4484.344245996657,56991.86433779908,31571.43129163348,20300.29364330118,51871.72493493466,19031.806270190562,15415.763078854361,2364.4423464628794,93,1,881.0607979442801,18,69.01340940443276,6000.0000000000055,5999.999999999996,64701.838218338016
2025-05-02,1,25682.1274416991,6785.127912605985,32467.255354305085,12409.52540455866,30159.080197455536,42568.6056020142,15999.999999999996,12959.999999999995,15136.935270971748,96,1,3370.470164234018,27,53.790442579850605,5999.999999999996,6000.0,40899.235990499306
2025-05-03,1,25908.82419606997,3858.1110366100966,29766.935232680065,12552.014192114844,17821.4812248791,30373.49541699394,16000.000000000002,12960.0,17859.76358268006,84,1,1305.6455926193446,27,114.80796734156706,6000.0,6000.0,37386.25422281764
2025-05-04,1,54480.105398809705,4350.19629940312,58830.301698212825,32353.70436203272,17662.31569748002,50016.02005951274,19384.74500357538,15701.643452896058,3412.532814200174,85,1,1908.57253947794,31,1315.642064563946,6000.0,5999.999999999996,59297.89703542856
2025-05-05,1,55000.8105268682,5898.8033683699,60899.6138952381,32578.715991042787,26980.419270565653,59559.13526160844,19073.41427875849,15449.465565794371,2199.6583822739813,95,1,1862.3518006100435,28,34.477112167954374,5999.999999999996,6000.0000000000055,66647.33531063127
2025-05-06,1,53987.25844882915,5284.919969563668,59272.17841839282,32150.22903150916,23655.947143199075,55806.176174708235,19142.113210693497,15505.11170066174,2765.094541694395,96,1,1668.6436605859806,21,53.277014328953044,6000.0000000000055,5999.999999999998,65255.88529575346
2025-05-07,1,54691.15209318758,5209.005675980867,59900.15776916844,32360.24620017805,23972.749738844523,56332.99593902258,19518.109609325045,15809.668783553285,1123.870993396686,103,1,1346.689036096855,25,110.05944097907593,5999.999999999998,6000.000000000002,66239.81328665795
2025-05-08,1,56061.67735522996,5188.728443067698,61250.40579829765,33750.7729205303,20194.665769002073,53945.43868953237,19879.679767341517,16102.540611546632,1646.75424250277,93,1,3266.556247314496,43,662.5096876525099,6000.000000000002,6000.000000000002,58695.10195907015
2025-05-09,1,26764.932269923673,1914.5292774914005,28679.461547415074,13249.77621161774,8977.961041361661,22227.7372529794,15999.999999999996,12960.000000000002,17140.075697415075,62,1,238.05074912770533,9,210.4083562216836,6000.000000000002,6000.000000000003,33065.59989633402
2025-05-10,1,26688.68002528434,3825.095286818755,30513.775312103095,13195.18774380194,16483.673799416418,29678.861543218358,16000.0,12960.000000000002,15352.730028769762,77,1,2114.752072042374,27,233.9911250117496,6000.000000000003,6000.000000000002,33563.99001804459
2025-05-11,1,56376.62399410218,4625.363454910424,61001.9874490126,33546.55776101193,19405.13453004925,52951.692291061176,19929.56032003886,16142.943859231475,1731.2919048718795,97,1,2490.741949601453,36,911.8482536771737,6000.000000000002,6000.000000000001,58696.59089519836
2025-05-12,1,57311.74272760106,3569.2540937670406,60880.9968213681,34008.250238785666,13199.889167617423,47208.13940640309,19725.401886099306,15977.575527740435,5201.975229675895,73,1,1863.1080399601453,24,2809.0872073299115,6000.000000000001,6000.000000000004,55778.512077991276
2025-05-13,1,56679.083452040155,2111.8270966950577,58790.91054873521,33699.42781768279,9508.437772557389,43207.86559024017,19494.094691542534,15790.216700149454,1957.8197906754622,66,1,732.6675990844662,19,531.859951961724,6000.000000000004,6000.000000000003,53861.565580865856
2025-05-14,1,57134.37034990999,2324.325098167056,59458.695448077044,33930.26958152545,9969.91195860025,43900.181540125704,19368.541433158727,15688.518560858573,2764.523792443552,72,1,650.7495376149141,21,882.6762498646426,6000.000000000003,6000.0,54930.52584244031
2025-05-15,1,57188.07282479738,2344.4539193324313,59532.52674412981,34318.86111853802,9193.263928038594,43512.12504657661,19207.15208456371,15557.793188496607,3118.109564729378,66,1,454.5271855347511,15,893.1146104384029,6000.0,6000.000000000001,55150.314240563835
2025-05-16,1,26611.713260336885,1537.8221427828857,28149.53540311977,13313.92373858205,5959.799264492147,19273.7230030742,16000.0,12960.0,22394.028869786438,54,1,373.49498657154186,10,622.8007141550574,6000.000000000001,6000.0,30340.010731291735
2025-05-17,1,26702.812225398076,3575.1495650085553,30277.961790406633,13333.138813856189,15758.399381243988,29091.538195100176,15999.999999999998,12960.0,16789.1627070733,80,1,1942.4055496597307,25,467.8666776267547,6000.0,6000.0,32865.15462649216
2025-05-18,1,55531.16750827651,3618.415075636835,59149.58258391334,33466.968106620065,12833.136591941698,46300.104698561765,18167.203574263578,14715.434895153498,2021.6458048032603,86,1,1690.2606205393588,29,177.75184436579946,6000.0,5999.999999999996,54708.534053701784
2025-05-19,1,55446.70672134767,1586.9976768324786,57033.70439818015,33249.37416191229,7825.79265110984,41075.16681302213,18307.087465930606,14828.740847403791,6040.1412296533335,58,1,447.44934359314175,16,347.15852932528594,5999.999999999996,6000.000000000003,52031.87334391276
2025-05-20,1,54802.27951062533,4477.783810768338,59280.06332139367,32930.29018507812,17410.551960858094,50340.842145936214,18503.215854915,14987.604842481152,1237.0574922931564,86,1,2835.3392121096776,35,395.4654216381847,6000.000000000003,6000.0000000000055,54449.73794690723
2025-05-21,1,55232.1632039088,3205.8267096807867,58437.98991358958,33188.227574120625,13665.942434515555,46854.17000863618,18368.533931311846,14878.512484362602,3585.3531833070106,75,1,1280.9563316423214,24,971.0987980439136,6000.0000000000055,6000.000000000006,55073.41282698088
2025-05-22,1,54854.159173172426,1646.7869065158955,56500.94607968832,33292.823868890766,6676.894644887246,39969.71851377801,18142.139480665897,14695.132979339385,2237.3087616951443,68,1,683.9541269518545,21,317.629241707554,6000.000000000006,6000.0,50735.665824348616
2025-05-23,1,26597.296236949413,2239.4850171009343,28836.781254050347,13395.035418397089,8913.893794467731,22308.92921286482,16000.000000000002,12959.999999999998,19375.83237071701,72,1,1380.7711738828407,24,170.92092997010857,6000.0,6000.000000000004,28470.986420619312
2025-05-24,1,27002.250864778256,1133.7352539460082,28135.986118724264,13662.963359146488,4453.748986522519,18116.71234566901,16000.000000000002,12960.000000000002,21341.48473539093,46,1,307.1687102250295,8,484.9755666882855,6000.000000000004,6000.000000000002,28382.62220620917
2025-05-25,1,54672.923322243136,1268.6877799221713,55941.611102165305,33159.76293240041,5678.237872711562,38838.000805111966,18115.231120911198,14673.337207938073,3954.7070058588483,50,1,236.26288373000324,12,898.9418490929249,6000.000000000002,5999.999999999997,51224.74086742877
2025-05-26,1,53668.40399401421,5688.370944929785,59356.77493894399,32668.130052598306,21257.176008315993,53925.3060609143,17814.92410879623,14430.08852812494,1392.106408272703,82,1,3728.0139182636813,30,141.69818413701051,5999.999999999997,6000.0000000000055,54657.69092253904
2025-05-27,1,54955.65457133128,1762.8061746009832,56718.460745932265,33346.49011600448,7213.582283980694,40560.072399985176,18070.549730076797,14637.145281362205,3894.6889972176764,64,1,827.3931069774217,18,673.4582078487763,6000.0000000000055,6000.000000000004,50394.36054369498
2025-05-28,1,54355.91354563877,4309.721809888523,58665.63535552729,33058.697494852815,15396.04149246456,48454.738987317374,17882.674072188318,14484.965998472542,2994.103181811513,78,1,2812.573100564926,27,88.11200257646664,6000.000000000004,6000.000000000001,53263.40324853432
2025-05-29,1,54322.303098817494,4594.2377331058615,58916.540831923354,33026.82080353901,18975.39295689379,52002.2137604328,18160.66433151071,14710.138108523677,1355.8911089363246,96,1,2396.738940263756,34,180.49006876562655,6000.000000000001,5999.999999999998,57292.326589212644
2025-05-30,1,26745.829818646253,2779.844284702875,29525.674103349127,13488.120049276902,11277.792111314908,24765.91216059181,16000.0,12959.999999999998,19889.440836682457,59,1,1780.1873234983934,24,312.7134289774969,5999.999999999998,6000.0,29577.151756789222
2025-05-31,1,27173.67388850695,2906.1079564247193,30079.78184493167,13795.386437229801,11996.986488833458,25792.372926063257,15999.999999999996,12959.999999999996,18650.600294931668,64,1,1805.728926193297,18,280.84303627450925,6000.0,6000.000000000003,29258.554389279874
2025-06-01,1,56158.21424318721,18770.506812590007,74928.72105577722,33983.45443780694,73625.4760211446,107608.93045895154,18717.95457102171,15161.543202527588,147.4833872831012,134,1,11276.667728473674,48,110.27031634989572,6000.000000000003,6000.0,96320.32126915813
2025-06-02,1,57716.286019418636,15450.393210625463,73166.6792300441,34673.348129327875,63582.05744399821,98255.40557332608,18957.15602427266,15355.296379660856,924.012135432293,128,1,5277.139016238039,34,0.0,6000.0,6000.000000000002,99308.27559204413
2025-06-03,1,58849.608060966755,13000.759496144234,71850.36755711099,35432.89401317888,53418.959583694406,88851.85359687329,18905.527427753652,15313.477216480458,65.95051250446454,140,1,4868.242223717408,46,7.713928085462044,6000.000000000002,6000.0,91647.7477479118
2025-06-04,1,60459.200568788234,13017.707680497437,73476.90824928567,36231.26356652632,49282.66801217051,85513.93157869684,19332.11878904748,15659.016219128456,158.544862699979,134,1,6181.566230023689,44,127.80459005978196,6000.0,6000.000000000002,85576.52497622484
2025-06-05,1,61543.785411240635,13408.123563618337,74951.90897485898,36906.58520816019,51769.98792299135,88676.57313115154,19709.697084205127,15964.854638206154,57.748512193333006,139,1,4593.46074827703,42,40.84670203598205,6000.000000000002,6000.000000000004,93551.41429007742
2025-06-06,1,27387.455009540725,14429.919236504804,41817.374246045525,13972.832615439489,58158.001272875146,72130.83388831464,15999.999999999998,12960.000000000002,7922.378846045533,116,1,6936.988496282404,31,0.0,6000.000000000004,6000.000000000005,61197.17100616683
2025-06-07,1,28051.796363249854,11405.288789791892,39457.08515304174,14393.518195932327,44930.03285475775,59323.55105069008,15999.999999999998,12960.000000000007,5290.57198637509,117,1,5400.242302212698,33,52.10446752862214,6000.000000000005,5999.999999999998,54449.33377177944
2025-06-08,1,71084.62019517539,3771.360455783659,74855.98065095904,42951.21657296641,14909.683976126651,57860.90054909306,21816.213569070147,17671.132990946815,5525.976806169046,83,1,902.539091898371,19,3751.77222708251,5999.999999999998,6000.000000000003,68685.21720858596
2025-06-09,1,69674.90948140294,6732.684952348058,76407.594433751,42066.51709709581,27181.11973399855,69247.63683109437,21462.948144806014,17384.987997292876,1396.9215529045186,116,1,1554.058519773279,26,755.670236151374,6000.000000000003,6000.0,78837.11689574942
2025-06-10,1,70258.75125052055,6753.2327679281125,77011.98401844867,42464.10387145353,25953.189043060116,68417.29291451364,21713.427422419118,17587.876212159495,1267.9885748557126,113,1,1714.4251940236506,28,715.3394076476216,6000.0,6000.000000000001,77858.61659629377
2025-06-11,1,71003.76997668206,9598.528214899521,80602.29819158158,42763.39584498275,41666.415020742264,84429.81086572501,21707.885994981465,17583.38765593499,393.3535358684418,121,1,2379.8095736187106,27,0.0,6000.000000000001,6000.000000000002,94012.27960703774
2025-06-12,1,71950.14236794991,5858.383857170121,77808.52622512003,43590.70868427367,24079.492122235537,67670.20080650921,22312.69943097579,18073.286539090386,1116.7218999013005,106,1,1418.7074824572796,23,565.8608444842349,6000.000000000002,6000.000000000005,77849.99889606217
2025-06-13,1,30923.469364714336,4511.755477751778,35435.224842466116,16692.893821895257,18506.390277228646,35199.284099123906,15999.999999999996,12960.000000000004,4049.911142466121,100,1,1214.6432858289663,20,55.964769273212426,6000.000000000005,6000.0,44236.25509230012
2025-06-14,1,31196.09480910646,5461.665469587166,36657.760278693626,16828.615611658897,19894.656929624547,36723.27254128345,16000.000000000002,12959.999999999998,7424.417528693622,97,1,2179.3125400315826,32,407.3840886488823,6000.0,6000.000000000002,43849.53313483354
2025-06-15,1,73781.55707408939,3171.6206134209438,76953.17768751034,45004.878023290075,12909.206170320254,57914.08419361033,22349.14640304245,18102.808586464384,2079.8655375989288,74,1,1163.82980712876,21,830.725606588272,6000.000000000002,6000.0,67327.7100928729
2025-06-16,1,74347.09292124327,4085.9012321621294,78432.9941534054,45417.685507729366,16261.326792196767,61679.01229992613,22372.670623572652,18121.863205093847,1488.1339182599208,106,1,1049.200579041416,20,362.2347252166628,6000.0,6000.0,71862.36037100034
2025-06-17,1,74549.14597970748,5711.265098292073,80260.41107799955,45525.68857681128,22917.898564838582,68443.58714164986,22360.634758370463,18112.114154280076,1374.8792572424927,100,1,1436.1502632132053,25,875.9833481773906,6000.0,6000.0,78179.3358527724
2025-06-18,1,75422.42613897465,2653.8360700289522,78076.2622090036,46061.92418518761,10621.50262727952,56683.42681246713,22465.581301168328,18197.120853946348,2879.4108617816214,73,1,709.8422608933512,17,1820.37535733085,6000.0,6000.0,66495.78608871794
2025-06-19,1,74672.45684080147,2513.159232914108,77185.61607371559,45670.54587095592,10707.716468308543,56378.26233926446,22456.314466120228,18189.614717557386,4659.412125152741,68,1,218.32208778034766,9,1518.3308723563227,6000.0,6000.000000000002,67131.03674422021
2025-06-20,1,32078.49172349369,1862.940223163763,33941.43194665745,17709.361960214217,6708.4943586779955,24417.85631889221,16000.000000000002,12960.000000000002,8500.851096657452,53,1,388.4648584212209,8,757.946426418889,6000.000000000002,6000.000000000002,35957.631793707806
2025-06-21,1,32415.681100900492,1515.022077884309,33930.7031787848,17835.917727733216,5538.380800056227,23374.298527789444,15999.999999999998,12960.000000000002,11555.962778784804,55,1,189.66939923580208,8,392.9367274397,6000.000000000002,5999.999999999997,35190.98531614988
2025-06-22,1,73872.82579820577,2069.6443182683834,75942.47011647416,45234.21254090752,7599.655565326562,52833.868106234084,22182.0323584731,17967.446210363203,4270.542868364254,53,1,594.8980608839512,18,1971.0410169213967,5999.999999999997,6000.0,63061.225560181854
2025-06-23,1,73393.04445204699,1747.482924573725,75140.52737662071,44951.927879926356,7580.633744957187,52532.56162488354,21860.66424668915,17707.13803981821,3925.7151697497748,61,1,132.99104769048608,7,893.6533192788509,6000.0,6000.0,63533.52220508022
2025-06-24,1,72435.61193518343,8794.135198143558,81229.747133327,44385.55629128227,35653.6082008304,80039.16449211267,21642.931699715427,17530.7746767695,848.797860381064,108,1,3821.524726958435,28,185.36757732784338,6000.0,6000.0,86348.29952129639
2025-06-25,1,72873.92952799927,3855.201699838327,76729.1312278376,44532.108967689244,14580.780368990156,59112.8893366794,21831.916062270284,17683.852010438928,2143.6458093395713,75,1,2202.8884089372677,24,448.5281175192213,6000.0,6000.0,66967.02608335801
2025-06-26,1,73036.08244226249,2468.5535986633613,75504.63604092585,44788.98255040452,10350.47657353097,55139.45912393549,22155.661682806356,17946.085963073147,3747.676487859302,71,1,698.5416226195193,17,1050.7735465173982,6000.0,6000.0,65045.00377383055
2025-06-27,1,32210.527566914818,994.2039781804008,33204.731545095216,17872.96295120973,3793.9664030260956,21666.929354235825,15999.999999999998,12959.999999999998,10393.085678428553,48,1,101.52232839095416,5,249.48789610287082,6000.0,6000.000000000002,33197.46890468782
2025-06-28,1,32673.81789609911,1688.567003366985,34362.384899466095,17971.56422146513,6348.165493834524,24319.729715299654,15999.999999999998,12960.000000000002,9545.458782799431,50,1,673.3268043755756,12,513.4672038125311,6000.000000000002,6000.000000000002,34029.85775410068
2025-06-29,1,74001.20601452404,2949.389961462978,76950.59597598702,45334.83520217344,9880.167845887623,55215.003048061066,22498.887319485762,18224.09872878347,3408.038851951381,66,1,1544.5689133814612,19,1523.6796320201895,6000.000000000002,6000.0,63587.27283827522
2025-06-30,1,74358.75702996083,2916.229990715885,77274.98702067672,45678.40420198713,10758.277035484125,56436.68123747125,22444.650601613273,18180.16698730675,3132.819423036865,69,1,1063.5546021046007,17,1559.6901462025082,6000.0,6000.0,65478.1323216116
2025-07-01,1,74708.27744863006,9324.647565774636,84032.9250144047,45879.28705792484,33056.263856788624,78935.55091471347,21948.157940793484,17778.007932042725,996.2309723206045,117,1,2146.710851063111,26,564.9498211907569,6000.0,6000.0,88968.50007767619
2025-07-02,1,72811.86424967494,8588.05039196793,81399.91464164287,44503.832761994505,30787.677198933256,75291.50996092777,21952.41154839418,17781.453354199286,4324.190080781306,92,1,1423.01745393285,15,2362.475563634313,6000.0,6000.0,86714.56455347915
2025-07-03,1,71098.34228037993,13187.379316352724,84285.72159673266,43645.78435829389,49002.42951718614,92648.21387548003,21412.761311431022,17344.33666225913,456.8780142274353,131,1,3549.13159166808,32,389.651981219332,6000.0,6000.0,100116.16286492422
2025-07-04,1,32310.225614437986,10665.878703617023,42976.10431805501,17898.929416232746,39879.521942777224,57778.45135900997,16000.000000000004,12960.0,11055.23685138834,109,1,2167.4908602795513,22,64.88514416840565,6000.0,6000.000000000003,63889.494980263145
2025-07-05,1,32580.868232154604,10757.71245064106,43338.58068279566,17835.301692967358,40308.92911735077,58144.230810318135,15999.999999999996,12960.000000000002,11508.500716129,108,1,1793.9019713477287,21,17.922720376741154,6000.000000000003,5999.999999999998,65919.37380899212
2025-07-06,1,67839.548466281,15921.603849936087,83761.15231621709,41631.161855202896,63022.73250086302,104653.89435606592,20097.99827541473,16279.37860308593,148.55109388829192,135,1,5022.462415831974,38,109.06334616584786,5999.999999999998,6000.0,109764.5949166283
2025-07-07,1,67083.07499476681,10944.897105606946,78027.97210037375,41307.22965216441,39040.54913296585,80347.77878513026,19879.067192723312,16102.044426105878,841.4665670896555,119,1,3231.1101154907615,36,603.4359863797865,6000.0,6000.000000000003,87209.20298577934
2025-07-08,1,71495.0280545294,9207.28652170587,80702.31457623527,44400.70127209356,37307.807924872686,81708.50919696625,19957.966470388634,16165.952841014794,1338.9139301947616,123,1,1669.9323701351702,22,17.03446186904273,6000.000000000003,6000.000000000002,91503.41265330398
2025-07-09,1,70721.07040589783,8261.314891294913,78982.38529719274,44055.35694913067,30788.01344535059,74843.37039448126,19879.986848346096,16102.78934716034,1146.4627793403265,124,1,2754.3104098377617,36,347.6957309270017,6000.000000000002,6000.000000000002,81609.82306315476
2025-07-10,1,71327.188151819,6562.212925930108,77889.40107774912,44600.313416289406,24507.405290288996,69107.71870657841,20339.051258798318,16474.63151962664,1171.3579552441097,111,1,1406.8967054057882,23,169.77606671272537,6000.000000000002,6000.0,79622.19931184773
2025-07-11,1,35841.04710064482,8142.806719211178,43983.853819856,20410.464448480525,28452.18669933483,48862.651147815355,16000.0,12959.999999999998,8425.076669855995,111,1,2587.1372532156497,23,0.0,6000.0,6000.000000000004,53949.33443251056
2025-07-12,1,36211.69993044385,7164.199016942081,43375.89894738593,20495.511211741832,27263.26520696973,47758.77641871156,16000.000000000002,12960.000000000002,9251.655614052599,111,1,1838.448286654259,23,7.551799578891973,6000.000000000004,6000.0000000000055,54751.19979780853
2025-07-13,1,71118.49649592687,5219.929487296263,76338.42598322313,44268.80210072918,20348.81921845982,64617.621319189,20133.083085179216,16307.797298995169,3245.4197970390824,100,1,981.7998569539233,17,349.97844045269153,6000.0000000000055,6000.0,76567.06155700046
2025-07-14,1,69812.07807050273,6905.253928045047,76717.33199854777,43449.56182496333,27629.9532363309,71079.51506129424,19938.7387788215,16150.378410845411,1121.2924139050251,117,1,2071.216394213526,35,799.9527338973173,6000.0,6000.0,78516.92289313268
2025-07-15,1,74035.81870103069,5533.533658672199,79569.35235970288,46345.86131540885,18850.422955969654,65196.28427137851,20584.268433665624,16673.25743126915,2909.290773973078,85,1,3362.8189542261216,27,1690.0243522991746,6000.0,6000.0,69192.17425511689
2025-07-16,1,73181.74291838025,5019.82780717576,78201.57072555601,45742.52220793629,17961.33931141935,63703.86151935563,19956.393531835973,16164.678760787134,2275.2925711738367,95,1,1586.9997591854208,28,991.5318621181352,6000.0,6000.0,72811.40691073093
2025-07-17,1,73100.5036902598,4962.70859770459,78063.21228796439,45907.10989204739,20165.683008996675,66072.79290104406,19829.01844524354,16061.504940647266,1575.2827167014436,105,1,837.4103092812983,25,275.64428222228463,6000.0,6000.000000000002,77166.30719991062
2025-07-18,1,38450.49814595811,4474.237068074749,42924.73521403286,22162.49662717287,16974.759652407047,39137.25627957992,16000.000000000002,12960.0,8610.48711403286,97,1,2156.727666053805,28,244.64062754779758,6000.000000000002,6000.0,43988.35742672675
2025-07-19,1,38509.08584641024,3625.4719346051193,42134.55778101536,22134.070061139533,14195.2568014327,36329.326862572234,16000.0,12959.999999999998,11911.73873101536,89,1,622.73558209821,18,336.3386133955593,6000.0,6000.0,46449.53428558478
2025-07-20,1,72206.76658966695,4654.520903504225,76861.28749317117,45385.90722657906,16974.082778157845,62359.9900047369,19617.818982528795,15890.433375848323,1043.9236698240347,106,1,1947.650886230333,33,328.81190308593125,6000.0,6000.000000000002,69099.0985559438
2025-07-21,1,73255.42741826957,5494.7521965832,78750.17961485276,45902.52490918043,20575.387804794384,66477.91271397482,19699.411183180368,15956.523058376102,1017.5421400485029,100,1,1744.543992087306,23,124.8004568909443,6000.000000000002,6000.0,74322.47648203993
2025-07-22,1,76492.44300346766,3641.863532953587,80134.30653642125,47994.94451095784,14028.807239308915,62023.75175026675,20401.121263052573,16524.908223072583,2462.948879774592,87,1,2080.825256858986,31,638.7472829084647,6000.0,6000.0,69078.69171408295
2025-07-23,1,76612.35911299032,3411.8300979442834,80024.18921093461,48041.72034478838,13840.907910857826,61882.62825564621,20455.47369314467,16568.933691447182,1921.1020925704488,91,1,854.3201561530663,23,482.50244625702635,6000.0,6000.000000000002,71650.00209932911
2025-07-24,1,76906.01217855704,3796.8496098875826,80702.86178844461,48340.45169154771,14541.780183142382,62882.23187469009,20937.228880777264,16959.155393429584,3108.316301096946,81,1,2097.0404433017507,27,1770.2813887297195,6000.000000000002,6000.0,70238.62048761883
2025-07-25,1,40179.22046242645,1215.264462530786,41394.484924957236,23403.25228934845,4741.141139112405,28144.393428460855,15999.999999999998,12959.999999999998,11849.165358290566,48,1,104.77188324215615,6,372.9604519316449,6000.0,6000.0,39883.26248263228
2025-07-26,1,40557.7966083714,2254.6570581439287,42812.45366651533,23668.582105225443,7595.685936466534,31264.26804169198,16000.000000000004,12960.000000000002,11303.362099848659,62,1,1078.7445031677098,17,173.11607639915024,6000.0,5999.999999999997,40010.7931887195
2025-07-27,1,76346.57773237738,3490.623666652571,79837.20139902995,47927.38782529281,14337.703503034794,62265.09132832761,20470.89936213412,16581.428483328633,2262.5407202244605,82,1,504.41626662342924,16,165.8770849359874,5999.999999999997,6000.000000000002,73549.85089866932
2025-07-28,1,76935.34244956546,6078.203465240732,83013.5459148062,48219.58593559839,23419.613624764228,71639.19956036261,20884.234443143567,16916.22989894629,1090.66413727558,95,1,2957.3423961611516,30,369.0613515434358,6000.000000000002,6000.0,75528.85663821654
2025-07-29,1,79752.83806073491,3513.1762595858513,83266.01432032076,49991.79200722923,12751.91607551065,62743.708082739875,21646.63442318016,17533.773882775928,3083.9078299165267,57,1,2598.0634573543525,24,729.8557124255053,6000.0,6000.0,68815.34331986589
2025-07-30,1,80252.30724798035,1843.818628268759,82096.1258762491,50259.7353665548,7849.318554356403,58109.0539209112,21560.373352560197,17463.90241557376,3896.4008892626807,57,1,354.9291118258049,11,1404.6091127892755,6000.0,6000.0,68820.63953220058
2025-07-31,1,79959.41817834837,1918.4417520933234,81877.85993044169,50051.29153503649,8246.32781808316,58297.619353119655,21497.045722239407,17412.60703501392,3098.424976549543,61,1,567.6935768794767,18,695.159173121462,6000.0,6000.0,68693.47304788852
2025-08-01,1,41339.51185039573,759.3343259865034,42098.846176382234,24193.184963911634,2467.474515590442,26660.659479502076,16000.0,12960.0,17807.486509715563,33,1,52.02252467429935,1,1140.018654702686,6000.0,6000.000000000001,38812.52477125758
2025-08-02,1,41562.008689082206,386.32923031037996,41948.33791939259,24386.090802007857,1569.4735927127983,25955.564394720655,16000.0,12960.0,17981.312986059253,21,1,5.160392038426153,1,690.6205364831825,6000.000000000001,6000.0,38041.931472985685
2025-08-03,1,77968.05285293217,818.7088918400931,78786.76174477227,48865.40154012732,3238.6687201318755,52104.0702602592,21411.983944283485,17343.706994869626,11879.004812025072,35,1,168.7460446280534,6,3622.236151736129,6000.0,6000.0,64208.471571706585
2025-08-04,1,76491.17269407529,524.9877901819801,77016.16048425727,48035.941929106506,1804.1456414798126,49840.08757058632,20589.426934563704,16677.435816996596,7688.514283356828,27,1,53.72706669956574,3,2584.010370618314,6000.0,6000.000000000002,61972.982845209044
2025-08-05,1,74589.31527604599,761.0524572979538,75350.36773334394,47029.84302701763,2855.4581553250973,49885.30118234273,20027.2618314405,16222.082083466808,6392.878252036914,36,1,239.49100353711947,8,1794.3957518808843,6000.000000000002,6000.000000000002,61636.17277630289
2025-08-06,1,73333.66874732591,2873.846842739648,76207.51559006555,46382.35466211389,11526.40662422378,57908.76128633767,19757.665097238496,16003.708728763182,4339.159954923577,55,1,1085.6547911736516,20,1588.572150861014,6000.000000000002,6000.0,67201.29398209938
2025-08-07,1,72044.21891988756,963.2811699086366,73007.50008979619,45692.949869345895,3433.7952866069136,49126.74515595281,19967.551807507276,16173.716964080897,5825.67999636982,39,1,216.72785675088903,8,1038.9320473643143,6000.0,5999.999999999998,62008.6826813894
2025-08-08,1,40192.50232211569,628.1623064115587,40820.66462852724,23360.175724148612,2641.7952456944113,26001.970969843023,16000.000000001117,12959.999999999998,22005.49337852613,31,1,78.913499223582,3,545.4225142349553,5999.999999999998,6000.000000001009,38018.15072953035
2025-08-09,1,40168.62195046156,1409.6599453781535,41578.28189583971,23398.258681539945,5449.048359151108,28847.307040691052,16000.000000000002,12960.000000000906,19616.352895840617,38,1,739.3179043248183,12,725.7313533011858,6000.000000001009,5999.999999999999,38345.41109509934
2025-08-10,1,69651.19734609601,2843.366917209034,72494.56426330504,44525.10391847973,10228.582600293066,54753.686518772796,19670.34348568676,15932.978223406275,3452.5799510245683,50,1,2348.3751688699663,26,1020.2626378029054,5999.999999999999,5999.999999999996,60436.32009508321
2025-08-11,1,70461.94524396828,2112.8843998524267,72574.8296438207,44851.538356505436,8948.540939693003,53800.07929619844,19724.447916035093,15976.802811988418,4265.931206440694,54,1,1092.4712812804332,22,519.1110520848595,5999.999999999996,6000.000000000002,64221.474281566916
2025-08-12,1,69903.07717513453,3825.1417395108397,73728.21891464537,44478.262130404146,16003.71672678126,60481.97885718541,19721.15150671106,15974.132720435959,2220.6564783702725,72,1,2379.856507233094,35,1003.874616662906,6000.000000000002,6000.000000000002,65192.53347714701
2025-08-13,1,70466.81814981239,2931.0967573684516,73397.91490718084,44848.91945894453,11557.750016792574,56406.66947573711,19648.63770071853,15915.396537582012,3543.6942940443255,54,1,2282.9821291184935,26,861.7941622572507,6000.000000000002,6000.0,61221.93363764544
2025-08-14,1,69775.25839018954,2700.270412685882,72475.52880287543,44377.91153805334,11888.316289737044,56266.22782779039,19682.611708228575,15942.915483665145,2809.5415949786584,75,1,662.7165057103389,22,212.78234783242152,6000.0,6000.0,67427.38244452023
2025-08-15,1,39808.90795229635,1200.2009651627104,41009.10891745906,23177.729497074197,4342.439309129827,27520.168806204023,15999.999999999998,12960.0,20809.38203412573,46,1,248.7622710648019,9,392.6477151533095,6000.0,6000.0,38775.15988405357
2025-08-16,1,39879.20170592277,1088.5522260842606,40967.753932007035,23250.13198078179,4714.928758433823,27965.060739215613,16000.000000000005,12959.999999999998,20998.47356534036,44,1,382.2596784182135,12,431.0398311666943,6000.0,6000.000000000002,38293.29569015571
2025-08-17,1,70071.74425545691,1308.0657014898607,71379.80995694677,44639.10412088757,5480.196789635167,50119.30091052274,19576.14152783957,15856.674637550053,4494.949449990596,53,1,159.4031864747244,12,764.1035367604759,6000.000000000002,6000.000000000002,62920.99122182099
2025-08-18,1,69992.89900102023,2133.9650515819762,72126.8640526022,44483.29060409378,9712.076995143672,54195.367599237456,19863.123824045815,16089.130297477112,3958.75490936683,59,1,682.6510429116611,17,464.5486755221546,6000.000000000002,6000.0,64933.67823262652
2025-08-19,1,69795.02374998393,1764.4936473812354,71559.51739736517,44436.86898019306,6938.989815904013,51375.85879609707,19809.2161898623,16045.465113788468,3478.1062712913326,54,1,675.0036883386911,16,1027.1143154766603,6000.0,6000.0,62660.69092414044
2025-08-20,1,69531.96302895865,6728.835632582301,76260.79866154095,44253.35428949363,27501.859287544044,71755.21357703768,19802.196450625986,16039.77912500705,1847.6902692553508,93,1,3602.8563372746444,38,100.04265213185931,6000.0,6000.0,74500.67611373462
2025-08-21,1,70044.42343104682,2698.7935018658504,72743.21693291266,44570.73028169357,10265.844090895669,54836.57437258924,20451.06164984347,16565.359936373206,3013.096736109073,58,1,2047.4865951628994,30,1324.5428153544633,6000.0,6000.000000000002,61556.49621300844
2025-08-22,1,39855.398739524,3034.217838663924,42889.61657818792,23155.497437296486,12375.80937240406,35531.306809700545,15999.999999999998,12960.000000000002,18619.04717818792,66,1,1626.8170444306593,23,453.02136645987235,6000.000000000002,6000.000000000001,41354.64414601185
2025-08-23,1,39871.435586976666,1242.276389051194,41113.71197602786,23224.13697644088,4659.662643081382,27883.799619522262,15999.999999999998,12960.0,15543.705826027863,48,1,513.0501565478557,12,379.1536568552247,6000.000000000001,6000.000000000001,38026.21589662106
2025-08-24,1,71201.76964689494,1733.2202211418835,72934.98986803682,45202.928455590845,7268.621465042496,52471.54992063334,20215.490838988837,16374.547579580958,5360.457125295616,65,1,260.7486234137967,10,529.9715553240075,6000.000000000001,6000.0,65012.57536204171
2025-08-25,1,71520.12984151099,4945.031679439967,76465.16152095096,45355.37651621951,18620.9890675577,63976.36558377722,20354.644773772634,16487.26226675584,1824.6919972674946,78,1,2562.8255356494287,30,476.0918735472704,6000.0,6000.0,68940.21714635298
2025-08-26,1,72114.01969304787,1426.4275233620988,73540.44721640997,45737.55214136651,5938.039584752305,51675.591726118815,20014.20180229448,16211.503459858526,4208.930490640681,53,1,192.7485660350044,8,652.4985009691119,6000.0,6000.0,63889.88952816618
2025-08-27,1,72348.66723222205,2303.9570754309816,74652.62430765304,45939.36630369624,10458.575717245738,56397.94202094198,20037.45357224367,16230.337393517371,2931.3592622600695,69,1,477.1829933543902,17,243.84825315079007,6000.0,6000.0,67915.63916856752
2025-08-28,1,71894.7778277219,5633.141769521369,77527.91959724328,45821.54018191835,21496.88347675246,67318.42365867081,20383.833138042715,16510.9048418146,2887.196317681834,74,1,4112.313949533775,27,554.6270966781337,6000.0,6000.0,68447.00808525256
2025-08-29,1,40687.156304722426,1178.0597541020436,41865.21605882447,23905.09668649855,4952.3378639865905,28857.43455048514,15999.999999999998,12960.0,16269.99570882447,40,1,225.49115251348815,9,280.1983300302669,6000.0,6000.0,40475.81575793119
2025-08-30,1,40592.734762803375,1413.6633918598388,42006.39815466321,23811.65113836661,5117.551465994944,28929.202604361555,16000.000000000005,12959.999999999998,20453.678321329873,50,1,587.4796609224966,12,893.2196564106176,6000.0,6000.000000000004,39492.27178057034
2025-08-31,1,72610.33030230291,1810.3411417658356,74420.67144406875,46327.26051890193,6787.457192025039,53114.71771092697,20478.91948635402,16587.924783946757,3883.05365832816,52,1,980.4894228780109,22,1165.1555919331483,6000.000000000004,6000.000000000002,63357.85877117198
2025-09-01,1,73176.89390882626,450.6533253022026,73627.54723412846,46463.71111308822,1664.3239732391082,48128.03508632733,20587.841731850913,16676.15180279924,16141.722771743454,8,1,450.6533253022026,8,4146.745197598366,6000.000000000002,6000.0,59628.68494358868
2025-09-02,1,72154.58087843173,280.5100054264664,72435.0908838582,45907.66785826152,1307.2866437106356,47214.954501972155,20078.92246256875,16263.927194680691,14562.33976597014,16,1,68.1506658253902,4,1859.8689866335787,6000.0,6000.0,60018.35406295465
2025-09-03,1,72049.94698535414,39.18642997950849,72089.13341533365,45844.31685935964,154.68217245152002,45998.99903181116,20076.079767865445,16261.624611971012,12726.96100943921,3,1,1.4775952785139452,1,3227.0896050626952,6000.0,6000.0,59092.575228125854
2025-09-04,1,72209.06662592966,120.04753419340909,72329.11416012306,46009.583354582595,594.2890914193023,46603.8724460019,19990.706351961282,16192.472145088639,14605.314403250422,7,1,0.0,0,2519.7124573825495,6000.0,6000.0000000000055,59550.02410302318
2025-09-05,1,40511.7158731083,235.0683988419529,40746.78427195025,23810.371037604215,662.3430805318144,24472.71411813603,16000.000000000002,12960.000000000004,30882.522605283586,5,1,186.72325544150544,3,2317.5673488823713,6000.0000000000055,5999.999999999999,36346.14098695588
2025-09-06,1,40686.52347530408,108.6689518968661,40795.19242720094,23925.912302530982,439.94616573822304,24365.858468269205,15999.999999999998,12960.0,30034.108727200946,7,1,0.0,0,2105.914621971875,5999.999999999999,6000.0,36603.99654520212
2025-09-07,1,71230.55468565923,830.0906535437005,72060.64533920292,45506.00735169552,3653.9096092761993,49159.91696097173,20573.842487131944,16664.81241457687,13190.631649981198,22,1,497.6410006730216,13,2247.7852579380747,6000.0,5999.999999999998,60897.500306386304
2025-09-08,1,66468.72333492557,2796.3186577068454,69265.04199263241,41905.32540885028,11886.668652720911,53791.99406157119,20524.05675429655,16624.485970980204,5969.901675982738,48,1,2061.7014866100835,28,1592.0289435602424,5999.999999999998,5999.999999999998,59982.60179513434
2025-09-09,1,67331.00462921135,274.9520843597846,67605.95671357114,42513.17257478784,1147.627165854986,43660.79974064282,20634.961455438814,16714.318778905443,10582.479770371096,13,1,0.0,0,1975.5826158526475,5999.999999999998,5999.999999999998,57138.76736845054
2025-09-10,1,66940.54852666448,4731.250596114152,71671.79912277864,42443.52640441591,21138.371955287068,63581.89835970298,20395.53067249288,16520.37984471923,6480.649645004977,49,1,3025.4626886911824,26,918.2197347874719,5999.999999999998,6000.000000000002,66192.8461270922
2025-09-11,1,67770.56705652247,421.23872591412464,68191.8057824366,42889.197862113215,2264.7126974256626,45153.910559538876,20496.584234401642,16602.23322986533,10801.368994566948,8,1,0.0,0,1605.346950145694,6000.000000000002,6000.000000000004,58623.356534814804
2025-09-12,1,36917.752494707944,393.6103757919268,37311.36287049987,21184.744717495985,1430.7538067069797,22615.498524202965,16000.000000000002,12960.000000000002,22719.706670499872,10,1,81.89349284680225,2,1521.442684671855,6000.000000000004,5999.999999999999,34679.863018733864
2025-09-13,1,37364.785789219444,223.012918346399,37587.798707565846,21439.084315417844,982.2688983740325,22421.353213791877,16000.0,12959.999999999998,26540.69722423251,11,1,0.0,0,1551.860581628221,5999.999999999999,6000.0,34703.59058289202
2025-09-14,1,68074.03353930886,2419.6030356090123,70493.63657491788,43072.83532512901,9290.44527078105,52363.280595910066,20856.242738677207,16893.556618328537,6431.6257045692055,42,1,1778.7940356832685,25,1443.5210268089777,6000.0,6000.0,59985.341774344866
2025-09-15,1,65584.45594785277,800.4827397524131,66384.93868760517,41072.372460265426,3489.1283063253763,44561.5007665908,20871.049638083787,16905.550206847864,7352.408623035922,25,1,52.60537753463825,3,674.5677332600156,6000.0,6000.000000000002,58448.96721811679
2025-09-16,1,65047.430208369726,2142.3302476030685,67189.76045597279,40903.74037206101,6167.453561760093,47071.1939338211,21479.062868685833,17398.040923635526,3616.9685275891543,46,1,1833.4586314674866,23,821.6435371515042,6000.000000000002,6000.0,56408.10524423095
2025-09-17,1,65680.19023684652,2701.482205062699,68381.67244190922,41186.520359145135,11402.288915139128,52588.809274284264,21138.62889022574,17122.28940108285,4405.214552766339,45,1,1947.4705183755405,23,729.5386497358672,6000.0,6000.0,59432.76445452126
2025-09-18,1,65392.72400391598,1664.057387966463,67056.78139188244,41074.17201391374,7296.626914543109,48370.79892845685,21306.14058437676,17257.973873345174,4052.563564184195,31,1,1236.0522811638753,18,526.9414878959631,6000.0,6000.000000000004,57754.32944444442
2025-09-19,1,35064.9867540212,616.5829039441281,35681.56965796533,19744.929830622998,2166.8618030023854,21911.791633625384,16000.0,12960.000000000002,16540.217341298667,30,1,253.0823431062356,11,1103.171764619404,6000.000000000004,6000.000000000001,33453.50823666093
2025-09-20,1,35205.531406993396,907.5720085894768,36113.103415582875,19829.21329590237,3666.510134131264,23495.72343003363,15999.999999999998,12960.000000000002,17427.669682249543,27,1,411.01768744571666,9,872.0594952023758,6000.000000000001,5999.999999999998,34096.825395900574
2025-09-21,1,67874.85915028329,1002.9367869663333,68877.79593724963,42428.59754876529,2839.847998340967,45268.445547106254,21562.654823425437,17465.7504069746,6493.40403746545,28,1,827.9393528998197,13,2148.3785263333493,5999.999999999998,6000.0,56845.59271778367
2025-09-22,1,65215.47890241888,1737.2249056445405,66952.70380806342,40486.19817385449,6216.8690286561705,46703.06720251066,21455.11764629872,17378.645293501966,2262.2115719333337,66,1,791.0832236807487,24,689.4906602541676,6000.0,6000.0,58738.755895027396
2025-09-23,1,66321.38525413434,2542.807696511763,68864.1929506461,41202.12664134583,11155.522691662252,52357.649333008085,21489.025167683114,17406.110385823325,2664.6625854529716,65,1,1199.3448525792878,18,422.3577785516885,6000.0,6000.0,61625.854538891515
2025-09-24,1,66380.31612556816,2039.2799430676994,68419.59606863586,41169.49208031606,7500.5895561755915,48670.081636491646,21471.811200330823,17392.167072267966,3276.726840573006,58,1,740.1387059020935,12,521.1286326189537,6000.0,6000.000000000002,60384.87646428009
2025-09-25,1,66356.65066278832,1452.880231450569,67809.5308942389,41359.13282087426,5371.03764409809,46730.170464972354,21444.70743379861,17370.213021376872,3399.587581817152,58,1,428.4640735547923,14,887.3500872633605,6000.000000000002,6000.000000000001,59606.423317397595
2025-09-26,1,33749.27904006448,830.0133556332607,34579.29239569774,18728.98870665629,3058.0105011787186,21786.99920783501,16000.0,12960.000000000002,13845.04889569774,40,1,550.3471608670313,15,612.9118131436463,6000.000000000001,6000.000000000002,32196.73261671708
2025-09-27,1,33872.49483493692,3177.9151113652183,37050.40994630214,18829.11204045078,12406.872721014095,31235.984761464875,16000.000000000002,12960.000000000002,16209.107696302144,66,1,2025.3744861128343,22,302.82281080781246,6000.000000000002,6000.0,35835.34595878846
2025-09-28,1,67168.60857476802,2855.165095440193,70023.77367020822,41786.7778883594,12464.013519015465,54250.79140737487,21599.643554116814,17495.71127883462,2432.212228259353,65,1,1592.7165957579025,25,333.64393672757626,6000.0,6000.0,61671.971266995344
2025-09-29,1,66459.99126841285,2280.001260012599,68739.99252842544,41136.063774456365,9445.369220974364,50581.432995430725,21554.421060011377,17459.081058609216,1884.7609270232922,77,1,947.531755472525,22,201.41915405504443,6000.0,6000.000000000001,61220.74217549716
2025-09-30,1,67051.05054719024,4006.548955325893,71057.59950251614,41700.82182894332,17309.523809986513,59010.34563892983,21602.541866518917,17498.058911880322,1530.9417812108707,91,1,1670.9334528180432,29,234.39669883067256,6000.000000000001,6000.000000000003,66669.4629177705
2025-10-01,1,67253.79183715416,194.13910738725082,67447.93094454141,41614.10297200429,434.34101059290396,42048.4439825972,21544.23160751681,17450.82760208862,13693.00540577989,15,1,10.72176474536127,1,3328.5782308160824,6000.000000000003,6000.0,55352.980561966855
2025-10-02,1,65793.39833474038,332.8246269950947,66126.22296173548,40940.32573419808,876.4963750639904,41816.822109262066,21527.452326121766,17437.236384158627,10305.223903105667,21,1,32.87392506532842,3,2127.2084796251384,6000.0,6000.0,55460.524455710765
2025-10-03,1,32487.94347079879,259.38227473069827,32747.325745529488,17725.02523639432,766.5272396707298,18491.55247606505,15999.999999999998,12959.999999999996,21890.17204552949,21,1,9.17993797304166,1,1438.5015519918034,6000.0,6000.000000000002,30906.31590499886
2025-10-04,1,32974.08014551821,955.1064864116414,33929.18663192985,18109.730983745812,3511.9257032594396,21621.656687005252,16000.000000000377,12960.0,17793.204198596137,34,1,349.3771354133895,13,1302.7493696736408,6000.000000000002,6000.000000000338,32762.337274604924
2025-10-05,1,63840.75883972803,609.1028374767365,64449.86167720476,39743.996936133306,1981.3041029183678,41725.30103905168,21457.408089506203,17380.50055250033,5636.993073532226,35,1,123.01943935856241,8,1450.6693248246938,6000.000000000338,6000.000000000002,55464.534686908715
2025-10-06,1,63355.52714037504,1837.4019902158198,65192.929130590855,39601.619662990895,5807.889838844688,45409.50950183558,21417.16138300941,17347.900720237623,3390.5592178190714,57,1,1368.8110210948817,26,1043.3642691303357,6000.000000000002,6000.000000000003,56039.77957878843
2025-10-07,1,63172.092190442934,2695.632246099112,65867.72443654205,39615.808912012566,10364.979122591405,49980.788034603975,21394.76795727786,17329.762045395066,4031.1555246592548,60,1,1595.3645958556585,26,1033.1353807643857,6000.000000000003,6000.000000000002,59651.1448884609
2025-10-08,1,60921.33190803479,2692.435185594912,63613.7670936297,37623.953537806156,8935.729809444036,46559.68334725019,21351.16452154314,17294.443262449946,3078.55016786983,54,1,1645.5971447643506,22,686.259943394807,6000.000000000002,5999.999999999998,56714.875073628624
2025-10-09,1,61648.61845659669,1479.5800498439653,63128.198506440654,38142.32277020357,5740.0911704972805,43882.413940700855,21335.336973157147,17281.62294825729,3314.5027982074666,53,1,589.137840580527,13,604.8629030107347,5999.999999999998,5999.999999999998,56525.74321964014
2025-10-10,1,31386.56694393435,949.0711936392019,32335.638137573555,16663.74702979053,3240.354153368324,19904.101183158855,16000.000000000004,12959.999999999998,19952.027220906883,45,1,66.83991912469719,5,780.1939739194997,5999.999999999998,5999.999999999999,32160.982718086623
2025-10-11,1,32229.130675150867,891.0901941345664,33120.22086928543,17235.606743203673,3225.227364347911,20460.834107551582,16000.0,12959.999999999996,15973.907285952097,43,1,395.1788176451786,14,684.4489014353385,5999.999999999999,6000.000000000002,31566.040887808478
2025-10-12,1,62711.122561436896,2528.6770789709217,65239.799640407815,38848.755604822276,9159.84736667047,48008.60297149275,21367.517414001144,17307.689105340927,2665.0153484142625,57,1,1942.8639671065773,27,558.8677956357026,6000.000000000002,5999.999999999999,55789.92634575573
2025-10-13,1,63556.57625282725,1181.5718072171182,64738.14806004437,39448.867142452276,4398.739802429857,43847.60694488213,21377.086474757773,17315.44004455379,3649.1063298403906,45,1,649.0487119639812,17,607.8674730556645,5999.999999999999,6000.000000000002,56107.836879431445
2025-10-14,1,63356.627293763406,3438.3688344660045,66794.99612822941,39359.68603773694,14351.542532102656,53711.22856983959,21358.89351328948,17300.70374576448,1962.977077371078,79,1,1669.354157774521,28,545.5308209388446,6000.000000000002,6000.0,61783.23771536433
2025-10-15,1,62523.86831829529,4682.624670625838,67206.49298892112,38480.42021928859,18294.117042714388,56774.53726200298,21360.2408082169,17301.79505465569,1228.0235853599124,81,1,3511.8174682495846,36,309.6505684309958,6000.0,5999.999999999998,58975.95195318629
2025-10-16,1,63232.33263936377,5019.441586928734,68251.7742262925,39049.06473178049,20255.043158555174,59304.10789033566,21417.04109786677,17347.803289272084,1216.0634676978161,90,1,2343.559259915781,30,245.18386555373775,5999.999999999998,6000.000000000002,66633.16018020612
2025-10-17,1,31583.41850481266,1558.8148417197754,33142.233346532434,16607.01167495921,6271.906950618601,22878.918625577808,15999.999999999998,12960.000000000002,14098.034029865774,49,1,1159.5042836284847,20,408.15767171902246,6000.000000000002,6000.000000000003,30521.10296486522
2025-10-18,1,32127.623377464133,1704.4419273381873,33832.06530480232,17007.658904760854,6283.238588648885,23290.89749340974,16000.000000000004,12960.000000000004,14715.472038135656,49,1,1109.0267078750999,22,938.3960525435676,6000.000000000003,6000.0,31699.244682738277
2025-10-19,1,65777.49099532043,3553.6264284294944,69331.11742374992,40450.003242498475,14785.335249178741,55235.33849167721,21709.28890697235,17584.524014647603,1320.6299980918534,81,1,1140.5995627122,24,300.18424500686154,6000.0,6000.000000000001,65082.310355652444
2025-10-20,1,66775.68583606304,3409.4117888143196,70185.09762487737,41211.57108678837,14710.766241919424,55922.337328707785,21789.693429057428,17649.65167753652,1604.2735066897899,63,1,1764.8490361861532,25,433.8385004690466,6000.000000000001,5999.999999999999,63540.59748567176
2025-10-21,1,67748.45846822122,4396.14803084429,72144.6064990655,41773.11154287862,16558.377504510336,58331.48904738895,21776.518373558385,17638.979882582295,1544.4866580894086,78,1,2875.658332466682,31,410.3621091750793,5999.999999999999,6000.000000000001,63100.46165378926
2025-10-22,1,67619.34518543641,3762.7563565205996,71382.101541957,41369.143464885434,16379.633991305738,57748.77745619117,21914.524169204014,17750.764577055248,1663.4452498082417,84,1,1478.4297050072396,24,631.1585001193757,6000.000000000001,6000.000000000002,67413.66512710364
2025-10-23,1,68194.61630431142,1669.5475272423091,69864.16383155373,41929.13759492019,6517.610557612335,48446.74815253253,21903.974030342102,17742.218964577103,2322.9117324553945,66,1,550.7215140789212,16,279.0788560468475,6000.000000000002,6000.0000000000055,59998.95946224879
2025-10-24,1,31756.366960030566,1529.4279837516233,33285.79494378219,16601.381695651806,6287.550999033526,22888.93269468533,16175.984304692452,13102.547286800893,11792.307209223962,62,1,279.34356873366823,11,232.78964232229777,6000.0000000000055,6000.0,34760.201716538155
2025-10-25,1,32287.867430834787,1413.6093499718033,33701.47678080659,16897.0950282388,5263.168576231681,22160.26360447048,16351.824498494068,13244.977843780198,11196.197392759388,60,1,705.4634707395726,20,399.3763999182218,6000.0,5999.999999999999,32324.29619136424
2025-10-26,1,69321.64797380654,1321.2780840815556,70642.9260578881,42714.82016828428,4604.732131919316,47319.5523002036,22048.30187524094,17859.124518945162,1909.4366849256435,60,1,842.0957219248791,22,925.8044105850377,5999.999999999999,5999.999999999998,58102.78532525801
2025-10-27,1,69584.25342048318,1882.7854308555663,71467.03885133874,42903.14903557121,7362.870143715559,50266.01917928677,21924.78787302957,17759.078177153948,3748.747488796455,68,1,272.1524676188606,12,928.9857415815981,5999.999999999998,6000.000000000004,62956.42440608494
2025-10-28,1,69407.96509105426,2278.683768671631,71686.64885972589,42707.0704366141,8981.09451308792,51688.16494970202,21965.014260374464,17791.66155090331,1540.8744502547308,72,1,995.535312612561,18,365.5065529496359,6000.000000000004,6000.000000000004,61610.294789593296
2025-10-29,1,68631.93713300822,5462.3128859474,74094.25001895562,42205.32601109019,21441.38524425772,63646.71125534791,21905.672179393085,17743.594465308404,619.9155048709414,102,1,3228.087162931211,33,93.80993978531015,6000.000000000004,6000.000000000002,68162.76293679478
2025-10-30,1,69133.48532196131,1778.8402423429804,70912.3255643043,42550.99656481273,6963.240180784443,49514.236745597176,22092.834119055857,17895.19563643524,1926.8694316836772,76,1,456.9417578487779,21,624.4106823858392,6000.000000000002,6000.000000000004,61499.431305157035
2025-10-31,1,32461.72053554064,2934.6016685466147,35396.32220408726,16979.60984808621,10666.616859002012,27646.226707088223,16677.137761489546,13508.481586806533,8323.37396273758,80,1,1822.2671350976634,24,217.88283759705212,6000.000000000004,6000.000000000002,34475.4070796615
2025-11-01,1,32619.06975471387,2158.5980136192766,34777.66776833314,17049.42064802728,7897.024741078934,24946.445389106215,16666.341713353166,13499.736787816066,9067.02440946271,75,1,1204.9777294531257,26,388.4115916126177,6000.000000000002,6000.0,33317.43576819036
2025-11-02,1,70990.51061359169,2951.97719550599,73942.48780909767,43701.3484008674,12269.889884378079,55971.23828524548,22395.173994122964,18140.090935239594,891.020816880979,93,1,1342.7631213543145,30,123.73629771962479,6000.0,6000.000000000004,65229.3348270098
2025-11-03,1,71743.94734638592,3281.3989737277475,75025.34632011366,44233.94205219769,10687.988996733111,54921.931048930805,22667.13382295614,18360.378396594475,1213.6606104186621,81,1,2121.4599270251733,28,637.7537028283787,6000.000000000004,6000.000000000003,62114.20987190711
2025-11-04,1,72464.13570332226,1716.2313968980914,74180.36710022035,44506.34554971746,7228.65688370726,51735.00243342472,22742.54963245767,18421.465202290714,2279.2106367200536,73,1,529.4140536677774,15,483.3357250756667,6000.000000000003,6000.000000000002,62909.561978462196
2025-11-05,1,72630.86274923703,2483.0647708739916,75113.92752011101,44741.545142149254,9244.439106704525,53985.984248853776,22757.381051618926,18433.47865181133,1112.0050536367544,89,1,872.324053070895,27,235.9376338860368,6000.000000000002,6000.000000000001,65063.045172616476
2025-11-06,1,72290.91246847012,4532.172199542235,76823.08466801237,44548.76066176601,18593.45436880844,63142.21503057446,22640.377329375697,18338.70563679431,1151.8284254309751,95,1,1925.0266165350697,31,400.6390338183587,6000.000000000001,6000.000000000001,70927.92897215241
2025-11-07,1,33208.68670197642,1434.1456467664923,34642.83234874291,17454.979176935103,6040.533538718747,23495.51271565385,17060.178744223507,13818.744782821042,8082.936604007112,58,1,39.45227135807306,4,163.07085930009552,6000.000000000001,6000.0,36416.64165795402
2025-11-08,1,33159.055805880715,1244.0073850948445,34403.06319097556,17329.788214565087,4986.9055848918,22316.693799456887,17036.27626037191,13799.383770901246,7374.963601504897,59,1,544.9252755381352,15,227.81040463876775,6000.0,6000.000000000003,33202.36629335467
2025-11-09,1,73698.72600069571,3058.4224582228903,76757.1484589186,45495.650391945164,11713.315673379157,57208.966065324326,22905.210081070953,18553.220165667473,1058.3413601817895,90,1,1056.7954441702868,22,216.89923020698188,6000.000000000003,5999.999999999998,67531.653256686
2025-11-10,1,74135.87513105814,4804.702723884724,78940.57785494287,45748.647814729615,18822.054871691933,64570.702686421544,22962.076266255444,18599.28177566691,719.3402643543316,102,1,2071.9555777508326,31,220.32172474479705,5999.999999999998,5999.999999999999,72199.29696872401
2025-11-11,1,74478.08092340728,2382.880014006546,76860.96093741382,46031.79333596605,9812.892558317626,55844.68589428368,23059.82443881156,18678.45779543737,920.5746273729604,85,1,602.414163731131,22,249.3512248416132,5999.999999999999,6000.0,66537.25495849972
2025-11-12,1,75058.00583599655,1870.9996419011911,76929.00547789774,46453.90427093626,8666.761582421455,55120.66585335772,23099.1673351722,18710.32554148948,1584.1759342150244,72,1,441.56189537157064,9,226.5244730895032,6000.0,5999.999999999999,66141.7876192334
2025-11-13,1,75011.65192129352,3258.6856043887387,78270.33752568226,46491.02181820636,12172.004416921627,58663.02623512798,23100.965676248128,18711.782197760982,1485.2827305284497,96,1,1497.9884296223206,27,781.287914637262,5999.999999999999,6000.000000000001,67920.96709989817
2025-11-14,1,34014.28730362087,2649.0390249271513,36663.32632854802,17896.217413592796,9356.817060868076,27253.03447446087,17613.948251209837,14267.29808347997,5718.220860818151,74,1,1764.9132452305748,28,307.44255242231105,6000.000000000001,6000.000000000004,34528.916843467414
2025-11-15,1,33882.53774251282,2047.722553558741,35930.26029607156,17775.98097513831,8238.378068700447,26014.35904383876,17461.285841205314,14143.641531376308,4400.729069575885,81,1,934.7303005273253,18,74.60820697272186,6000.000000000004,6000.000000000002,35543.10294637347
2025-11-16,1,76850.77651012622,3253.2739256546934,80104.05043578091,47720.713518232806,12902.277423728487,60622.99094196129,23397.07932494031,18951.634253201653,1224.0609807089263,88,1,1143.6315377681271,20,174.44533341886995,6000.000000000002,6000.000000000002,71033.4687723924
2025-11-17,1,77469.03810985935,1599.598379729478,79068.63648958883,48178.59258770641,6322.873157484061,54501.46574519047,23302.94680281428,18875.38691027957,1945.3222637207875,72,1,219.33265923335728,11,490.3781737249252,6000.000000000002,6000.000000000003,65929.12259549559
2025-11-18,1,77110.08363333423,3289.881521161623,80399.96515449585,47957.549413407665,11184.668215393604,59142.21762880127,23337.561316699564,18903.424666526647,1075.276670989603,83,1,1832.0803112731019,28,310.255250381629,6000.000000000003,6000.000000000001,67643.38156684043
2025-11-19,1,77509.96794749185,2999.2370752345278,80509.20502272638,48241.41583076012,12039.055832200334,60280.47166296045,23276.42119411577,18853.90116723377,718.3733958443755,98,1,598.2388958462614,22,160.64530278513982,6000.000000000001,6000.000000000002,71133.96278865177
2025-11-20,1,77939.07598205953,2416.271929110978,80355.34791117051,48567.73747424524,9463.047808308962,58030.7852825542,23258.561846705394,18839.435095831363,1143.1451269631318,81,1,836.5879392485871,22,409.17467694621314,6000.000000000002,6000.000000000002,68372.61946681367
2025-11-21,1,34585.780862601816,1861.4602072744544,36447.24106987627,18282.65888810981,5866.721809417262,24149.380697527075,17874.508988765112,14478.352280899742,4186.700295344231,76,1,776.0155118963029,24,386.35185353335925,6000.000000000002,6000.0,35419.47977687428
2025-11-22,1,34657.09571141711,1758.3376546327354,36415.433366049845,18234.238666352918,6420.268610917744,24654.50727727066,17927.69046383621,14521.42927570733,2789.342694587634,85,1,480.08007987477674,20,138.6876691021376,6000.0,6000.000000000001,36777.33896475698
2025-11-23,1,79178.00029923857,2557.894281817159,81735.89458105573,49476.56946890144,10581.975799195405,60058.545268096845,23285.20474113109,18861.015840316177,2079.609396907486,70,1,602.3653923222976,17,454.54421672964423,6000.000000000001,6000.000000000002,71183.44044100899
2025-11-24,1,79136.71147193956,1602.0232406209482,80738.73471256052,49383.81692709084,6486.182325345558,55869.99925243639,23283.520770217212,18859.65182387594,2152.9220662192356,71,1,253.76744164363754,12,926.5115477309024,6000.000000000002,6000.0,67347.119999802
2025-11-25,1,79240.77035711338,2404.1849925958327,81644.95534970921,49458.06528478818,9236.120757199677,58694.18604198786,23480.754785159912,19019.41137597953,1014.9514738621614,84,1,725.3338621604346,18,427.59066815276424,6000.0,6000.000000000004,69483.03462678226
2025-11-26,1,79521.91770503198,2822.3153896433773,82344.23309467536,49699.498145521626,10680.980780316157,60380.478925837786,23365.246920594684,18925.8500056817,1147.169296429039,87,1,1017.5150975701702,19,176.3868714351512,6000.000000000004,5999.999999999998,70175.13775530239
2025-11-27,1,79646.70755252645,1871.0506554443305,81517.75820797078,49850.958498222564,7428.05490497073,57279.01340319329,23396.761705684446,18951.376981604404,1291.480750557402,74,1,538.9782782631188,19,492.28924595529463,5999.999999999998,6000.000000000001,68313.60977356584
2025-11-28,1,35202.89565182952,1927.123769565546,37130.01942139507,18586.06994715973,7407.546230232899,25993.61617739263,18252.812871422328,14784.778425852084,2740.746425824826,73,1,810.4491527080638,18,141.9166124894253,6000.000000000001,6000.000000000002,37165.35943739267
2025-11-29,1,35500.388466143064,5132.506601670335,40632.8950678134,18706.69978990217,17800.11249877291,36506.81228867508,18393.169027186814,14898.466912021317,2208.742852647902,78,1,4055.3286265739866,36,226.52297856672834,6000.000000000002,6000.000000000001,37072.31927957978
2025-11-30,1,81174.06077075916,4363.596728861884,85537.65749962104,50908.98220301186,16530.743461999613,67439.72566501147,23462.32888069386,19004.48639336203,834.9868956225423,101,1,1789.030273492753,27,93.27065734965129,6000.000000000001,6000.000000000002,77375.30056969682
2025-12-01,1,81751.67420210074,9306.662332141454,91058.33653424219,51226.30777356822,35706.62859076503,86932.93636433325,23560.83803927951,19084.278811816403,282.8495734457527,123,1,1314.186239583217,25,81.12511369917058,6000.000000000002,6000.000000000002,97594.66281853332
2025-12-02,1,82354.0431939778,10962.19734871506,93316.24054269286,51666.951503816876,41999.91892714056,93666.87043095744,23732.496686971248,19223.322316446713,169.25622216833005,133,1,2399.277023339538,28,103.48432366100792,6000.000000000002,6000.000000000002,104396.45316003994
2025-12-03,1,83177.12772834596,8877.980515158015,92055.10824350399,52261.772277631644,31435.931435267234,83697.70371289887,24196.842076164292,19599.44208169308,294.95968236610037,127,1,2557.0397294766244,29,143.19792203579414,6000.000000000002,6000.0,94628.32353818353
2025-12-04,1,83463.80841388309,8205.967858461641,91669.77627234472,52555.4595551075,30815.6354968919,83371.09505199941,24263.608755612273,19653.523092045943,288.4818587784099,122,1,1320.5102529891155,25,24.9872537222941,6000.0,6000.000000000002,94511.10230541251
2025-12-05,1,37350.24208891907,7804.852746053995,45155.09483497306,19681.80963897788,29978.01627503243,49659.82591401031,18823.610277145905,15247.124324488183,266.98119898200855,126,1,3186.3609712518587,44,101.92447336491631,6000.000000000002,6000.000000000002,51987.09250352471
2025-12-06,1,38149.53732198608,9410.860314265976,47560.397636252055,19976.271474188503,33953.32769689667,53929.59917108517,18957.61227380587,15355.66594178275,293.82048756227255,128,1,4321.725785071343,44,157.19928935950193,6000.000000000002,6000.0,53994.47601798265
2025-12-07,1,85152.65277198242,7448.9421089212865,92601.5948809037,53746.17440100658,26771.71032094628,80517.88472195285,24811.861512531934,20097.607825150866,234.6599435226437,129,1,1772.4331705957525,30,54.31105186866705,6000.0,6000.0,91730.47521272686
2025-12-08,1,87997.51558086308,5067.435951949508,93064.95153281259,55655.585862660024,17774.510204165344,73430.09606682537,24833.333333333336,20115.000000000004,499.4070828125867,112,1,1383.2669576993217,25,139.59193375914072,6000.0,6000.000000000003,84838.54127357238
2025-12-09,1,88343.46650302953,4403.32283393116,92746.78933696069,55910.43191215374,17949.32874550396,73859.7606576577,24833.333333333332,20115.000000000004,640.0017369606895,106,1,440.19630462842974,16,231.0783960192125,6000.000000000003,6000.000000000002,85288.586830718
2025-12-10,1,87963.25819079201,5492.123515081876,93455.38170587388,55596.45505993065,19091.540200946623,74687.99526087727,24833.333333333332,20115.000000000004,349.4299058738923,122,1,1569.6552644210715,30,167.8055874099971,6000.000000000002,6000.000000000001,86117.01920664677
2025-12-11,1,88304.53294226213,3470.978931897996,91775.51187416012,56019.48823250611,12255.99534177443,68275.48357428054,24833.333333333336,20115.000000000004,1095.9238408267993,96,1,1049.2538905767665,22,441.2541787039646,6000.000000000001,6000.000000000001,79665.90647502159
2025-12-12,1,41604.868227784,6549.671828510331,48154.540056294325,21705.952618358522,23107.709122095068,44813.66174045359,19929.07870266509,16142.553749158722,653.6016194546269,111,1,3651.007057780158,38,220.96332148966945,6000.000000000001,6000.0,46736.290501343705
2025-12-13,1,42401.51326253004,5731.493350553647,48133.006613083686,22018.380397827368,22839.58180980573,44857.9622076331,19947.885532441494,16157.787281277611,544.374978586467,110,1,2921.8249283016576,40,169.3045559453309,6000.0,6000.000000000002,47111.841553307095
2025-12-14,1,89076.14097590566,4782.378063230127,93858.51903913578,56463.931358458394,17987.756547323133,74451.68790578152,24833.333333333332,20115.000000000004,361.46390580245463,120,1,1055.6208873902578,24,122.37192707781105,6000.000000000002,6000.000000000003,85883.74549571642
2025-12-15,1,90978.71815127865,3757.2263086242574,94735.94445990291,57669.011987861355,13508.457514350866,71177.46950221223,24944.305425408704,20204.887394581056,526.9684624085855,100,1,1392.5005968116095,27,93.45985676874716,6000.000000000003,5999.999999999999,82646.71864100888
2025-12-16,1,91400.54701357217,3544.647783663267,94945.19479723544,58094.878345072786,12941.11673007834,71035.99507515112,25048.248809701363,20289.081535858102,767.9361900588409,103,1,1016.1751816733412,23,322.8525507698381,5999.999999999999,6000.000000000002,82515.98095987969
2025-12-17,1,91389.78978528241,2348.5906753069044,93738.38046058931,57894.806589004605,8488.807167174698,66383.6137561793,24930.903929798616,20194.032183136882,809.661647260916,90,1,502.8865230152471,24,336.05371582538936,6000.000000000002,6000.0,77851.74375087953
2025-12-18,1,91158.2604509743,2694.3524492217066,93852.612900196,57951.30781375422,9917.4062253168,67868.71403907101,24850.60381480507,20128.989089992105,1764.7312087163702,88,1,398.0047119715001,16,126.9937769509146,6000.0,6000.0,79346.08400717382
2025-12-19,1,44865.67253419779,3036.7803293450293,47902.452863542814,23260.24856392626,11873.247414517684,35133.49597844394,20347.45547926105,16481.438938201456,1128.0450224832205,99,1,989.671112940613,24,219.43107875002357,6000.0,6000.000000000001,44384.738824806875
2025-12-20,1,45075.21966671506,2711.448299874985,47786.667966590045,23325.221168940665,10751.744229915063,34076.965398855726,20449.283465758162,16563.91960726411,1044.951858095989,100,1,625.7169059340512,26,196.32054634350374,6000.000000000001,6000.0,44779.11226082764
2025-12-21,1,91455.47466713261,3316.5960365480446,94772.07070368066,58185.84388184023,11422.334234276788,69608.17811611702,24973.35507369739,20228.417609694883,989.3513730114836,92,1,1139.6905649286555,22,282.6538070930379,6000.0,6000.0,81103.69372210192
2025-12-22,1,92673.07697439686,1947.200161048449,94620.2771354453,58905.877861128,7686.393637044024,66592.27149817202,24932.310481898785,20195.171490338013,945.7110605511975,87,1,286.40317524298393,17,258.3847673904453,6000.0,6000.000000000003,78093.51158390043
2025-12-23,1,92755.52328947227,1012.3630501522763,93767.88633962454,59078.52824299714,3480.5481405657283,62559.076383562875,25051.26932690484,20291.528154792926,1750.052634179305,63,1,190.89438994698548,12,459.64182248322015,6000.000000000003,6000.0,74071.07523334521
2025-12-24,1,92243.72962864113,1885.8066488720344,94129.53627751317,58555.15471606678,7866.738276754347,66421.89299282113,25085.89455175226,20319.574586919334,1508.6569960135707,81,1,230.05383101347928,14,291.3414506504605,6000.0,6000.000000000002,77920.45222437412
2025-12-25,1,92119.03031434662,2048.9515821828077,94167.98189652943,58658.547280576546,6743.237000808511,65401.78428138506,25093.539284431976,20325.7668203899,1587.7608991540199,73,1,752.567968596432,16,627.9242583469614,6000.000000000002,6000.0,76911.08715474904
2025-12-26,1,45848.761658079384,2378.900692436978,48227.66235051636,23807.756521230967,8930.83873678975,32738.595258020716,20826.674605054548,16869.606430094183,1262.9717422226604,90,1,1233.0715802680813,30,346.9255821865657,6000.0,6000.000000000002,41595.85387353899
2025-12-27,1,46104.72155736412,2461.7627169740394,48566.48427433816,23841.761022732637,9688.737992465522,33530.49901519816,20885.893870460768,16917.574035073223,1259.3553722839463,81,1,1455.9780335786668,32,351.2279089513656,6000.000000000002,6000.0,41039.62183473545
2025-12-28,1,92711.87926652547,1501.754085052548,94213.63335157803,59059.12885028075,5318.203170182588,64377.33202046334,25108.21939546255,20337.657710324664,2633.8169164401306,65,1,419.27508866110315,14,1041.1608400071427,6000.0,6000.000000000001,75893.24357511052
2025-12-29,1,93445.75826075781,1240.883923387477,94686.64218414528,59478.760765539744,4239.363018865766,63718.12378440551,25080.088101099587,20314.871361890666,2397.6591782696937,60,1,416.42393751057483,18,1129.840138714679,6000.000000000001,6000.000000000005,75238.47372066743
2025-12-30,1,93263.06690775114,860.4882049865611,94123.5551127377,59392.63877574104,3288.150264571221,62680.78904031226,25117.175979705164,20344.912543561186,3126.8890765937226,54,1,160.05104053822876,12,869.0016143374121,6000.000000000005,6000.0,74194.26046495287
2025-12-31,1,92928.59393912535,2036.7068029374193,94965.30074206277,59055.42773501827,8093.811958203714,67149.23969322199,24953.608458507606,20212.422851391162,1577.6922016129913,77,1,388.8291531592512,15,265.5660846624552,6000.0,5999.999999999999,78644.37707059503
