date,days,purchase_kwh,emergency_kwh,actual_grid_kwh,planned_cost_yuan,emergency_cost_yuan,total_cost_yuan,charge_kwh,discharge_kwh,curtailment_kwh,emergency_intervals,emergency_days,emergency_while_charging_kwh,emergency_while_charging_intervals,waste_while_discharging_kwh,soc_start_kwh,soc_end_kwh
2025-02-01,1,48166.52758698889,192.4976830381823,48359.02527002707,35824.015873673765,815.4049994761701,36639.42087314993,0.0,0.0,13980.849336693736,11,1,0.0,0,0.0,6000.0,6000.0
2025-02-02,1,85232.91911868854,86.08707164100544,85319.00619032954,68008.6897748624,390.477539181619,68399.16731404403,0.0,0.0,6962.72824032955,8,1,0.0,0,0.0,6000.0,6000.0
2025-02-03,1,84360.27917026488,301.2576643862923,84661.53683465118,67328.74197713466,1068.6003076954398,68397.3422848301,0.0,0.0,4444.620334651171,23,1,0.0,0,0.0,6000.0,6000.0
2025-02-04,1,84376.22238305604,983.883006160588,85360.10538921662,67267.96851124325,3859.515778603687,71127.48428984694,0.0,0.0,4165.241439216623,30,1,0.0,0,0.0,6000.0,6000.0
2025-02-05,1,84032.78260601676,583.8209590613448,84616.6035650781,67074.45812777383,2123.5174431081687,69197.975570882,0.0,0.0,3868.176581744774,25,1,0.0,0,0.0,6000.0,6000.0
2025-02-06,1,84574.20292764273,246.62536142161628,84820.82828906435,67590.82403795322,1010.1330546452343,68600.95709259846,0.0,0.0,4549.771072397679,26,1,0.0,0,0.0,6000.0,6000.0
2025-02-07,1,47211.60031170361,257.507106812927,47469.107418516534,35104.827064845216,1385.7735088894935,36490.60057373471,0.0,0.0,15663.427751849867,18,1,0.0,0,0.0,6000.0,6000.0
2025-02-08,1,46431.87320700656,161.70149880811417,46593.57470581467,34501.78024592207,892.7200703096382,35394.50031623171,0.0,0.0,15016.411989148006,11,1,0.0,0,0.0,6000.0,6000.0
2025-02-09,1,82080.75432951422,1060.8411966536964,83141.59552616792,65637.53787778379,3514.1086528706073,69151.6465306544,0.0,0.0,3586.1795595012472,32,1,0.0,0,0.0,6000.0,6000.0
2025-02-10,1,82571.52434746864,130.61752351343253,82702.14187098207,65965.94440077661,612.4494275652971,66578.3938283419,0.0,0.0,8375.504287648748,12,1,0.0,0,0.0,6000.0,6000.0
2025-02-11,1,81703.9070646053,113.45282603538149,81817.35989064068,65196.647200546344,666.9089547458102,65863.55615529216,0.0,0.0,6596.762757307347,13,1,0.0,0,0.0,6000.0,6000.0
2025-02-12,1,80920.0555359333,309.00206823642327,81229.05760416972,64598.872793207694,1433.5743690050433,66032.44716221273,0.0,0.0,5962.321470836381,23,1,0.0,0,0.0,6000.0,6000.0
2025-02-13,1,80448.98392792848,136.7522621867544,80585.73619011523,64305.47153749953,701.2241364626462,65006.695673962175,0.0,0.0,9256.257173448568,17,1,0.0,0,0.0,6000.0,6000.0
2025-02-14,1,44775.268164544206,204.0099748237553,44979.27813936796,33185.176798215194,914.6568812076542,34099.833679422845,0.0,0.0,15177.476322701294,22,1,0.0,0,0.0,6000.0,6000.0
2025-02-15,1,43967.26842911379,392.0390275900967,44359.307456703886,32516.25445430378,1724.3066063017845,34240.56106060556,0.0,0.0,15079.216356703888,30,1,0.0,0,0.0,6000.0,6000.0
2025-02-16,1,77489.00459723648,1227.2818092859973,78716.28640652247,61762.19776867939,4806.692258441454,66568.89002712084,0.0,0.0,3338.907306522472,46,1,0.0,0,0.0,6000.0,6000.0
2025-02-17,1,77258.88568075404,293.7935292688891,77552.67921002294,61464.168293348695,1391.9050627335284,62856.07335608223,0.0,0.0,6368.816043356263,25,1,0.0,0,0.0,6000.0,6000.0
2025-02-18,1,76550.99416585735,373.9999724841627,76924.99413834151,60915.09466746897,1756.2761842345196,62671.37085170348,0.0,0.0,4833.606355008175,29,1,0.0,0,0.0,6000.0,6000.0
2025-02-19,1,76246.26164467317,934.4222006241442,77180.68384529732,60628.23800581084,3603.1787576345273,64231.41676344537,0.0,0.0,4301.3564619639765,55,1,0.0,0,0.0,6000.0,6000.0
2025-02-20,1,75946.4530447587,480.17677079691003,76426.62981555561,60393.11562933186,2157.236270076628,62550.35189940849,0.0,0.0,5433.496082222282,29,1,0.0,0,0.0,6000.0,6000.0
2025-02-21,1,42944.01156998101,574.5631442013049,43518.574714182316,31738.39008020324,2140.093458511514,33878.483538714754,0.0,0.0,17958.312680848983,32,1,0.0,0,0.0,6000.0,6000.0
2025-02-22,1,42377.13468130205,591.1285032053096,42968.26318450736,31286.052722843397,2263.005745850848,33549.058468694246,0.0,0.0,15123.500301174025,39,1,0.0,0,0.0,6000.0,6000.0
2025-02-23,1,74561.18880116368,946.16103032636,75507.34983149004,59274.60463852848,3937.1710589651507,63211.775697493635,0.0,0.0,3975.4961481567075,45,1,0.0,0,0.0,6000.0,6000.0
2025-02-24,1,74227.91566234936,441.9307903154561,74669.84645266482,58861.8358726965,2001.57463093025,60863.41050362676,0.0,0.0,6466.812835998156,29,1,0.0,0,0.0,6000.0,6000.0
2025-02-25,1,73813.72807551557,549.2180187355492,74362.94609425112,58614.73352226884,2008.8096419708486,60623.543164239694,0.0,0.0,8541.622860917785,37,1,0.0,0,0.0,6000.0,6000.0
2025-02-26,1,73613.5002442436,689.4919822166463,74302.99222646024,58340.82296351163,2920.265584255463,61261.08854776709,0.0,0.0,5488.14419312691,40,1,0.0,0,0.0,6000.0,6000.0
2025-02-27,1,72920.50307561427,660.432152401633,73580.9352280159,57774.765204374606,3349.742739620791,61124.5079439954,0.0,0.0,6624.351028015902,30,1,0.0,0,0.0,6000.0,6000.0
2025-02-28,1,41557.83119715752,463.44200156035635,42021.27319871787,30595.527810490337,1850.3006192988544,32445.82842978919,0.0,0.0,18728.679648717876,37,1,0.0,0,0.0,6000.0,6000.0
2025-03-01,1,41185.08599194443,504.45483389449845,41689.54082583892,30330.432905304042,2355.3221062465855,32685.755011550627,0.0,0.0,18030.774892505593,33,1,0.0,0,0.0,6000.0,6000.0
2025-03-02,1,71958.28906681424,3164.172647114284,75122.46171392853,56971.28749503221,14288.09644739901,71259.38394243122,0.0,0.0,2764.1546472618547,63,1,0.0,0,0.0,6000.0,6000.0
2025-03-03,1,72030.93851276577,3169.6900950792424,75200.62860784502,57032.71510847028,14321.179184399154,71353.89429286943,0.0,0.0,3183.4819745116815,64,1,0.0,0,0.0,6000.0,6000.0
2025-03-04,1,72617.04114134943,814.9069722153306,73431.94811356477,57635.04729034634,3053.30076793532,60688.34805828166,0.0,0.0,4232.490180231418,50,1,0.0,0,0.0,6000.0,6000.0
2025-03-05,1,73324.5553246837,441.81731900156217,73766.37264368526,58260.38365938797,2061.079097531955,60321.46275691992,0.0,0.0,7635.900627018588,30,1,0.0,0,0.0,6000.0,6000.0
2025-03-06,1,72905.03264374823,565.6620898539288,73470.69473360215,58069.76891267207,2177.574811440536,60247.34372411261,0.0,0.0,7530.040600268829,41,1,0.0,0,0.0,6000.0,6000.0
2025-03-07,1,40754.64546863309,386.293302098961,41140.93877073205,30008.286656289725,1372.119497886331,31380.406154176057,0.0,0.0,20218.653237398717,28,1,0.0,0,0.0,6000.0,6000.0
2025-03-08,1,40069.12393311244,295.6986367548368,40364.822569867276,29582.410634997847,1008.5082091774219,30590.918844175267,0.0,0.0,21301.68305320061,25,1,0.0,0,0.0,6000.0,6000.0
2025-03-09,1,71674.89074599289,353.3336749713319,72028.22442096422,57018.35736640355,1623.80722547983,58642.16459188338,0.0,0.0,8694.699370964221,24,1,0.0,0,0.0,6000.0,6000.0
2025-03-10,1,70961.25822386403,760.0444963482053,71721.30272021223,56322.01650842783,3036.234883378221,59358.25139180605,0.0,0.0,3679.2312702122435,43,1,0.0,0,0.0,6000.0,6000.0
2025-03-11,1,70533.54021448028,832.0509090491242,71365.5911235294,55883.73086822401,3321.424553999525,59205.155422223535,0.0,0.0,7426.67232352941,40,1,0.0,0,0.0,6000.0,6000.0
2025-03-12,1,70156.12819786249,704.3506542176618,70860.47885208015,55553.42004465293,2484.691700275323,58038.111744928254,0.0,0.0,8424.944168746824,43,1,0.0,0,0.0,6000.0,6000.0
2025-03-13,1,69538.75095870509,1933.6857008572567,71472.43665956234,55058.495633502214,8534.414269202463,63592.909902704676,0.0,0.0,3926.818642895679,55,1,0.0,0,0.0,6000.0,6000.0
2025-03-14,1,38922.12570436429,476.98406457804634,39399.10976894234,28590.829708047233,2044.2383416797395,30635.068049726975,0.0,0.0,23369.683785609006,31,1,0.0,0,0.0,6000.0,6000.0
2025-03-15,1,38603.9683576354,815.989489635855,39419.95784727125,28370.33848809456,3229.17634072808,31599.51482882264,0.0,0.0,18495.832697271257,44,1,0.0,0,0.0,6000.0,6000.0
2025-03-16,1,68305.39455076326,741.0454688069875,69046.44001957025,54029.00985320791,2688.276184249834,56717.286037457736,0.0,0.0,5695.393086236908,53,1,0.0,0,0.0,6000.0,6000.0
2025-03-17,1,68147.47867243057,303.86476837084,68451.34344080141,53800.51678788941,1504.3973095588794,55304.914097448294,0.0,0.0,10593.212007468082,24,1,0.0,0,0.0,6000.0,6000.0
2025-03-18,1,67341.0313163875,1079.6118088940282,68420.64312528152,53021.83560342533,4931.457765374129,57953.29336879946,0.0,0.0,7294.684758614852,37,1,0.0,0,0.0,6000.0,6000.0
2025-03-19,1,67458.00416243396,578.2540778015903,68036.25824023556,53158.154715951154,2689.2803077702433,55847.4350237214,0.0,0.0,8570.787790235554,28,1,0.0,0,0.0,6000.0,6000.0
2025-03-20,1,67108.4067233198,993.157603039876,68101.56432635967,53026.116595838954,4104.895475834857,57131.01207167381,0.0,0.0,5892.6025096930025,47,1,0.0,0,0.0,6000.0,6000.0
2025-03-21,1,37683.28192814468,657.8887901838594,38341.17071832854,27668.23820142142,2591.830284001961,30260.06848542338,0.0,0.0,26307.706201661873,39,1,0.0,0,0.0,6000.0,6000.0
2025-03-22,1,37751.829222582855,357.9510626059824,38109.78028518884,27704.76362494152,1093.3872872549694,28798.150912196492,0.0,0.0,22228.580551855506,28,1,0.0,0,0.0,6000.0,6000.0
2025-03-23,1,66031.95163404394,884.2450381403586,66916.1966721843,52007.81419881056,3892.9171270873644,55900.73132589793,0.0,0.0,8146.476555517641,46,1,0.0,0,0.0,6000.0,6000.0
2025-03-24,1,65578.2977077811,932.125992734007,66510.4237005151,51663.172356477924,3246.752328490065,54909.92468496799,0.0,0.0,8511.926617181769,37,1,0.0,0,0.0,6000.0,6000.0
2025-03-25,1,65572.47990962813,1383.4636623484334,66955.94357197658,51634.00420413967,5608.719980272945,57242.72418441261,0.0,0.0,6005.818855309907,68,1,0.0,0,0.0,6000.0,6000.0
2025-03-26,1,65534.310647227074,472.76543118831523,66007.07607841538,51580.48987495883,1568.8370222022575,53149.32689716109,0.0,0.0,10414.521211748726,35,1,0.0,0,0.0,6000.0,6000.0
2025-03-27,1,65184.33537741338,952.5277972815991,66136.86317469498,51384.42208609469,3345.0200643829776,54729.44215047767,0.0,0.0,7419.8737746949755,46,1,0.0,0,0.0,6000.0,6000.0
2025-03-28,1,36657.310834036434,685.0317735604316,37342.34260759687,26858.88233724984,2417.223648864114,29276.105986113955,0.0,0.0,26520.4618409302,37,1,0.0,0,0.0,6000.0,6000.0
2025-03-29,1,36658.23824513094,583.0433054800449,37241.281550610984,26793.585567445916,2326.3024762992277,29119.888043745144,0.0,0.0,29534.072367277648,43,1,0.0,0,0.0,6000.0,6000.0
2025-03-30,1,64295.77814132968,893.6325880567003,65189.410729386385,50497.628409013334,3164.0400774785467,53661.66848649188,0.0,0.0,9843.791029386382,43,1,0.0,0,0.0,6000.0,6000.0
2025-03-31,1,63967.41886435621,1176.4693508638363,65143.888215220046,50208.363344073834,4744.381217578212,54952.74456165205,0.0,0.0,8192.498731886713,42,1,0.0,0,0.0,6000.0,6000.0
2025-04-01,1,63733.92600575075,1445.116494635575,65179.04250038633,49965.05970893179,5579.595773913084,55544.65548284487,0.0,0.0,4970.190983719659,61,1,0.0,0,0.0,6000.0,6000.0
2025-04-02,1,63353.35083641456,2576.6609946590743,65930.01183107363,49620.03272108177,11763.238381712707,61383.27110279448,0.0,0.0,5494.676431073636,66,1,0.0,0,0.0,6000.0,6000.0
2025-04-03,1,63374.26200156881,1186.9769006006452,64561.238902169454,49730.589615301695,4740.977131908424,54471.56674721012,0.0,0.0,8697.708635502788,61,1,0.0,0,0.0,6000.0,6000.0
2025-04-04,1,35804.61927941458,611.1210296805981,36415.74030909518,26150.8733921223,2080.78095120065,28231.65434332295,0.0,0.0,29984.93805909518,37,1,0.0,0,0.0,6000.0,6000.0
2025-04-05,1,35978.677824715654,698.8700090829628,36677.54783379862,26188.823883194043,2311.2936064700584,28500.117489664102,0.0,0.0,24633.432850465284,44,1,0.0,0,0.0,6000.0,6000.0
2025-04-06,1,63071.33432058635,810.504948585342,63881.839269171694,49343.87460631909,3203.4748985594965,52547.34950487859,0.0,0.0,9471.763002505026,53,1,0.0,0,0.0,6000.0,6000.0
2025-04-07,1,62627.26296045344,746.4754935940829,63373.73845404752,48994.30267174764,2329.976653474946,51324.27932522258,0.0,0.0,10131.01917071419,44,1,0.0,0,0.0,6000.0,6000.0
2025-04-08,1,62801.124586637336,1342.3332674346264,64143.45785407196,49111.77615793887,5762.5604140436535,54874.33657198252,0.0,0.0,9790.264237405296,68,1,0.0,0,0.0,6000.0,6000.0
2025-04-09,1,62786.69462510198,1590.7076652332091,64377.402290335194,49109.98253114934,6047.882254966995,55157.86478611633,0.0,0.0,5243.091273668525,64,1,0.0,0,0.0,6000.0,6000.0
2025-04-10,1,62743.1902943094,1268.173419215875,64011.36371352528,49084.067665428636,5236.807345456938,54320.875010885575,0.0,0.0,9550.725813525274,60,1,0.0,0,0.0,6000.0,6000.0
2025-04-11,1,35150.18253468501,890.1638831312406,36040.34641781625,25550.54674696258,3130.8402353423903,28681.386982304968,0.0,0.0,30723.696251149588,48,1,0.0,0,0.0,6000.0,6000.0
2025-04-12,1,35415.04326024101,443.74043396029595,35858.7836942013,25675.967826334894,1626.8904690842471,27302.85829541914,0.0,0.0,26833.6231442013,29,1,0.0,0,0.0,6000.0,6000.0
2025-04-13,1,61895.56576788863,985.0467602992899,62880.612528187914,48250.01339699138,4261.230906545155,52511.244303536536,0.0,0.0,8604.254044854584,56,1,0.0,0,0.0,6000.0,6000.0
2025-04-14,1,61377.11192136465,968.0113427180291,62345.12326408268,47788.56468519706,3658.455132977036,51447.0198181741,0.0,0.0,9817.091464082678,54,1,0.0,0,0.0,6000.0,6000.0
2025-04-15,1,61722.11311194894,583.5226163780965,62305.63572832703,48124.70098124103,2448.544633887854,50573.245615128886,0.0,0.0,12166.206894993698,35,1,0.0,0,0.0,6000.0,6000.0
2025-04-16,1,61153.722643598776,1291.1600472205014,62444.88269081928,47559.40684792474,4850.884413944208,52410.29126186895,0.0,0.0,6665.290740819279,58,1,0.0,0,0.0,6000.0,6000.0
2025-04-17,1,60882.309976454606,691.7717734053363,61574.08174985994,47421.20620294607,3064.315782591986,50485.52198553806,0.0,0.0,8705.73939985994,47,1,0.0,0,0.0,6000.0,6000.0
2025-04-18,1,34635.69935382663,500.5601130355508,35136.25946686218,25039.85068056076,1574.9374616184102,26614.78814217917,0.0,0.0,28782.142283528847,34,1,0.0,0,0.0,6000.0,6000.0
2025-04-19,1,34538.95202397778,535.662753849191,35074.614777826966,24914.401720525628,1721.1130386661239,26635.514759191752,0.0,0.0,28289.93552782697,32,1,0.0,0,0.0,6000.0,6000.0
2025-04-20,1,60344.62168165266,1191.2333529928774,61535.85503464554,46931.95095779825,4896.290074026353,51828.241031824604,0.0,0.0,9578.110151312201,48,1,0.0,0,0.0,6000.0,6000.0
2025-04-21,1,60243.06699534055,875.3145518724274,61118.38154721298,46745.38147808144,2997.7556015931673,49743.137079674605,0.0,0.0,12601.471163879642,49,1,0.0,0,0.0,6000.0,6000.0
2025-04-22,1,60168.57682277179,1142.0627941176497,61310.63961688944,46807.52762543172,3870.2357069745212,50677.76333240624,0.0,0.0,9157.710300222772,52,1,0.0,0,0.0,6000.0,6000.0
2025-04-23,1,60280.526111940475,757.9598877935084,61038.48599973398,46735.38365824584,2518.6802956338975,49254.06395387973,0.0,0.0,9638.569283067318,43,1,0.0,0,0.0,6000.0,6000.0
2025-04-24,1,59798.88566117628,549.1275971847809,60348.01325836106,46527.258423621184,2203.6780630672815,48730.936486688464,0.0,0.0,13257.90655836106,41,1,0.0,0,0.0,6000.0,6000.0
2025-04-25,1,33693.137400109976,512.8770234523344,34206.01442356231,24179.63934615941,1914.563090021058,26094.202436180465,0.0,0.0,32205.656773562307,29,1,0.0,0,0.0,6000.0,6000.0
2025-04-26,1,33617.97910802455,900.2975245004052,34518.276632524954,24075.370813731693,3393.2651206540163,27468.63593438571,0.0,0.0,34448.082999191625,50,1,0.0,0,0.0,6000.0,6000.0
2025-04-27,1,58345.73687302276,2100.7279592747195,60446.46483229748,45129.94792673733,8646.786681306787,53776.73460804412,0.0,0.0,11872.99364896415,60,1,0.0,0,0.0,6000.0,6000.0
2025-04-28,1,58762.261476908614,2704.5900186274534,61466.851495536066,45357.316799230306,11745.165203989125,57102.482003219426,0.0,0.0,4844.884178869398,65,1,0.0,0,0.0,6000.0,6000.0
2025-04-29,1,58805.00902849999,1315.7122973229582,60120.721325822946,45518.86502425896,5273.420641226505,50792.28566548546,0.0,0.0,12687.507609156279,42,1,0.0,0,0.0,6000.0,6000.0
2025-04-30,1,58902.63572146053,630.1718146617042,59532.807536122236,45452.83992466841,2408.11346395388,47860.95338862229,0.0,0.0,11275.953102788899,34,1,0.0,0,0.0,6000.0,6000.0
2025-05-01,1,58438.00936423495,4279.556916864063,62717.56628109902,45322.01010899705,19379.828109340964,64701.838218338016,0.0,0.0,11706.187481099016,87,1,0.0,0,0.0,6000.0,6000.0
2025-05-02,1,33308.794108365764,3743.5296798432137,37052.323788208974,23889.62516664842,17009.61082385089,40899.235990499306,0.0,0.0,22762.003704875642,76,1,0.0,0,0.0,6000.0,6000.0
2025-05-03,1,33535.49086273664,2796.2679299691704,36331.75879270581,24025.503743008885,13360.750479808752,37386.25422281764,0.0,0.0,27464.587142705805,64,1,0.0,0,0.0,6000.0,6000.0
2025-05-04,1,58952.92178049085,3053.41642086177,62006.33820135262,45625.586645071344,13672.310390357221,59297.89703542856,0.0,0.0,10271.670868019286,68,1,0.0,0,0.0,6000.0,6000.0
2025-05-05,1,58997.04122870584,4613.897275503357,63610.9385042092,45510.83125155846,21136.50405907281,66647.33531063127,0.0,0.0,8534.931704209199,80,1,0.0,0,0.0,6000.0,6000.0
2025-05-06,1,58694.2877348589,4501.540809102705,63195.82854396161,45414.00370920825,19841.881586545212,65255.88529575346,0.0,0.0,10325.746177294945,91,1,0.0,0,0.0,6000.0,6000.0
2025-05-07,1,59040.19905934709,4462.515705715042,63502.714765062134,45618.06303165618,20621.750255001778,66239.81328665795,0.0,0.0,8434.868815062131,90,1,0.0,0,0.0,6000.0,6000.0
2025-05-08,1,60449.36465623672,2626.301412518567,63075.66606875529,47229.421583984724,11465.68037508542,58695.10195907015,0.0,0.0,7249.153668755286,65,1,0.0,0,0.0,6000.0,6000.0
2025-05-09,1,34391.59893659034,1722.7420330682617,36114.3409696586,24904.22687040447,8161.373025929549,33065.59989633402,0.0,0.0,27614.9551196586,56,1,0.0,0,0.0,6000.0,6000.0
2025-05-10,1,34315.34669195101,2021.108407031941,36336.45509898295,24834.17706717926,8729.812950865335,33563.99001804459,0.0,0.0,24215.409815649615,57,1,0.0,0,0.0,6000.0,6000.0
2025-05-11,1,60031.1120682759,2668.095582332263,62699.207650608165,46731.178198047055,11965.412697151303,58696.59089519836,0.0,0.0,7215.128567274827,76,1,0.0,0,0.0,6000.0,6000.0
2025-05-12,1,60455.268663378636,1879.3179920027108,62334.58665538135,46988.24926442138,8790.262813569903,55778.512077991276,0.0,0.0,10403.391422048013,57,1,0.0,0,0.0,6000.0,6000.0
2025-05-13,1,59951.59284549282,1463.5031548812851,61415.096000374106,46536.88216116952,7324.683419696337,53861.565580865856,0.0,0.0,8285.88323370744,52,1,0.0,0,0.0,6000.0,6000.0
2025-05-14,1,59953.650362426444,1851.8053980702364,61805.45576049668,46508.298388391086,8422.227454049222,54930.52584244031,0.0,0.0,8791.306977163347,56,1,0.0,0,0.0,6000.0,6000.0
2025-05-15,1,59995.33327386874,2135.163050967233,62130.49632483597,46859.03722812575,8291.277012438082,55150.314240563835,0.0,0.0,9365.43804150264,60,1,0.0,0,0.0,6000.0,6000.0
2025-05-16,1,34238.37992700355,1417.3374302408217,35655.71735724437,24893.80237229135,5446.208359000386,30340.010731291735,0.0,0.0,32940.21082391104,51,1,0.0,0,0.0,6000.0,6000.0
2025-05-17,1,34329.47889206474,1825.4797690598396,36154.95866112458,24899.553259941036,7965.601366551123,32865.15462649216,0.0,0.0,25706.159577791248,61,1,0.0,0,0.0,6000.0,6000.0
2025-05-18,1,59230.67887896903,2090.352091904951,61321.03097087398,45951.51651887428,8757.017534827495,54708.534053701784,0.0,0.0,7644.862870873984,68,1,0.0,0,0.0,6000.0,6000.0
2025-05-19,1,59016.83423252119,1270.0802672879902,60286.91449980918,45732.30545554939,6299.5678883633755,52031.87334391276,0.0,0.0,12771.697949809182,52,1,0.0,0,0.0,6000.0,6000.0
2025-05-20,1,58947.34711109732,1975.0398881037004,60922.38699920102,45745.70157491986,8704.036371987371,54449.73794690723,0.0,0.0,6394.992182534352,63,1,0.0,0,0.0,6000.0,6000.0
2025-05-21,1,59146.24832641231,2260.32033597372,61406.568662386024,45834.808232649615,9238.604594331262,55073.41282698088,0.0,0.0,10043.953379052693,62,1,0.0,0,0.0,6000.0,6000.0
2025-05-22,1,59181.45321966142,1076.5579602287903,60258.01117989021,46036.635618415545,4699.030205933071,50735.665824348616,0.0,0.0,9441.380363223541,53,1,0.0,0,0.0,6000.0,6000.0
2025-05-23,1,34223.96290361608,924.8158997189488,35148.77880333502,24886.984357952773,3584.0020626665423,28470.986420619312,0.0,0.0,28727.82992000169,52,1,0.0,0,0.0,6000.0,6000.0
2025-05-24,1,34628.917531444924,884.1169727050557,35513.03450414998,25195.4553133255,3187.1668928836725,28382.62220620917,0.0,0.0,31758.53312081665,41,1,0.0,0,0.0,6000.0,6000.0
2025-05-25,1,59499.760426036315,1115.0264535324197,60614.78687956873,46133.21295830165,5091.527909127122,51224.74086742877,0.0,0.0,12069.776696235404,43,1,0.0,0,0.0,6000.0,6000.0
2025-05-26,1,58907.81362752148,2042.9780615588522,60950.79168908033,45697.97339928287,8959.71752325617,54657.69092253904,0.0,0.0,6370.958739080328,55,1,0.0,0,0.0,6000.0,6000.0
2025-05-27,1,59317.10629835034,1117.9390118925442,60435.04531024289,46101.907926719425,4292.452616975554,50394.36054369498,0.0,0.0,11044.678010242887,51,1,0.0,0,0.0,6000.0,6000.0
2025-05-28,1,59278.80988660444,1689.1734250427714,60967.98331164721,45979.57491395457,7283.828334579748,53263.40324853432,0.0,0.0,8694.159211647207,60,1,0.0,0,0.0,6000.0,6000.0
2025-05-29,1,58998.69371938882,2471.9907296148012,61470.684449003624,45960.441493422695,11331.885095789947,57292.326589212644,0.0,0.0,7360.560949003627,72,1,0.0,0,0.0,6000.0,6000.0
2025-05-30,1,34372.49648531291,1161.3332005780835,35533.829685890996,25026.02110492456,4551.1306518646625,29577.151756789222,0.0,0.0,28937.596419224334,40,1,0.0,0,0.0,6000.0,6000.0
2025-05-31,1,34800.340555173614,1100.3790302314223,35900.71958540504,25343.870577044796,3914.683812235081,29258.554389279874,0.0,0.0,27511.538035405036,46,1,0.0,0,0.0,6000.0,6000.0
2025-06-01,1,60133.33389056173,11798.007030054709,71931.34092061644,46850.79612364741,49469.52514551072,96320.32126915813,0.0,0.0,706.5146206164342,128,1,0.0,0,0.0,6000.0,6000.0
2025-06-02,1,60125.31724379147,12488.990205230954,72614.30744902242,46970.46794933753,52337.8076427066,99308.27559204413,0.0,0.0,3973.4999990224273,119,1,0.0,0,0.0,6000.0,6000.0
2025-06-03,1,61044.212758223824,10331.650720947307,71375.86347917114,47787.83432729592,43859.91342061587,91647.7477479118,0.0,0.0,3183.4966458377976,119,1,0.0,0,0.0,6000.0,6000.0
2025-06-04,1,61836.05897666892,9339.419536031059,71175.47851269998,48426.32076213147,37150.20421409336,85576.52497622484,0.0,0.0,1530.217696033312,117,1,0.0,0,0.0,6000.0,6000.0
2025-06-05,1,62066.094874388546,11012.513088297335,73078.60796268588,48835.88864523463,44715.52564484279,93551.41429007742,0.0,0.0,1929.2899460192123,118,1,0.0,0,0.0,6000.0,6000.0
2025-06-06,1,35014.1216762074,8683.541019838138,43697.66269604553,25633.59742003863,35563.5735861282,61197.17100616683,0.0,0.0,12842.667296045533,96,1,0.0,0,0.0,6000.0,6000.0
2025-06-07,1,35678.46302991653,6899.870952916738,42578.33398283327,26103.087766549084,28346.246005230358,54449.33377177944,0.0,0.0,11451.8208161666,95,1,0.0,0,0.0,6000.0,6000.0
2025-06-08,1,68269.96625427218,3673.617156158708,71943.58341043089,54027.61851284392,14657.598695742048,68685.21720858596,0.0,0.0,6758.660143764217,79,1,0.0,0,0.0,6000.0,6000.0
2025-06-09,1,67351.94996264264,6108.911167649883,73460.86113029253,53204.608965811014,25632.50792993841,78837.11689574942,0.0,0.0,2528.148396959187,108,1,0.0,0,0.0,6000.0,6000.0
2025-06-10,1,67654.30578879082,6071.838163653113,73726.14395244393,53515.941420838644,24342.67517545513,77858.61659629377,0.0,0.0,2107.6997191105957,103,1,0.0,0,0.0,6000.0,6000.0
2025-06-11,1,68086.79002237417,9223.199544806652,77309.98956718083,53650.92773227973,40361.351874758,94012.27960703774,0.0,0.0,1225.5432505141655,116,1,0.0,0,0.0,6000.0,6000.0
2025-06-12,1,68809.72476921587,5567.417646447845,74377.14241566372,54555.58957835831,23294.409317703863,77849.99889606217,0.0,0.0,1924.7509823303799,100,1,0.0,0,0.0,6000.0,6000.0
2025-06-13,1,38550.13603138101,3655.997965478543,42206.13399685955,28565.786635804256,15670.46845649586,44236.25509230012,0.0,0.0,13860.820296859549,87,1,0.0,0,0.0,6000.0,6000.0
2025-06-14,1,38822.76147577313,3868.6102176724407,42691.371693445566,28729.405631360183,15120.127503473353,43849.53313483354,0.0,0.0,16498.028943445566,73,1,0.0,0,0.0,6000.0,6000.0
2025-06-15,1,70611.55549154023,2663.429324327452,73274.98481586769,55906.65630471315,11421.053788159761,67327.7100928729,0.0,0.0,2648.0104825343537,70,1,0.0,0,0.0,6000.0,6000.0
2025-06-16,1,70939.78461061041,3804.203080689191,74743.9876912996,56287.17319775979,15575.187173240547,71862.36037100034,0.0,0.0,2049.9348746329383,102,1,0.0,0,0.0,6000.0,6000.0
2025-06-17,1,71190.14153939145,5206.708789253289,76396.85032864474,56475.204299886354,21704.13155288605,78179.3358527724,0.0,0.0,1759.8391119780777,96,1,0.0,0,0.0,6000.0,6000.0
2025-06-18,1,71835.92903923636,2188.4538340138747,74024.38287325023,56922.2952234142,9573.490865303738,66495.78608871794,0.0,0.0,3095.9919732502362,68,1,0.0,0,0.0,6000.0,6000.0
2025-06-19,1,70998.92656212095,2511.2768869644524,73510.2034490854,56427.70802432031,10703.328719899895,67131.03674422021,0.0,0.0,5250.699249085403,67,1,0.0,0,0.0,6000.0,6000.0
2025-06-20,1,39705.15839016036,1724.0833517408312,41429.24174190119,29559.01252925984,6398.619264447969,35957.631793707806,0.0,0.0,19028.66089190119,51,1,0.0,0,0.0,6000.0,6000.0
2025-06-21,1,40042.34776756716,1509.350387557574,41551.69815512474,29680.900579133737,5510.0847370161455,35190.98531614988,0.0,0.0,22216.957755124735,54,1,0.0,0,0.0,6000.0,6000.0
2025-06-22,1,70875.0172696962,1757.456133343675,72632.47340303987,56182.87644599523,6878.349114186622,63061.225560181854,0.0,0.0,5175.13230303987,45,1,0.0,0,0.0,6000.0,6000.0
2025-06-23,1,70672.16726291146,1747.4829245737249,72419.65018748518,55952.88846012303,7580.633744957187,63533.52220508022,0.0,0.0,5358.364187485192,61,1,0.0,0,0.0,6000.0,6000.0
2025-06-24,1,70244.38386629726,7042.489094083813,77286.87296038106,55529.68810616202,30818.611415134368,86348.29952129639,0.0,0.0,1018.0807103810637,105,1,0.0,0,0.0,6000.0,6000.0
2025-06-25,1,70504.57505142782,2810.6272808715444,73315.20233229936,55720.63963064666,11246.386452711342,66967.02608335801,0.0,0.0,2877.7809656326936,68,1,0.0,0,0.0,6000.0,6000.0
2025-06-26,1,70500.69294042919,2115.8038828868475,72616.49682331603,56010.928283301306,9034.075490529249,65045.00377383055,0.0,0.0,5069.112989982702,66,1,0.0,0,0.0,6000.0,6000.0
2025-06-27,1,39837.19423358148,917.5487622318733,40754.74299581336,29640.346270624872,3557.1226340629455,33197.46890468782,0.0,0.0,20983.097129146692,44,1,0.0,0,0.0,6000.0,6000.0
2025-06-28,1,40300.48456276578,1134.368608617676,41434.85317138345,29811.18664804719,4218.671106053489,34029.85775410068,0.0,0.0,19657.927054716787,42,1,0.0,0,0.0,6000.0,6000.0
2025-06-29,1,71355.69281434493,1763.0752508901573,73118.7680652351,56588.15069369028,6999.122144584933,63587.27283827522,0.0,0.0,3850.9995319017517,62,1,0.0,0,0.0,6000.0,6000.0
2025-06-30,1,71732.49356190382,2147.8037764452097,73880.29733834903,57030.62337648156,8447.508945130034,65478.1323216116,0.0,0.0,4002.6133550156965,61,1,0.0,0,0.0,6000.0,6000.0
2025-07-01,1,72015.66981960501,8825.574571360898,80841.2443909659,57129.2585149691,31839.241562707088,88968.50007767619,0.0,0.0,1974.700357632582,107,1,0.0,0,0.0,6000.0,6000.0
2025-07-02,1,70763.4836580894,8567.154513703872,79330.63817179328,55977.319556736205,30737.244996742953,86714.56455347915,0.0,0.0,6425.871805126615,91,1,0.0,0,0.0,6000.0,6000.0
2025-07-03,1,69914.67800183107,11654.858662721605,81569.53666455267,55384.69312264332,44731.469742280904,100116.16286492422,0.0,0.0,1809.1177312193322,120,1,0.0,0,0.0,6000.0,6000.0
2025-07-04,1,39936.89228110466,9386.194446397085,49323.086727501744,29680.131322580877,34209.363657682276,63889.494980263145,0.0,0.0,20442.21926083507,95,1,0.0,0,0.0,6000.0,6000.0
2025-07-05,1,40207.53489882127,9630.82442155547,49838.35932037674,29627.679322481523,36291.694486510605,65919.37380899212,0.0,0.0,21048.279353710073,94,1,0.0,0,0.0,6000.0,6000.0
2025-07-06,1,68163.1296191153,14024.289027050556,82187.41864616585,53579.695336102115,56184.89958052618,109764.5949166283,0.0,0.0,2393.4370961658487,123,1,0.0,0,0.0,6000.0,6000.0
2025-07-07,1,67954.84345933769,9400.335150176717,77355.1786095144,53432.403685924866,33776.79929985448,87209.20298577934,0.0,0.0,3945.6958428477437,99,1,0.0,0,0.0,6000.0,6000.0
2025-07-08,1,72069.75141580752,8658.644104246803,80728.39552005433,56405.63565381823,35097.77699948576,91503.41265330398,0.0,0.0,5157.008503387664,119,1,0.0,0,0.0,6000.0,6000.0
2025-07-09,1,71907.98909073186,6397.857854080429,78305.84694481229,56285.76517644986,25324.057886704904,81609.82306315476,0.0,0.0,4247.1219281456215,105,1,0.0,0,0.0,6000.0,6000.0
2025-07-10,1,72381.38109014156,5995.806199358941,78377.18728950049,56928.45112347652,22693.748188371203,79622.19931184773,0.0,0.0,5523.5639061671645,102,1,0.0,0,0.0,6000.0,6000.0
2025-07-11,1,43467.713767311485,5999.368516021847,49467.08228333333,32278.13413705986,21671.2002954507,53949.33443251056,0.0,0.0,16948.30513333333,95,1,0.0,0,0.0,6000.0,6000.0
2025-07-12,1,43838.36659711052,5936.342702468372,49774.70929957889,32369.359479741524,22381.840318067003,54751.19979780853,0.0,0.0,18690.46596624556,96,1,0.0,0,0.0,6000.0,6000.0
2025-07-13,1,71884.34166775703,5180.390904093585,77064.73257185062,56393.316603823594,20173.744953176865,76567.06155700046,0.0,0.0,7797.01217185062,97,1,0.0,0,0.0,6000.0,6000.0
2025-07-14,1,71451.46964171319,5677.189531846298,77128.65917355948,55938.81121345051,22578.11167968217,78516.92289313268,0.0,0.0,5320.979956892824,99,1,0.0,0,0.0,6000.0,6000.0
2025-07-15,1,74939.97662830635,2716.9111718036247,77656.88780010998,58694.20915288854,10497.965102228347,69192.17425511689,0.0,0.0,4907.837216776643,72,1,0.0,0,0.0,6000.0,6000.0
2025-07-16,1,73879.84258830202,4073.0755863600507,77952.91817466207,57757.82819019251,15053.57872053843,72811.40691073093,0.0,0.0,5818.354791328745,80,1,0.0,0,0.0,6000.0,6000.0
2025-07-17,1,73989.6152406811,4742.434759500314,78732.05000018142,57967.34224130479,19198.96495860583,77166.30719991062,0.0,0.0,6011.633933514747,94,1,0.0,0,0.0,6000.0,6000.0
2025-07-18,1,46077.16481262478,2639.260581603784,48716.425394228565,34170.9451371169,9817.412289609845,43988.35742672675,0.0,0.0,17442.17729422856,76,1,0.0,0,0.0,6000.0,6000.0
2025-07-19,1,46135.752513076906,3184.629655684959,49320.38216876186,34079.27669292842,12370.257592656359,46449.53428558478,0.0,0.0,22137.563118761867,77,1,0.0,0,0.0,6000.0,6000.0
2025-07-20,1,73561.57779750625,3042.959618058771,76604.53741556502,57616.97135232964,11482.127203614162,69099.0985559438,0.0,0.0,4514.55919889835,83,1,0.0,0,0.0,6000.0,6000.0
2025-07-21,1,73947.3759190448,4104.6451994416575,78052.02111848646,57839.250090206835,16483.226391833086,74322.47648203993,0.0,0.0,4062.271768486455,87,1,0.0,0,0.0,6000.0,6000.0
2025-07-22,1,76394.07802288646,2441.5656955417085,78835.64371842817,59790.26106246807,9288.430651614877,69078.69171408295,0.0,0.0,5040.4991017615075,75,1,0.0,0,0.0,6000.0,6000.0
2025-07-23,1,76569.4337246978,2697.1691486793425,79266.60287337714,59858.36539454343,11791.636704785686,71650.00209932911,0.0,0.0,5050.055756710469,81,1,0.0,0,0.0,6000.0,6000.0
2025-07-24,1,76919.99726618445,2519.6574196962033,79439.65468588065,60351.61955098415,9887.000936634684,70238.62048761883,0.0,0.0,5823.182685880659,73,1,0.0,0,0.0,6000.0,6000.0
2025-07-25,1,47805.88712909311,1136.6574896584154,48942.544618751526,35463.29654377618,4419.965938856097,39883.26248263228,0.0,0.0,22437.22505208486,44,1,0.0,0,0.0,6000.0,6000.0
2025-07-26,1,48184.46327503807,1229.025757022541,49413.489032060614,35694.499699650696,4316.293489068807,40010.7931887195,0.0,0.0,20944.39746539394,46,1,0.0,0,0.0,6000.0,6000.0
2025-07-27,1,76036.13606910683,3400.7038797586174,79436.83994886544,59590.093096419456,13959.757802249871,73549.85089866932,0.0,0.0,5751.650148865449,76,1,0.0,0,0.0,6000.0,6000.0
2025-07-28,1,76643.49221396142,3498.841131398871,80142.3333453603,60049.01307683053,15479.843561386018,75528.85663821654,0.0,0.0,2187.456112026958,79,1,0.0,0,0.0,6000.0,6000.0
2025-07-29,1,78666.01295430977,1676.2264271718109,80342.23938148159,61660.07322245018,7155.270097415716,68815.34331986589,0.0,0.0,4272.993431481582,47,1,0.0,0,0.0,6000.0,6000.0
2025-07-30,1,78673.59888844773,1641.504092800746,80315.10298124848,61717.19766740697,7103.441864793615,68820.63953220058,0.0,0.0,6211.848931248469,51,1,0.0,0,0.0,6000.0,6000.0
2025-07-31,1,78527.68519536969,1611.2915908164637,80138.97678618615,61613.72196560516,7079.751082283359,68693.47304788852,0.0,0.0,5443.980519519484,50,1,0.0,0,0.0,6000.0,6000.0
2025-08-01,1,48966.17851706239,759.3343259865034,49725.5128430489,36345.05025566714,2467.474515590442,38812.52477125758,0.0,0.0,28474.153176382228,33,1,0.0,0,0.0,6000.0,6000.0
2025-08-02,1,49188.67535574887,381.1688382719538,49569.84419402082,36494.17280997059,1547.758663015101,38041.931472985685,0.0,0.0,28642.819260687495,20,1,0.0,0,0.0,6000.0,6000.0
2025-08-03,1,77723.93797801966,818.7088918400927,78542.64686985976,60969.802851574714,3238.668720131875,64208.471571706585,0.0,0.0,15703.166886526418,35,1,0.0,0,0.0,6000.0,6000.0
2025-08-04,1,76917.1163909377,524.9877901819802,77442.10418111969,60168.837203729236,1804.1456414798129,61972.982845209044,0.0,0.0,12026.449097786359,27,1,0.0,0,0.0,6000.0,6000.0
2025-08-05,1,76119.81556196397,622.5367287904437,76742.35229075441,59450.22903164979,2185.943744653103,61636.17277630289,0.0,0.0,11590.042557421084,34,1,0.0,0,0.0,6000.0,6000.0
2025-08-06,1,75851.27318384843,2085.5673161872814,77936.84050003572,59177.9326687472,8023.3613133521785,67201.29398209938,0.0,0.0,9822.441233369047,45,1,0.0,0,0.0,6000.0,6000.0
2025-08-07,1,75103.17386608482,963.2811699086362,76066.45503599345,58574.88739478248,3433.7952866069127,62008.6826813894,0.0,0.0,12678.469785993455,39,1,0.0,0,0.0,6000.0,6000.0
2025-08-08,1,47819.16898878236,628.1623064115588,48447.331295193915,35376.35548383594,2641.7952456944113,38018.15072953035,0.0,0.0,32672.160045193916,31,1,0.0,0,0.0,6000.0,6000.0
2025-08-09,1,47795.28861712913,754.6324348880505,48549.921052017184,35441.05030969317,2904.360785406173,38345.41109509934,0.0,0.0,29627.99205201718,31,1,0.0,0,0.0,6000.0,6000.0
2025-08-10,1,74595.41187745756,605.5477454091714,75200.95962286674,58111.49179584636,2324.828299236847,60436.32009508321,0.0,0.0,9896.340572866728,32,1,0.0,0,0.0,6000.0,6000.0
2025-08-11,1,74680.91351844886,1423.4770773297255,76104.39059577858,58129.98327579299,6091.491005773931,64221.474281566916,0.0,0.0,11543.137262445243,43,1,0.0,0,0.0,6000.0,6000.0
2025-08-12,1,74384.70826568251,1730.8663093160778,76115.57457499858,57895.08957666009,7297.44390048692,65192.53347714701,0.0,0.0,8355.03092499859,48,1,0.0,0,0.0,6000.0,6000.0
2025-08-13,1,74623.3377106922,778.6127652745669,75401.95047596676,58100.61954513719,3121.3140925082503,61221.93363764544,0.0,0.0,9280.97102596676,33,1,0.0,0,0.0,6000.0,6000.0
2025-08-14,1,74038.10594943038,2096.1761250521695,76134.28207448254,57671.397849113746,9755.984595406495,67427.38244452023,0.0,0.0,10207.991091149208,59,1,0.0,0,0.0,6000.0,6000.0
2025-08-15,1,47435.57461896302,967.6843033886048,48403.258922351626,35240.059891229175,3535.0999928243964,38775.15988405357,0.0,0.0,31243.53203901829,38,1,0.0,0,0.0,6000.0,6000.0
2025-08-16,1,47505.86837258944,743.8638959750352,48249.732268564476,35309.130338831215,2984.1653513244974,38293.29569015571,0.0,0.0,31320.451901897806,35,1,0.0,0,0.0,6000.0,6000.0
2025-08-17,1,74140.10332938074,1207.607677888071,75347.71100726881,57808.403984436874,5112.587237384112,62920.99122182099,0.0,0.0,12182.317390602144,48,1,0.0,0,0.0,6000.0,6000.0
2025-08-18,1,74203.73529141146,1592.9952284802528,75796.73051989172,57804.59645937648,7129.081773250037,64933.67823262652,0.0,0.0,11402.614903225047,49,1,0.0,0,0.0,6000.0,6000.0
2025-08-19,1,74139.47792288176,1157.6169994961756,75297.09492237795,57799.26417246922,4861.426751671222,62660.69092414044,0.0,0.0,10979.434872377942,41,1,0.0,0,0.0,6000.0,6000.0
2025-08-20,1,73946.56788289436,3610.0117792923916,77556.57966218675,57670.15469305886,16830.521420675752,74500.67611373462,0.0,0.0,6905.888595520085,68,1,0.0,0,0.0,6000.0,6000.0
2025-08-21,1,74360.15405403906,825.2481413466071,75185.40219538566,58176.72158600362,3379.774627004818,61556.49621300844,0.0,0.0,9340.983712052337,38,1,0.0,0,0.0,6000.0,6000.0
2025-08-22,1,47482.06540619066,1517.7629918118932,48999.82839800255,35308.07241467914,6046.571731332715,41354.64414601185,0.0,0.0,27769.258998002555,47,1,0.0,0,0.0,6000.0,6000.0
2025-08-23,1,47498.10225364333,795.1081179619514,48293.21037160528,35379.74776981577,2646.468126805292,38026.21589662106,0.0,0.0,25763.204221605283,40,1,0.0,0,0.0,6000.0,6000.0
2025-08-24,1,74504.78171538172,1629.3049201361105,76134.08663551783,58257.44045606063,6755.134905981086,65012.57536204171,0.0,0.0,12400.497152184495,63,1,0.0,0,0.0,6000.0,6000.0
2025-08-25,1,74866.22801766491,2597.6541331594403,77463.88215082434,58539.61536759351,10400.601778759474,68940.21714635298,0.0,0.0,6690.795134157689,53,1,0.0,0,0.0,6000.0,6000.0
2025-08-26,1,75029.3797907093,1255.1987940161325,76284.57858472543,58666.177550073066,5223.711978093118,63889.88952816618,0.0,0.0,10755.760201392097,48,1,0.0,0,0.0,6000.0,6000.0
2025-08-27,1,75228.98243911228,1886.9860132846454,77115.96845239693,58897.30716314107,9018.332005426453,67915.63916856752,0.0,0.0,9201.819585730263,57,1,0.0,0,0.0,6000.0,6000.0
2025-08-28,1,75239.95465754704,2174.3394929605424,77414.29415050759,58987.30857553136,9459.699509721206,68447.00808525256,0.0,0.0,6646.499167174248,62,1,0.0,0,0.0,6000.0,6000.0
2025-08-29,1,48313.82297138909,1029.5655459430761,49343.38851733217,36121.71730746229,4354.0984504689,40475.81575793119,0.0,0.0,26788.168167332165,36,1,0.0,0,0.0,6000.0,6000.0
2025-08-30,1,48219.40142947004,968.6022656458566,49188.0036951159,36065.98186632183,3426.2899142485103,39492.27178057034,0.0,0.0,30675.283861782566,42,1,0.0,0,0.0,6000.0,6000.0
2025-08-31,1,76047.75915306431,897.308562262893,76945.0677153272,59730.555967558226,3627.3028036137584,63357.85877117198,0.0,0.0,10298.444631993869,33,1,0.0,0,0.0,6000.0,6000.0
2025-09-01,1,75992.78896462599,0.0,75992.78896462599,59628.68494358868,0.0,59628.68494358868,0.0,0.0,22418.654431292645,0,0,0.0,0,0.0,6000.0,6000.0
2025-09-02,1,75246.70478498768,212.35933960107621,75459.06412458875,59038.184156136,980.1699068186493,60018.35406295465,0.0,0.0,21401.30827458876,12,1,0.0,0,0.0,6000.0,6000.0
2025-09-03,1,75088.06806222718,37.708834700994544,75125.77689692818,58944.85400703141,147.7212210944408,59092.575228125854,0.0,0.0,19578.059646928166,2,1,0.0,0,0.0,6000.0,6000.0
2025-09-04,1,75082.14708539845,120.0475341934091,75202.19461959186,58955.73501160388,594.2890914193024,59550.02410302318,0.0,0.0,21276.62906959186,7,1,0.0,0,0.0,6000.0,6000.0
2025-09-05,1,48138.38253977497,48.34514340044744,48186.72768317541,36129.33032842915,216.8106585267301,36346.14098695588,0.0,0.0,41362.46601650875,2,1,0.0,0,0.0,6000.0,6000.0
2025-09-06,1,48313.19014197074,108.66895189686613,48421.859093867606,36164.05037946389,439.9461657382231,36603.99654520212,0.0,0.0,40700.77539386761,7,1,0.0,0,0.0,6000.0,6000.0
2025-09-07,1,74817.88940667662,388.1335028706787,75206.0229095473,58812.18847136373,2085.3118350225836,60897.500306386304,0.0,0.0,20245.03929288064,10,1,0.0,0,0.0,6000.0,6000.0
2025-09-08,1,70710.7633171517,1096.8240126755418,71807.58732982723,55471.69026503389,4510.911530100448,59982.60179513434,0.0,0.0,12412.017796493896,24,1,0.0,0,0.0,6000.0,6000.0
2025-09-09,1,71213.48120545936,274.95208435978464,71488.43328981915,55991.140202595554,1147.6271658549863,57138.76736845054,0.0,0.0,18385.599023152477,13,1,0.0,0,0.0,6000.0,6000.0
2025-09-10,1,71294.7255976275,2108.690524089637,73403.41612171713,55988.52352069663,10204.322606395564,66192.8461270922,0.0,0.0,12087.417471717139,30,1,0.0,0,0.0,6000.0,6000.0
2025-09-11,1,71477.67639805331,421.23872591412464,71898.91512396744,56358.64383738914,2264.7126974256626,58623.356534814804,0.0,0.0,18402.829340634104,8,1,0.0,0,0.0,6000.0,6000.0
2025-09-12,1,44544.419161374615,311.71688294512455,44856.13604431974,33480.504728953754,1199.3582897801066,34679.863018733864,0.0,0.0,33304.479844319736,8,1,0.0,0,0.0,6000.0,6000.0
2025-09-13,1,44991.45245588611,223.01291834639898,45214.46537423251,33721.321684517985,982.2688983740323,34703.59058289202,0.0,0.0,37207.36389089918,11,1,0.0,0,0.0,6000.0,6000.0
2025-09-14,1,71994.8052763935,640.8089999257437,72635.61427631925,56842.25083840253,3143.090935942333,59985.341774344866,0.0,0.0,12536.28952631925,17,1,0.0,0,0.0,6000.0,6000.0
2025-09-15,1,69755.59701148648,800.4827397524127,70556.07975123888,54959.83891179142,3489.1283063253754,58448.96721811679,0.0,0.0,15489.04911790555,25,1,0.0,0,0.0,6000.0,6000.0
2025-09-16,1,69817.56137200195,336.524266182581,70154.08563818452,55155.77260626752,1252.3326379634316,56408.10524423095,0.0,0.0,10662.315654851202,26,1,0.0,0,0.0,6000.0,6000.0
2025-09-17,1,70007.60371088395,855.2498357462449,70862.8535466302,55275.26880188393,4157.49565263733,59432.76445452126,0.0,0.0,10902.735146630192,26,1,0.0,0,0.0,6000.0,6000.0
2025-09-18,1,69786.03360820784,522.9309401359208,70308.96454834376,55264.83387440428,2489.4955700401392,57754.32944444442,0.0,0.0,11352.913431677098,14,1,0.0,0,0.0,6000.0,6000.0
2025-09-19,1,42691.65342068787,364.89703260391434,43056.550453291784,32137.259138908994,1316.2490977519353,33453.50823666093,0.0,0.0,26955.198136625117,20,1,0.0,0,0.0,6000.0,6000.0
2025-09-20,1,42832.19807366007,496.5543211437602,43328.75239480383,32170.998589982657,1925.8268059179136,34096.825395900574,0.0,0.0,27683.31866147049,18,1,0.0,0,0.0,6000.0,6000.0
2025-09-21,1,70724.90071139905,191.47345926155825,70916.37417066061,56091.748474847554,753.8442429361174,56845.59271778367,0.0,0.0,12628.886687327275,16,1,0.0,0,0.0,6000.0,6000.0
2025-09-22,1,68670.914297385,1079.946620139868,69750.86091752486,54369.492049367596,4369.263845659794,58738.755895027396,0.0,0.0,9136.841034191528,49,1,0.0,0,0.0,6000.0,6000.0
2025-09-23,1,69119.24191792152,1571.2432574915902,70690.48517541311,54769.07973215769,6856.774806733829,61625.854538891515,0.0,0.0,8573.869592079784,54,1,0.0,0,0.0,6000.0,6000.0
2025-09-24,1,69080.55985971086,1307.2790538322727,70387.83891354314,54725.07262761678,5659.803836663313,60384.87646428009,0.0,0.0,9324.613813543134,47,1,0.0,0,0.0,6000.0,6000.0
2025-09-25,1,69008.56272980843,1191.9654784050547,70200.52820821348,54928.30446801589,4678.118849381706,59606.423317397595,0.0,0.0,9865.079308213482,51,1,0.0,0,0.0,6000.0,6000.0
2025-09-26,1,41375.945706731145,294.6661250531093,41670.611831784256,31165.457546336213,1031.2750703808665,32196.73261671708,0.0,0.0,23976.368331784255,27,1,0.0,0,0.0,6000.0,6000.0
2025-09-27,1,41499.161501603594,1194.25946307315,42693.42096467674,31249.96835616434,4585.377602624116,35835.34595878846,0.0,0.0,24892.11871467674,46,1,0.0,0,0.0,6000.0,6000.0
2025-09-28,1,69312.14429287311,1455.172842444496,70767.31713531761,55098.91931506203,6573.051951933319,61671.971266995344,0.0,0.0,7279.6879686509465,45,1,0.0,0,0.0,6000.0,6000.0
2025-09-29,1,68728.13261085386,1561.1358600934363,70289.2684709473,54579.19754593388,6641.544629563281,61220.74217549716,0.0,0.0,7529.376870947304,64,1,0.0,0,0.0,6000.0,6000.0
2025-09-30,1,69142.81169310812,2691.6415053587893,71834.4531984669,55080.4471733843,11589.015744386203,66669.4629177705,0.0,0.0,6412.278431800234,73,1,0.0,0,0.0,6000.0,6000.0
2025-10-01,1,69146.96179463745,194.13910738725085,69341.1009020247,54918.639551373955,434.34101059290407,55352.980561966855,0.0,0.0,19679.579368691364,15,1,0.0,0,0.0,6000.0,6000.0
2025-10-02,1,68536.74169993984,332.82462699509466,68869.56632693493,54584.02808064678,876.4963750639904,55460.524455710765,0.0,0.0,17138.783210268266,21,1,0.0,0,0.0,6000.0,6000.0
2025-10-03,1,40114.61013746545,250.2023367576567,40364.81247422311,30185.587375875635,720.7285291232254,30906.31590499886,0.0,0.0,32547.65877422311,20,1,0.0,0,0.0,6000.0,6000.0
2025-10-04,1,40600.74681218487,605.7293509982519,41206.47616318312,30600.160948975354,2162.176325629571,32762.337274604924,0.0,0.0,28110.49372984979,21,1,0.0,0,0.0,6000.0,6000.0
2025-10-05,1,67899.68834405372,520.5469537636537,68420.23529781737,53923.38995623982,1541.1447306688963,55464.534686908715,0.0,0.0,13684.274231150712,33,1,0.0,0,0.0,6000.0,6000.0
2025-10-06,1,68195.68221663847,503.35983689959323,68699.04205353805,54134.653438227084,1905.1261405613461,56039.77957878843,0.0,0.0,10965.932803538059,33,1,0.0,0,0.0,6000.0,6000.0
2025-10-07,1,68215.53498899667,1215.2582873883784,69430.79327638505,54210.147002661506,5440.997885799394,59651.1448884609,0.0,0.0,11659.230276385048,38,1,0.0,0,0.0,6000.0,6000.0
2025-10-08,1,66370.46198642679,1054.8803331462796,67425.34231957307,52350.92963700896,4363.945436619664,56714.875073628624,0.0,0.0,10946.846652906395,34,1,0.0,0,0.0,6000.0,6000.0
2025-10-09,1,66523.54888906529,972.1038533698055,67495.6527424351,52677.19244960566,3848.5507700344833,56525.74321964014,0.0,0.0,11735.67105910176,43,1,0.0,0,0.0,6000.0,6000.0
2025-10-10,1,39013.23361060102,889.3092946487329,39902.54290524975,29147.926996319435,3013.0557217671876,32160.982718086623,0.0,0.0,30558.93198858308,41,1,0.0,0,0.0,6000.0,6000.0
2025-10-11,1,39855.79734181753,515.0908868131147,40370.88822863065,29814.387945095034,1751.6529427134467,31566.040887808478,0.0,0.0,26264.57464529731,31,1,0.0,0,0.0,6000.0,6000.0
2025-10-12,1,67439.9254955323,613.406930050948,68053.33242558324,53371.254970090726,2418.671375665009,55789.92634575573,0.0,0.0,9538.376442249917,33,1,0.0,0,0.0,6000.0,6000.0
2025-10-13,1,67922.79253466998,588.9264971678625,68511.71903183784,53847.05674076127,2260.7801386701694,56107.836879431445,0.0,0.0,11484.323731837832,30,1,0.0,0,0.0,6000.0,6000.0
2025-10-14,1,67891.67931417385,1902.4393839236384,69794.11869809749,53853.98221316561,7929.2555021987155,61783.23771536433,0.0,0.0,9020.289414764156,56,1,0.0,0,0.0,6000.0,6000.0
2025-10-15,1,66985.27774468914,1457.414565707895,68442.69231039703,52914.830795483715,6061.121157702575,58975.95195318629,0.0,0.0,6522.668660397042,55,1,0.0,0,0.0,6000.0,6000.0
2025-10-16,1,67298.31773272893,3204.129526313613,70502.44725904254,53358.49417862284,13274.666001583291,66633.16018020612,0.0,0.0,7535.974309042541,70,1,0.0,0,0.0,6000.0,6000.0
2025-10-17,1,39210.08517147933,419.9203028603393,39630.00547433967,29188.038921042942,1333.0640438222745,30521.10296486522,0.0,0.0,23625.806157673003,31,1,0.0,0,0.0,6000.0,6000.0
2025-10-18,1,39754.29004413081,633.3778256415319,40387.66786977234,29692.97457952481,2006.2701032134687,31699.244682738277,0.0,0.0,24311.07460310567,31,1,0.0,0,0.0,6000.0,6000.0
2025-10-19,1,68290.08208995168,2676.895206049669,70966.97729600135,54116.484123269365,10965.82623238308,65082.310355652444,0.0,0.0,7081.254762668019,65,1,0.0,0,0.0,6000.0,6000.0
2025-10-20,1,69037.74955627808,1923.2129381018187,70960.9624943799,54810.3975272946,8730.199958377158,63540.59748567176,0.0,0.0,6520.180127713232,45,1,0.0,0,0.0,6000.0,6000.0
2025-10-21,1,69465.51566174215,1830.1532796805986,71295.66894142274,55153.45502037083,7947.006633418427,63100.46165378926,0.0,0.0,4833.087591422741,56,1,0.0,0,0.0,6000.0,6000.0
2025-10-22,1,68818.52514829395,2750.5749106799794,71569.10005897393,54516.20052969172,12897.464597411923,67413.66512710364,0.0,0.0,6014.203358973923,71,1,0.0,0,0.0,6000.0,6000.0
2025-10-23,1,69298.74172929897,1154.3266914791436,70453.06842077812,55090.09191115494,4908.867551093857,59998.95946224879,0.0,0.0,7073.571387444774,54,1,0.0,0,0.0,6000.0,6000.0
2025-10-24,1,39349.59660880567,1341.2492402411988,40690.84584904686,29265.571826678537,5494.629889859617,34760.201716538155,0.0,0.0,22270.7951323802,54,1,0.0,0,0.0,6000.0,6000.0
2025-10-25,1,39847.68744278758,775.9207154042837,40623.60815819186,29633.97954140476,2690.316649959482,32324.29619136424,0.0,0.0,21225.175424858535,43,1,0.0,0,0.0,6000.0,6000.0
2025-10-26,1,70254.86245580434,602.2735842686088,70857.13604007295,55900.69484841108,2202.090476846926,58102.78532525801,0.0,0.0,6312.8240234062705,45,1,0.0,0,0.0,6000.0,6000.0
2025-10-27,1,70200.51270891752,1810.6909027936033,72011.20361171113,55921.30391023615,7035.120495848787,62956.42440608494,0.0,0.0,8458.621945044459,64,1,0.0,0,0.0,6000.0,6000.0
2025-10-28,1,70290.87441690541,1401.8156565158968,71692.69007342131,55845.09153947619,5765.203250117111,61610.294789593296,0.0,0.0,5720.268373421313,62,1,0.0,0,0.0,6000.0,6000.0
2025-10-29,1,69808.21776799015,2786.016836880796,72594.23460487094,55463.43938605885,12699.323550735924,68162.76293679478,0.0,0.0,3281.9778048709427,83,1,0.0,0,0.0,6000.0,6000.0
2025-10-30,1,69987.96733600755,1416.0201661243045,71403.98750213186,55704.16015376361,5795.2711513934255,61499.431305157035,0.0,0.0,6616.169852131858,63,1,0.0,0,0.0,6000.0,6000.0
2025-10-31,1,39959.7310275243,1182.6587374551177,41142.389764979416,29784.095706694687,4691.311372966816,34475.4070796615,0.0,0.0,17238.097698312748,60,1,0.0,0,0.0,6000.0,6000.0
2025-11-01,1,40119.13149584344,1023.4438151288716,41142.57531097231,29853.53908165598,3463.896686534375,33317.43576819036,0.0,0.0,18598.536877638973,54,1,0.0,0,0.0,6000.0,6000.0
2025-11-02,1,71078.39409667155,1939.2079928233052,73017.60208949485,56582.35302116665,8646.981805843147,65229.3348270098,0.0,0.0,4221.2181561615225,77,1,0.0,0,0.0,6000.0,6000.0
2025-11-03,1,71452.27960607034,1367.2161671723734,72819.49577324271,56981.74338933733,5132.466482569778,62114.20987190711,0.0,0.0,3314.5654899093856,65,1,0.0,0,0.0,6000.0,6000.0
2025-11-04,1,71504.88822590848,1344.8672523706148,72849.7554782791,56935.679831336965,5973.8821471252295,62909.561978462196,0.0,0.0,5269.68344494576,66,1,0.0,0,0.0,6000.0,6000.0
2025-11-05,1,71577.87497851785,1974.9465382719554,73552.8215167898,57123.45943421119,7939.585738405286,65063.045172616476,0.0,0.0,3874.8014501231355,77,1,0.0,0,0.0,6000.0,6000.0
2025-11-06,1,71382.28200880754,3075.968632208188,74458.25064101572,56969.2479969018,13958.680975250614,70927.92897215241,0.0,0.0,3088.6660910157334,78,1,0.0,0,0.0,6000.0,6000.0
2025-11-07,1,40633.91940724061,1434.1456467664925,42068.0650540071,30376.108119235272,6040.533538718747,36416.64165795402,0.0,0.0,18749.60327067377,58,1,0.0,0,0.0,6000.0,6000.0
2025-11-08,1,40588.82998307672,750.3535781578413,41339.18356123456,30212.159121577053,2990.2071717776203,33202.36629335467,0.0,0.0,17547.97646123456,48,1,0.0,0,0.0,6000.0,6000.0
2025-11-09,1,72292.9992720029,2309.3444838446817,74602.34375584759,57772.5920051565,9759.061251529498,67531.653256686,0.0,0.0,3255.526572514239,77,1,0.0,0,0.0,6000.0,6000.0
2025-11-10,1,72541.4959112825,3169.4922864051687,75710.98819768766,57969.3400811905,14229.956887533514,72199.29696872401,0.0,0.0,1852.5450976876646,86,1,0.0,0,0.0,6000.0,6000.0
2025-11-11,1,72852.39524251122,1952.486844710773,74804.882087222,58275.29318151149,8261.961776988217,66537.25495849972,0.0,0.0,3245.8624205553347,72,1,0.0,0,0.0,6000.0,6000.0
2025-11-12,1,73216.06837633805,1604.9670330964616,74821.03540943451,58633.87591091588,7507.911708317516,66141.7876192334,0.0,0.0,3865.047659434511,69,1,0.0,0,0.0,6000.0,6000.0
2025-11-13,1,73135.52278295827,2167.455327237608,75302.97811019588,58632.14359830508,9288.82350159309,67920.96709989817,0.0,0.0,2907.106793529221,81,1,0.0,0,0.0,6000.0,6000.0
2025-11-14,1,41334.30380255767,928.8228105690602,42263.126613126726,31012.85111529769,3516.0657281697227,34528.916843467414,0.0,0.0,14664.671313126726,50,1,0.0,0,0.0,6000.0,6000.0
2025-11-15,1,41231.56009935048,1139.4820628748164,42371.04216222529,30784.04491844155,4759.058027931922,35543.10294637347,0.0,0.0,14159.155245558626,64,1,0.0,0,0.0,6000.0,6000.0
2025-11-16,1,74302.55567452108,2684.3912802897016,76986.94695481077,59617.249581224154,11416.219191168251,71033.4687723924,0.0,0.0,2552.4025714774493,85,1,0.0,0,0.0,6000.0,6000.0
2025-11-17,1,74713.66522481905,1470.5326247551398,76184.1978495742,59983.522430866375,5945.6001646292125,65929.12259549559,0.0,0.0,3488.4435162408577,66,1,0.0,0,0.0,6000.0,6000.0
2025-11-18,1,74601.5404305604,1952.0615404291943,76553.60197098959,59877.93984275903,7765.4417240814,67643.38156684043,0.0,0.0,1663.0501376562693,72,1,0.0,0,0.0,6000.0,6000.0
2025-11-19,1,74703.67213430056,2626.6012514193617,77330.27338571992,60026.26676917426,11107.696019477518,71133.96278865177,0.0,0.0,1961.9617857199232,90,1,0.0,0,0.0,6000.0,6000.0
2025-11-20,1,74911.64108252212,1910.7668304588985,76822.40791298103,60250.238247589325,8122.381219224347,68372.61946681367,0.0,0.0,2029.3318796476956,73,1,0.0,0,0.0,6000.0,6000.0
2025-11-21,1,41857.93931580377,1172.8619993326192,43030.80131513639,31482.363011837413,3937.116765036865,35419.47977687428,0.0,0.0,14166.417248469723,58,1,0.0,0,0.0,6000.0,6000.0
2025-11-22,1,41942.489709979694,1375.3761929972009,43317.8659029769,31437.68523072536,5339.653734031613,36777.33896475698,0.0,0.0,13098.036419643562,71,1,0.0,0,0.0,6000.0,6000.0
2025-11-23,1,75923.32349135318,2343.6328056708617,78266.95629702404,61117.29481800885,10066.145623000148,71183.44044100899,0.0,0.0,3034.86001369071,68,1,0.0,0,0.0,6000.0,6000.0
2025-11-24,1,75800.32210103866,1566.2103452615966,77366.53244630026,61012.51615035147,6334.603849450529,67347.119999802,0.0,0.0,3204.5887463002614,70,1,0.0,0,0.0,6000.0,6000.0
2025-11-25,1,75926.1419762854,2050.6562641917194,77976.79824047713,61118.00656931629,8365.028057465977,69483.03462678226,0.0,0.0,1808.1377738104634,79,1,0.0,0,0.0,6000.0,6000.0
2025-11-26,1,76199.8069239101,2083.1285891856087,78282.93551309571,61360.509716285305,8814.628039017094,70175.13775530239,0.0,0.0,1525.2686297623734,77,1,0.0,0,0.0,6000.0,6000.0
2025-11-27,1,76191.25084099035,1692.1254174835076,77883.37625847386,61456.931508404195,6856.67826516165,68313.60977356584,0.0,0.0,2102.4835251405243,68,1,0.0,0,0.0,6000.0,6000.0
2025-11-28,1,42418.62757592258,1213.1572945782348,43631.784870500815,31875.257235104487,5290.102202288177,37165.35943739267,0.0,0.0,12710.546320500816,59,1,0.0,0,0.0,6000.0,6000.0
2025-11-29,1,42680.271929730414,1365.2550900776428,44045.527019808054,32058.779327148506,5013.5399524312725,37072.31927957978,0.0,0.0,9116.076919808056,52,1,0.0,0,0.0,6000.0,6000.0
2025-11-30,1,77349.33873675577,3741.184192200105,81090.52292895588,62385.28947167907,14990.011098017747,77375.30056969682,0.0,0.0,845.694812289209,100,1,0.0,0,0.0,6000.0,6000.0
2025-12-01,1,77614.87532926042,9001.164260851998,86616.03959011243,62574.47766747522,35020.185151058104,97594.66281853332,0.0,0.0,317.11185677908594,121,1,0.0,0,0.0,6000.0,6000.0
2025-12-02,1,78121.62088248642,10685.445289681917,88807.06617216833,63012.42582399493,41384.027336045,104396.45316003994,0.0,0.0,169.25622216833017,133,1,0.0,0,0.0,6000.0,6000.0
2025-12-03,1,78767.09488290377,8690.613366129008,87457.70824903277,63616.42122207475,31011.90231610878,94628.32353818353,0.0,0.0,294.95968236610037,127,1,0.0,0,0.0,6000.0,6000.0
2025-12-04,1,78980.5529245333,8115.82382019063,87096.37674472394,63894.635961909305,30616.46634350321,94511.10230541251,0.0,0.0,325.1679947239291,122,1,0.0,0,0.0,6000.0,6000.0
2025-12-05,1,43335.74757708721,5271.184388561466,48606.93196564868,32740.55476146731,19246.537742057404,51987.09250352471,0.0,0.0,7295.304282315341,96,1,0.0,0,0.0,6000.0,6000.0
2025-12-06,1,43603.752539159286,5786.606998402987,49390.359537562275,32860.07499006492,21134.40102791773,53994.47601798265,0.0,0.0,5725.728720895606,98,1,0.0,0,0.0,6000.0,6000.0
2025-12-07,1,80531.53138130487,7368.382395551108,87899.91377685597,65135.77082307293,26594.704389653914,91730.47521272686,0.0,0.0,247.23252685597703,128,1,0.0,0,0.0,6000.0,6000.0
2025-12-08,1,83288.67054782678,5057.947651652477,88346.61819947926,67084.95751571214,17753.583757860244,84838.54127357238,0.0,0.0,499.4070828125868,112,1,0.0,0,0.0,6000.0,6000.0
2025-12-09,1,83625.1331696962,4403.32283393116,88028.45600362736,67339.25808521404,17949.32874550396,85288.586830718,0.0,0.0,640.0017369606899,106,1,0.0,0,0.0,6000.0,6000.0
2025-12-10,1,83244.92485745868,5492.123515081876,88737.04837254056,67025.47900570015,19091.540200946623,86117.01920664677,0.0,0.0,349.4299058738923,122,1,0.0,0,0.0,6000.0,6000.0
2025-12-11,1,83613.33981583385,3443.838724992953,87057.1785408268,67469.83377335436,12196.072701667228,79665.90647502159,0.0,0.0,1095.923840826799,96,1,0.0,0,0.0,6000.0,6000.0
2025-12-12,1,45546.53663078036,3327.556520203787,48874.09315098415,34317.51150828958,12418.778993054131,46736.290501343705,0.0,0.0,5159.679667650818,85,1,0.0,0,0.0,6000.0,6000.0
2025-12-13,1,45851.27145188464,3256.287436667421,49107.55888855206,34430.71832973309,12681.123223574008,47111.841553307095,0.0,0.0,5309.025505218731,85,1,0.0,0,0.0,6000.0,6000.0
2025-12-14,1,84357.80764257233,4782.378063230128,89140.18570580246,67895.98894839328,17987.756547323133,85883.74549571642,0.0,0.0,361.4639058024549,120,1,0.0,0,0.0,6000.0,6000.0
2025-12-15,1,86239.300120451,3757.2263086242583,89996.52642907525,69138.261126658,13508.45751435087,82646.71864100888,0.0,0.0,526.9684624085854,100,1,0.0,0,0.0,6000.0,6000.0
2025-12-16,1,86641.3797397289,3544.6477836632675,90186.02752339217,69574.86422980134,12941.116730078342,82515.98095987969,0.0,0.0,767.9361900588409,103,1,0.0,0,0.0,6000.0,6000.0
2025-12-17,1,86652.91803862067,2348.5906753069044,89001.50871392757,69362.93658370482,8488.807167174698,77851.74375087953,0.0,0.0,809.6616472609157,90,1,0.0,0,0.0,6000.0,6000.0
2025-12-18,1,86436.64572616133,2694.3524492217075,89130.99817538304,69428.67778185703,9917.406225316801,79346.08400717382,0.0,0.0,1764.7312087163702,88,1,0.0,0,0.0,6000.0,6000.0
2025-12-19,1,47006.78167452766,2301.8761633297636,49308.65783785742,35426.850164662595,8957.88866014428,44384.738824806875,0.0,0.0,6400.266537857424,85,1,0.0,0,0.0,6000.0,6000.0
2025-12-20,1,47333.60993978625,2348.5788381365983,49682.18877792285,35590.867398158145,9188.244862669491,44779.11226082764,0.0,0.0,6825.8365279228465,87,1,0.0,0,0.0,6000.0,6000.0
2025-12-21,1,86710.53720313011,3316.596036548045,90027.13323967815,69681.35948782513,11422.334234276788,81103.69372210192,0.0,0.0,989.3513730114839,92,1,0.0,0,0.0,6000.0,6000.0
2025-12-22,1,87935.93798283608,1947.200161048449,89883.13814388453,70407.11794685641,7686.393637044025,78093.51158390043,0.0,0.0,945.7110605511978,87,1,0.0,0,0.0,6000.0,6000.0
2025-12-23,1,87995.78211736036,1012.3630501522761,89008.14516751263,70590.52709277949,3480.548140565728,74071.07523334521,0.0,0.0,1750.0526341793052,63,1,0.0,0,0.0,6000.0,6000.0
2025-12-24,1,87477.4096638082,1885.8066488720347,89363.21631268023,70053.71394761978,7866.738276754347,77920.45222437412,0.0,0.0,1508.656996013571,81,1,0.0,0,0.0,6000.0,6000.0
2025-12-25,1,87351.25785030455,2048.9515821828077,89400.20943248736,70167.85015394053,6743.237000808511,76911.08715474904,0.0,0.0,1587.7608991540205,73,1,0.0,0,0.0,6000.0,6000.0
2025-12-26,1,47989.353449420974,1441.6618747457394,49431.015324166714,36170.502434330854,5425.351439208133,41595.85387353899,0.0,0.0,6423.39289083338,72,1,0.0,0,0.0,6000.0,6000.0
2025-12-27,1,48218.26376688944,1205.5826187139296,49423.84638560337,36202.755525903805,4836.866308831648,41039.62183473545,0.0,0.0,6085.037318936702,57,1,0.0,0,0.0,6000.0,6000.0
2025-12-28,1,87941.31758138759,1501.7540850525484,89443.07166644014,70575.04040492793,5318.20317018259,75893.24357511052,0.0,0.0,2633.816916440131,65,1,0.0,0,0.0,6000.0,6000.0
2025-12-29,1,88680.54152154888,1240.8839233874776,89921.42544493635,70999.11070180166,4239.363018865768,75238.47372066743,0.0,0.0,2397.6591782696937,60,1,0.0,0,0.0,6000.0,6000.0
2025-12-30,1,88490.80347160716,860.4882049865608,89351.29167659371,70906.11020038165,3288.15026457122,74194.26046495287,0.0,0.0,3126.889076593722,54,1,0.0,0,0.0,6000.0,6000.0
2025-12-31,1,88187.40833200891,2036.7068029374202,90224.11513494633,70550.56511239131,8093.811958203716,78644.37707059503,0.0,0.0,1577.692201612992,77,1,0.0,0,0.0,6000.0,6000.0
