date,config,status,relative_gap,seconds,predicted_objective_yuan,terminal_penalty_yuan,hard_terminal_soc
2025-01-01,"{""load_method"": ""weekly_weighted"", ""pv_days"": 7, ""shortage_penalty"": 0.5, ""surplus_penalty"": 0.1, ""target_soc"": 6000.0}",0,0.0,0.0,0.0,0.0,0
2025-01-02,"{""load_method"": ""weekly_weighted"", ""pv_days"": 7, ""shortage_penalty"": 0.5, ""surplus_penalty"": 0.1, ""target_soc"": 6000.0}",0,0.0,0.038525199983268976,61778.2123831795,0.0,0
2025-01-03,"{""load_method"": ""weekly_weighted"", ""pv_days"": 7, ""shortage_penalty"": 0.5, ""surplus_penalty"": 0.1, ""target_soc"": 6000.0}",0,0.0,0.04178519998094998,62276.65041818687,0.0,0
2025-01-04,"{""load_method"": ""weekly_weighted"", ""pv_days"": 7, ""shortage_penalty"": 0.5, ""surplus_penalty"": 0.1, ""target_soc"": 6000.0}",0,0.0,0.0369776000152342,26277.55602279945,0.0,0
2025-01-05,"{""load_method"": ""weekly_weighted"", ""pv_days"": 7, ""shortage_penalty"": 0.5, ""surplus_penalty"": 0.1, ""target_soc"": 6000.0}",0,0.0,0.05455439997604117,26220.19880132594,0.0,0
2025-01-06,"{""load_method"": ""weekly_weighted"", ""pv_days"": 7, ""shortage_penalty"": 0.5, ""surplus_penalty"": 0.1, ""target_soc"": 6000.0}",0,0.0,0.025800299976253882,61704.69658860784,0.0,0
2025-01-07,"{""load_method"": ""weekly_weighted"", ""pv_days"": 7, ""shortage_penalty"": 0.5, ""surplus_penalty"": 0.1, ""target_soc"": 6000.0}",0,0.0,0.023574799997732043,61006.05032986596,0.0,0
2025-01-08,"{""load_method"": ""weekly_weighted"", ""pv_days"": 7, ""shortage_penalty"": 0.5, ""surplus_penalty"": 0.1, ""target_soc"": 6000.0}",0,0.0,0.03661360000842251,61595.85090849281,0.0,0
2025-01-09,"{""load_method"": ""weekly_weighted"", ""pv_days"": 7, ""shortage_penalty"": 0.5, ""surplus_penalty"": 0.1, ""target_soc"": 6000.0}",0,0.0,0.03878890001215041,61721.89497233749,0.0,0
2025-01-10,"{""load_method"": ""weekly_weighted"", ""pv_days"": 7, ""shortage_penalty"": 0.5, ""surplus_penalty"": 0.1, ""target_soc"": 6000.0}",0,0.0,0.034984300000360236,25895.30983888909,0.0,0
2025-01-11,"{""load_method"": ""weekly_weighted"", ""pv_days"": 7, ""shortage_penalty"": 0.5, ""surplus_penalty"": 0.1, ""target_soc"": 6000.0}",0,0.0,0.05211439999402501,26038.005223210323,0.0,0
2025-01-12,"{""load_method"": ""weekly_weighted"", ""pv_days"": 7, ""shortage_penalty"": 0.5, ""surplus_penalty"": 0.1, ""target_soc"": 6000.0}",0,0.0,0.036449500010348856,61657.184437026335,0.0,0
2025-01-13,"{""load_method"": ""weekly_weighted"", ""pv_days"": 7, ""shortage_penalty"": 0.5, ""surplus_penalty"": 0.1, ""target_soc"": 6000.0}",0,0.0,0.04078270000172779,61062.776643640536,0.0,0
2025-01-14,"{""load_method"": ""weekly_weighted"", ""pv_days"": 7, ""shortage_penalty"": 0.5, ""surplus_penalty"": 0.1, ""target_soc"": 6000.0}",0,0.0,0.034499799978220835,60810.70092449723,0.0,0
2025-01-15,"{""load_method"": ""weekly_weighted"", ""pv_days"": 7, ""shortage_penalty"": 0.5, ""surplus_penalty"": 0.1, ""target_soc"": 6000.0}",0,0.0,0.04263050001463853,60476.21927623562,0.0,0
2025-01-16,"{""load_method"": ""weekly_weighted"", ""pv_days"": 7, ""shortage_penalty"": 0.5, ""surplus_penalty"": 0.1, ""target_soc"": 6000.0}",0,0.0,0.03387660000589676,60791.07161858902,0.0,0
2025-01-17,"{""load_method"": ""weekly_weighted"", ""pv_days"": 7, ""shortage_penalty"": 0.5, ""surplus_penalty"": 0.1, ""target_soc"": 6000.0}",0,0.0,0.08290850001503713,25303.90511459791,0.0,0
2025-01-18,"{""load_method"": ""weekly_weighted"", ""pv_days"": 7, ""shortage_penalty"": 0.5, ""surplus_penalty"": 0.1, ""target_soc"": 6000.0}",0,0.0,0.06426320000900887,25204.884380043244,0.0,0
2025-01-19,"{""load_method"": ""weekly_weighted"", ""pv_days"": 7, ""shortage_penalty"": 0.5, ""surplus_penalty"": 0.1, ""target_soc"": 6000.0}",0,0.0,0.039083800016669556,59885.17414858862,0.0,0
2025-01-20,"{""load_method"": ""weekly_weighted"", ""pv_days"": 7, ""shortage_penalty"": 0.5, ""surplus_penalty"": 0.1, ""target_soc"": 6000.0}",0,0.0,0.03650849999394268,59648.029572594,0.0,0
2025-01-21,"{""load_method"": ""weekly_weighted"", ""pv_days"": 7, ""shortage_penalty"": 0.5, ""surplus_penalty"": 0.1, ""target_soc"": 6000.0}",0,0.0,0.04100189998280257,59763.29165465723,0.0,0
2025-01-22,"{""load_method"": ""weekly_weighted"", ""pv_days"": 7, ""shortage_penalty"": 0.5, ""surplus_penalty"": 0.1, ""target_soc"": 6000.0}",0,0.0,0.04471180000109598,59342.1309397186,0.0,0
2025-01-23,"{""load_method"": ""weekly_weighted"", ""pv_days"": 7, ""shortage_penalty"": 0.5, ""surplus_penalty"": 0.1, ""target_soc"": 6000.0}",0,0.0,0.0466397000127472,59319.2389912113,0.0,0
2025-01-24,"{""load_method"": ""weekly_weighted"", ""pv_days"": 7, ""shortage_penalty"": 0.5, ""surplus_penalty"": 0.1, ""target_soc"": 6000.0}",0,0.0,0.05777709998073988,24306.655114261855,0.0,0
2025-01-25,"{""load_method"": ""weekly_weighted"", ""pv_days"": 7, ""shortage_penalty"": 0.5, ""surplus_penalty"": 0.1, ""target_soc"": 6000.0}",0,0.0,0.0583850999828428,24302.1712300088,0.0,0
2025-01-26,"{""load_method"": ""weekly_weighted"", ""pv_days"": 7, ""shortage_penalty"": 0.5, ""surplus_penalty"": 0.1, ""target_soc"": 6000.0}",0,0.0,0.03737909998744726,58393.904310566264,0.0,0
2025-01-27,"{""load_method"": ""weekly_weighted"", ""pv_days"": 7, ""shortage_penalty"": 0.5, ""surplus_penalty"": 0.1, ""target_soc"": 6000.0}",0,0.0,0.04467289999593049,58279.524931778964,0.0,0
2025-01-28,"{""load_method"": ""weekly_weighted"", ""pv_days"": 7, ""shortage_penalty"": 0.5, ""surplus_penalty"": 0.1, ""target_soc"": 6000.0}",0,0.0,0.041965600015828386,57623.47704213454,0.0,0
2025-01-29,"{""load_method"": ""weekly_weighted"", ""pv_days"": 7, ""shortage_penalty"": 0.5, ""surplus_penalty"": 0.1, ""target_soc"": 6000.0}",0,0.0,0.04952999998931773,58271.464361593855,0.0,0
2025-01-30,"{""load_method"": ""weekly_weighted"", ""pv_days"": 7, ""shortage_penalty"": 0.5, ""surplus_penalty"": 0.1, ""target_soc"": 6000.0}",0,0.0,0.04306560000986792,57481.75409214658,0.0,0
2025-01-31,"{""load_method"": ""weekly_weighted"", ""pv_days"": 7, ""shortage_penalty"": 0.5, ""surplus_penalty"": 0.1, ""target_soc"": 6000.0}",0,0.0,0.05333940000855364,22535.52135612676,0.0,1
2025-02-01,"{""load_method"": ""weekly_weighted"", ""pv_days"": 7, ""shortage_penalty"": 0.5, ""surplus_penalty"": 0.1, ""target_soc"": 6000.0}",0,0.0,0.05516789999091998,22650.581748837394,0.0,0
2025-02-02,"{""load_method"": ""weekly_weighted"", ""pv_days"": 7, ""shortage_penalty"": 0.5, ""surplus_penalty"": 0.1, ""target_soc"": 6000.0}",0,0.0,0.03405459999339655,56595.69769502283,0.0,0
2025-02-03,"{""load_method"": ""weekly_weighted"", ""pv_days"": 7, ""shortage_penalty"": 0.5, ""surplus_penalty"": 0.1, ""target_soc"": 6000.0}",0,0.0,0.03664020000724122,55929.92200602655,0.0,0
2025-02-04,"{""load_method"": ""weekly_weighted"", ""pv_days"": 7, ""shortage_penalty"": 0.5, ""surplus_penalty"": 0.1, ""target_soc"": 6000.0}",0,0.0,0.038507699995534495,55878.08652638718,0.0,0
2025-02-05,"{""load_method"": ""weekly_weighted"", ""pv_days"": 7, ""shortage_penalty"": 0.5, ""surplus_penalty"": 0.1, ""target_soc"": 6000.0}",0,0.0,0.048074399994220585,55677.66735671704,0.0,0
2025-02-06,"{""load_method"": ""weekly_weighted"", ""pv_days"": 7, ""shortage_penalty"": 0.5, ""surplus_penalty"": 0.1, ""target_soc"": 6000.0}",0,0.0,0.065727400011383,56180.86920855904,0.0,0
2025-02-07,"{""load_method"": ""weekly_weighted"", ""pv_days"": 7, ""shortage_penalty"": 0.5, ""surplus_penalty"": 0.1, ""target_soc"": 6000.0}",0,0.0,0.05217019998235628,21921.202659140516,0.0,0
2025-02-08,"{""load_method"": ""weekly_weighted"", ""pv_days"": 7, ""shortage_penalty"": 0.5, ""surplus_penalty"": 0.1, ""target_soc"": 6000.0}",0,0.0,0.05670980000286363,21054.203319085937,0.0,0
2025-02-09,"{""load_method"": ""weekly_weighted"", ""pv_days"": 7, ""shortage_penalty"": 0.5, ""surplus_penalty"": 0.1, ""target_soc"": 6000.0}",0,0.0,0.03179700000328012,54234.72205997538,0.0,0
2025-02-10,"{""load_method"": ""weekly_weighted"", ""pv_days"": 7, ""shortage_penalty"": 0.5, ""surplus_penalty"": 0.1, ""target_soc"": 6000.0}",0,0.0,0.05702389997895807,54558.05376112063,0.0,0
2025-02-11,"{""load_method"": ""weekly_weighted"", ""pv_days"": 7, ""shortage_penalty"": 0.5, ""surplus_penalty"": 0.1, ""target_soc"": 6000.0}",0,0.0,0.05147779997787438,53758.369403468016,0.0,0
2025-02-12,"{""load_method"": ""weekly_weighted"", ""pv_days"": 7, ""shortage_penalty"": 0.5, ""surplus_penalty"": 0.1, ""target_soc"": 6000.0}",0,0.0,0.06765730000915937,53167.239122835126,0.0,0
2025-02-13,"{""load_method"": ""weekly_weighted"", ""pv_days"": 7, ""shortage_penalty"": 0.5, ""surplus_penalty"": 0.1, ""target_soc"": 6000.0}",0,0.0,0.05523130000801757,52874.348271625495,0.0,0
2025-02-14,"{""load_method"": ""weekly_weighted"", ""pv_days"": 7, ""shortage_penalty"": 0.5, ""surplus_penalty"": 0.1, ""target_soc"": 6000.0}",0,0.0,0.06031619998975657,19527.027008198107,0.0,0
2025-02-15,"{""load_method"": ""weekly_weighted"", ""pv_days"": 7, ""shortage_penalty"": 0.5, ""surplus_penalty"": 0.1, ""target_soc"": 6000.0}",0,0.0,0.08338349999394268,19063.661453510835,0.0,0
2025-02-16,"{""load_method"": ""weekly_weighted"", ""pv_days"": 7, ""shortage_penalty"": 0.5, ""surplus_penalty"": 0.1, ""target_soc"": 6000.0}",0,0.0,0.03449309998541139,50346.7810174927,0.0,0
2025-02-17,"{""load_method"": ""weekly_weighted"", ""pv_days"": 7, ""shortage_penalty"": 0.5, ""surplus_penalty"": 0.1, ""target_soc"": 6000.0}",0,0.0,0.051360400015255436,49982.003142344176,0.0,0
2025-02-18,"{""load_method"": ""weekly_weighted"", ""pv_days"": 7, ""shortage_penalty"": 0.5, ""surplus_penalty"": 0.1, ""target_soc"": 6000.0}",0,0.0,0.04801709999446757,49503.67661360537,0.0,0
2025-02-19,"{""load_method"": ""weekly_weighted"", ""pv_days"": 7, ""shortage_penalty"": 0.5, ""surplus_penalty"": 0.1, ""target_soc"": 6000.0}",0,0.0,0.032633199996780604,49179.8611145919,0.0,0
2025-02-20,"{""load_method"": ""weekly_weighted"", ""pv_days"": 7, ""shortage_penalty"": 0.5, ""surplus_penalty"": 0.1, ""target_soc"": 6000.0}",0,0.0,0.03168559999903664,48968.64593364355,0.0,0
2025-02-21,"{""load_method"": ""weekly_weighted"", ""pv_days"": 7, ""shortage_penalty"": 0.5, ""surplus_penalty"": 0.1, ""target_soc"": 6000.0}",0,0.0,0.03862000000663102,18428.83196027666,0.0,0
2025-02-22,"{""load_method"": ""weekly_weighted"", ""pv_days"": 7, ""shortage_penalty"": 0.5, ""surplus_penalty"": 0.1, ""target_soc"": 6000.0}",0,0.0,0.05187070000101812,18077.442553227378,0.0,0
2025-02-23,"{""load_method"": ""weekly_weighted"", ""pv_days"": 7, ""shortage_penalty"": 0.5, ""surplus_penalty"": 0.1, ""target_soc"": 6000.0}",0,0.0,0.032154399988939986,47700.27616112925,0.0,0
2025-02-24,"{""load_method"": ""weekly_weighted"", ""pv_days"": 7, ""shortage_penalty"": 0.5, ""surplus_penalty"": 0.1, ""target_soc"": 6000.0}",0,0.0,0.05219429999124259,47198.71880793684,0.0,0
2025-02-25,"{""load_method"": ""weekly_weighted"", ""pv_days"": 7, ""shortage_penalty"": 0.5, ""surplus_penalty"": 0.1, ""target_soc"": 6000.0}",0,0.0,0.033901399991009384,47007.75971080547,0.0,0
2025-02-26,"{""load_method"": ""weekly_weighted"", ""pv_days"": 7, ""shortage_penalty"": 0.5, ""surplus_penalty"": 0.1, ""target_soc"": 6000.0}",0,0.0,0.05004719999851659,46490.917162311605,0.0,0
2025-02-27,"{""load_method"": ""weekly_weighted"", ""pv_days"": 7, ""shortage_penalty"": 0.5, ""surplus_penalty"": 0.1, ""target_soc"": 6000.0}",0,0.0,0.03751570000895299,45996.30377454772,0.0,0
2025-02-28,"{""load_method"": ""weekly_weighted"", ""pv_days"": 7, ""shortage_penalty"": 0.5, ""surplus_penalty"": 0.1, ""target_soc"": 6000.0}",0,0.0,0.0968814000079874,17533.98660195104,0.0,0
2025-03-01,"{""load_method"": ""weekly_weighted"", ""pv_days"": 7, ""shortage_penalty"": 0.5, ""surplus_penalty"": 0.1, ""target_soc"": 6000.0}",0,0.0,0.053711899992777035,17327.848793597164,0.0,0
2025-03-02,"{""load_method"": ""weekly_weighted"", ""pv_days"": 7, ""shortage_penalty"": 0.5, ""surplus_penalty"": 0.1, ""target_soc"": 6000.0}",0,0.0,0.041697500011650845,44910.07364614154,0.0,0
2025-03-03,"{""load_method"": ""weekly_weighted"", ""pv_days"": 7, ""shortage_penalty"": 0.5, ""surplus_penalty"": 0.1, ""target_soc"": 6000.0}",0,0.0,0.03377740000723861,45160.489851583945,0.0,0
2025-03-04,"{""load_method"": ""weekly_weighted"", ""pv_days"": 7, ""shortage_penalty"": 0.5, ""surplus_penalty"": 0.1, ""target_soc"": 6000.0}",0,0.0,0.03483839999535121,45943.88671033456,0.0,0
2025-03-05,"{""load_method"": ""weekly_weighted"", ""pv_days"": 7, ""shortage_penalty"": 0.5, ""surplus_penalty"": 0.1, ""target_soc"": 6000.0}",0,0.0,0.031793000001925975,46665.11393784192,0.0,0
2025-03-06,"{""load_method"": ""weekly_weighted"", ""pv_days"": 7, ""shortage_penalty"": 0.5, ""surplus_penalty"": 0.1, ""target_soc"": 6000.0}",0,0.0,0.03327489999355748,46528.686680229635,0.0,0
2025-03-07,"{""load_method"": ""weekly_weighted"", ""pv_days"": 7, ""shortage_penalty"": 0.5, ""surplus_penalty"": 0.1, ""target_soc"": 6000.0}",0,0.0,0.05456910000066273,17056.567226767016,0.0,0
2025-03-08,"{""load_method"": ""weekly_weighted"", ""pv_days"": 7, ""shortage_penalty"": 0.5, ""surplus_penalty"": 0.1, ""target_soc"": 6000.0}",0,0.0,0.0784787000156939,16752.179549079272,0.0,0
2025-03-09,"{""load_method"": ""weekly_weighted"", ""pv_days"": 7, ""shortage_penalty"": 0.5, ""surplus_penalty"": 0.1, ""target_soc"": 6000.0}",0,0.0,0.03500149998581037,45490.318063515806,0.0,0
2025-03-10,"{""load_method"": ""weekly_weighted"", ""pv_days"": 7, ""shortage_penalty"": 0.5, ""surplus_penalty"": 0.1, ""target_soc"": 6000.0}",0,0.0,0.05705060000764206,44481.267959925644,0.0,0
2025-03-11,"{""load_method"": ""weekly_weighted"", ""pv_days"": 7, ""shortage_penalty"": 0.5, ""surplus_penalty"": 0.1, ""target_soc"": 6000.0}",0,0.0,0.05509670000174083,44134.66541670323,0.0,0
2025-03-12,"{""load_method"": ""weekly_weighted"", ""pv_days"": 7, ""shortage_penalty"": 0.5, ""surplus_penalty"": 0.1, ""target_soc"": 6000.0}",0,0.0,0.03822250000666827,43737.33925184271,0.0,0
2025-03-13,"{""load_method"": ""weekly_weighted"", ""pv_days"": 7, ""shortage_penalty"": 0.5, ""surplus_penalty"": 0.1, ""target_soc"": 6000.0}",0,0.0,0.08795220000320114,43100.00636408852,0.0,0
2025-03-14,"{""load_method"": ""weekly_weighted"", ""pv_days"": 7, ""shortage_penalty"": 0.5, ""surplus_penalty"": 0.1, ""target_soc"": 6000.0}",0,0.0,0.08496119998744689,16005.752246883565,0.0,0
2025-03-15,"{""load_method"": ""weekly_weighted"", ""pv_days"": 7, ""shortage_penalty"": 0.5, ""surplus_penalty"": 0.1, ""target_soc"": 6000.0}",0,0.0,0.048991599993314594,15877.751392658325,0.0,0
2025-03-16,"{""load_method"": ""weekly_weighted"", ""pv_days"": 7, ""shortage_penalty"": 0.5, ""surplus_penalty"": 0.1, ""target_soc"": 6000.0}",0,0.0,0.08628680001129396,42195.066242640416,0.0,0
2025-03-17,"{""load_method"": ""weekly_weighted"", ""pv_days"": 7, ""shortage_penalty"": 0.5, ""surplus_penalty"": 0.1, ""target_soc"": 6000.0}",0,0.0,0.07535040000220761,42071.168628116044,0.0,0
2025-03-18,"{""load_method"": ""weekly_weighted"", ""pv_days"": 7, ""shortage_penalty"": 0.5, ""surplus_penalty"": 0.1, ""target_soc"": 6000.0}",0,0.0,0.05121159998816438,41094.297402253535,0.0,0
2025-03-19,"{""load_method"": ""weekly_weighted"", ""pv_days"": 7, ""shortage_penalty"": 0.5, ""surplus_penalty"": 0.1, ""target_soc"": 6000.0}",0,0.0,0.04155769999488257,41088.88178879071,0.0,0
2025-03-20,"{""load_method"": ""weekly_weighted"", ""pv_days"": 7, ""shortage_penalty"": 0.5, ""surplus_penalty"": 0.1, ""target_soc"": 6000.0}",0,0.0,0.05296589998761192,40840.83282282499,0.0,0
2025-03-21,"{""load_method"": ""weekly_weighted"", ""pv_days"": 7, ""shortage_penalty"": 0.5, ""surplus_penalty"": 0.1, ""target_soc"": 6000.0}",0,0.0,0.04179609997663647,15292.295728604424,0.0,0
2025-03-22,"{""load_method"": ""weekly_weighted"", ""pv_days"": 7, ""shortage_penalty"": 0.5, ""surplus_penalty"": 0.1, ""target_soc"": 6000.0}",0,0.0,0.02204800001345575,15374.747239654123,0.0,0
2025-03-23,"{""load_method"": ""weekly_weighted"", ""pv_days"": 7, ""shortage_penalty"": 0.5, ""surplus_penalty"": 0.1, ""target_soc"": 6000.0}",0,0.0,0.04073630002676509,39181.94982866154,0.0,0
2025-03-24,"{""load_method"": ""weekly_weighted"", ""pv_days"": 7, ""shortage_penalty"": 0.5, ""surplus_penalty"": 0.1, ""target_soc"": 6000.0}",0,0.0,0.040116499993018806,38731.13434559027,0.0,0
2025-03-25,"{""load_method"": ""weekly_weighted"", ""pv_days"": 7, ""shortage_penalty"": 0.5, ""surplus_penalty"": 0.1, ""target_soc"": 6000.0}",0,0.0,0.057593600009568036,38594.51768655699,0.0,0
2025-03-26,"{""load_method"": ""weekly_weighted"", ""pv_days"": 7, ""shortage_penalty"": 0.5, ""surplus_penalty"": 0.1, ""target_soc"": 6000.0}",0,0.0,0.04512939997948706,38590.380420051784,0.0,0
2025-03-27,"{""load_method"": ""weekly_weighted"", ""pv_days"": 7, ""shortage_penalty"": 0.5, ""surplus_penalty"": 0.1, ""target_soc"": 6000.0}",0,0.0,0.0561050999967847,38331.077765144815,0.0,0
2025-03-28,"{""load_method"": ""weekly_weighted"", ""pv_days"": 7, ""shortage_penalty"": 0.5, ""surplus_penalty"": 0.1, ""target_soc"": 6000.0}",0,0.0,0.03160519999801181,14631.857138086118,0.0,0
2025-03-29,"{""load_method"": ""weekly_weighted"", ""pv_days"": 7, ""shortage_penalty"": 0.5, ""surplus_penalty"": 0.1, ""target_soc"": 6000.0}",0,0.0,0.03771089998190291,14632.613848556695,0.0,0
2025-03-30,"{""load_method"": ""weekly_weighted"", ""pv_days"": 7, ""shortage_penalty"": 0.5, ""surplus_penalty"": 0.1, ""target_soc"": 6000.0}",0,0.0,0.03658799998811446,36916.04777270957,0.0,0
2025-03-31,"{""load_method"": ""weekly_weighted"", ""pv_days"": 7, ""shortage_penalty"": 0.5, ""surplus_penalty"": 0.1, ""target_soc"": 6000.0}",0,0.0,0.04828529999940656,36488.89163791554,0.0,0
2025-04-01,"{""load_method"": ""weekly_weighted"", ""pv_days"": 7, ""shortage_penalty"": 0.5, ""surplus_penalty"": 0.1, ""target_soc"": 6000.0}",0,0.0,0.05466789999627508,36386.52271376501,0.0,0
2025-04-02,"{""load_method"": ""weekly_weighted"", ""pv_days"": 7, ""shortage_penalty"": 0.5, ""surplus_penalty"": 0.1, ""target_soc"": 6000.0}",0,0.0,0.053400300006615,36248.991957710765,0.0,0
2025-04-03,"{""load_method"": ""weekly_weighted"", ""pv_days"": 7, ""shortage_penalty"": 0.5, ""surplus_penalty"": 0.1, ""target_soc"": 6000.0}",0,0.0,0.04627069999696687,36701.564697858405,0.0,0
2025-04-04,"{""load_method"": ""weekly_weighted"", ""pv_days"": 7, ""shortage_penalty"": 0.5, ""surplus_penalty"": 0.1, ""target_soc"": 6000.0}",0,0.0,0.03689770001801662,14122.634295850243,0.0,0
2025-04-05,"{""load_method"": ""weekly_weighted"", ""pv_days"": 7, ""shortage_penalty"": 0.5, ""surplus_penalty"": 0.1, ""target_soc"": 6000.0}",0,0.0,0.047376600006828085,14191.836914605266,0.0,0
2025-04-06,"{""load_method"": ""weekly_weighted"", ""pv_days"": 7, ""shortage_penalty"": 0.5, ""surplus_penalty"": 0.1, ""target_soc"": 6000.0}",0,0.0,0.047127599973464385,36263.3530347454,0.0,0
2025-04-07,"{""load_method"": ""weekly_weighted"", ""pv_days"": 7, ""shortage_penalty"": 0.5, ""surplus_penalty"": 0.1, ""target_soc"": 6000.0}",0,0.0,0.037772799987578765,35951.44080250134,0.0,0
2025-04-08,"{""load_method"": ""weekly_weighted"", ""pv_days"": 7, ""shortage_penalty"": 0.5, ""surplus_penalty"": 0.1, ""target_soc"": 6000.0}",0,0.0,0.0439741000009235,35896.39437604638,0.0,0
2025-04-09,"{""load_method"": ""weekly_weighted"", ""pv_days"": 7, ""shortage_penalty"": 0.5, ""surplus_penalty"": 0.1, ""target_soc"": 6000.0}",0,0.0,0.05769509999663569,35496.426013659366,0.0,0
2025-04-10,"{""load_method"": ""weekly_weighted"", ""pv_days"": 7, ""shortage_penalty"": 0.5, ""surplus_penalty"": 0.1, ""target_soc"": 6000.0}",0,0.0,0.05177290001302026,35550.23922742285,0.0,0
2025-04-11,"{""load_method"": ""weekly_weighted"", ""pv_days"": 7, ""shortage_penalty"": 0.5, ""surplus_penalty"": 0.1, ""target_soc"": 6000.0}",0,0.0,0.03605490000336431,13636.08953842821,0.0,0
2025-04-12,"{""load_method"": ""weekly_weighted"", ""pv_days"": 7, ""shortage_penalty"": 0.5, ""surplus_penalty"": 0.1, ""target_soc"": 6000.0}",0,0.0,0.03762550000101328,13791.429912616686,0.0,0
2025-04-13,"{""load_method"": ""weekly_weighted"", ""pv_days"": 7, ""shortage_penalty"": 0.5, ""surplus_penalty"": 0.1, ""target_soc"": 6000.0}",0,0.0,0.05027669999981299,34826.716604373185,0.0,0
2025-04-14,"{""load_method"": ""weekly_weighted"", ""pv_days"": 7, ""shortage_penalty"": 0.5, ""surplus_penalty"": 0.1, ""target_soc"": 6000.0}",0,0.0,0.09407829999690875,34458.88633196517,0.0,0
2025-04-15,"{""load_method"": ""weekly_weighted"", ""pv_days"": 7, ""shortage_penalty"": 0.5, ""surplus_penalty"": 0.1, ""target_soc"": 6000.0}",0,0.0,0.08389960002386943,34771.4858382531,0.0,0
2025-04-16,"{""load_method"": ""weekly_weighted"", ""pv_days"": 7, ""shortage_penalty"": 0.5, ""surplus_penalty"": 0.1, ""target_soc"": 6000.0}",0,0.0,0.05904190000728704,34368.12539529997,0.0,0
2025-04-17,"{""load_method"": ""weekly_weighted"", ""pv_days"": 7, ""shortage_penalty"": 0.5, ""surplus_penalty"": 0.1, ""target_soc"": 6000.0}",0,0.0,0.04570769998827018,34148.36710583944,0.0,0
2025-04-18,"{""load_method"": ""weekly_weighted"", ""pv_days"": 7, ""shortage_penalty"": 0.5, ""surplus_penalty"": 0.1, ""target_soc"": 6000.0}",0,0.0,0.06766179998521693,13257.267209557911,0.0,0
2025-04-19,"{""load_method"": ""weekly_weighted"", ""pv_days"": 7, ""shortage_penalty"": 0.5, ""surplus_penalty"": 0.1, ""target_soc"": 6000.0}",0,0.0,0.14657540002372116,13205.20034008105,0.0,0
2025-04-20,"{""load_method"": ""weekly_weighted"", ""pv_days"": 7, ""shortage_penalty"": 0.5, ""surplus_penalty"": 0.1, ""target_soc"": 6000.0}",0,0.0,0.0617709000071045,33655.75826704005,0.0,0
2025-04-21,"{""load_method"": ""weekly_weighted"", ""pv_days"": 7, ""shortage_penalty"": 0.5, ""surplus_penalty"": 0.1, ""target_soc"": 6000.0}",0,0.0,0.06028350000269711,33379.487073151155,0.0,0
2025-04-22,"{""load_method"": ""weekly_weighted"", ""pv_days"": 7, ""shortage_penalty"": 0.5, ""surplus_penalty"": 0.1, ""target_soc"": 6000.0}",0,0.0,0.05734110000776127,33305.44709982303,0.0,0
2025-04-23,"{""load_method"": ""weekly_weighted"", ""pv_days"": 7, ""shortage_penalty"": 0.5, ""surplus_penalty"": 0.1, ""target_soc"": 6000.0}",0,0.0,0.07810909999534488,33398.7870223964,0.0,0
2025-04-24,"{""load_method"": ""weekly_weighted"", ""pv_days"": 7, ""shortage_penalty"": 0.5, ""surplus_penalty"": 0.1, ""target_soc"": 6000.0}",0,0.0,0.056003999983659014,33010.89000903727,0.0,0
2025-04-25,"{""load_method"": ""weekly_weighted"", ""pv_days"": 7, ""shortage_penalty"": 0.5, ""surplus_penalty"": 0.1, ""target_soc"": 6000.0}",0,0.0,0.1009306000196375,12583.565761401389,0.0,0
2025-04-26,"{""load_method"": ""weekly_weighted"", ""pv_days"": 7, ""shortage_penalty"": 0.5, ""surplus_penalty"": 0.1, ""target_soc"": 6000.0}",0,0.0,0.07932230000733398,12535.857851836161,0.0,0
2025-04-27,"{""load_method"": ""weekly_weighted"", ""pv_days"": 7, ""shortage_penalty"": 0.5, ""surplus_penalty"": 0.1, ""target_soc"": 6000.0}",0,0.0,0.09038609999697655,31257.501371118135,0.0,0
2025-04-28,"{""load_method"": ""weekly_weighted"", ""pv_days"": 7, ""shortage_penalty"": 0.5, ""surplus_penalty"": 0.1, ""target_soc"": 6000.0}",0,0.0,0.056098600005498156,31378.866051839977,0.0,0
2025-04-29,"{""load_method"": ""weekly_weighted"", ""pv_days"": 7, ""shortage_penalty"": 0.5, ""surplus_penalty"": 0.1, ""target_soc"": 6000.0}",0,0.0,0.05373670000699349,31971.431370157356,0.0,0
2025-04-30,"{""load_method"": ""weekly_weighted"", ""pv_days"": 7, ""shortage_penalty"": 0.5, ""surplus_penalty"": 0.1, ""target_soc"": 6000.0}",0,0.0,0.052036100008990616,31834.87339205971,0.0,0
2025-05-01,"{""load_method"": ""weekly_weighted"", ""pv_days"": 7, ""shortage_penalty"": 0.5, ""surplus_penalty"": 0.1, ""target_soc"": 6000.0}",0,0.0,0.04709990002447739,31571.43129163348,0.0,0
2025-05-02,"{""load_method"": ""weekly_weighted"", ""pv_days"": 7, ""shortage_penalty"": 0.5, ""surplus_penalty"": 0.1, ""target_soc"": 6000.0}",0,0.0,0.04419629997573793,12409.52540455866,0.0,0
2025-05-03,"{""load_method"": ""weekly_weighted"", ""pv_days"": 7, ""shortage_penalty"": 0.5, ""surplus_penalty"": 0.1, ""target_soc"": 6000.0}",0,0.0,0.06588849998661317,12552.014192114844,0.0,0
2025-05-04,"{""load_method"": ""weekly_weighted"", ""pv_days"": 7, ""shortage_penalty"": 0.5, ""surplus_penalty"": 0.1, ""target_soc"": 6000.0}",0,0.0,0.05912329998682253,32353.70436203272,0.0,0
2025-05-05,"{""load_method"": ""weekly_weighted"", ""pv_days"": 7, ""shortage_penalty"": 0.5, ""surplus_penalty"": 0.1, ""target_soc"": 6000.0}",0,0.0,0.06353789998684078,32578.715991042787,0.0,0
2025-05-06,"{""load_method"": ""weekly_weighted"", ""pv_days"": 7, ""shortage_penalty"": 0.5, ""surplus_penalty"": 0.1, ""target_soc"": 6000.0}",0,0.0,0.05434420000528917,32150.22903150916,0.0,0
2025-05-07,"{""load_method"": ""weekly_weighted"", ""pv_days"": 7, ""shortage_penalty"": 0.5, ""surplus_penalty"": 0.1, ""target_soc"": 6000.0}",0,0.0,0.06129089999012649,32360.24620017805,0.0,0
2025-05-08,"{""load_method"": ""weekly_weighted"", ""pv_days"": 7, ""shortage_penalty"": 0.5, ""surplus_penalty"": 0.1, ""target_soc"": 6000.0}",0,0.0,0.07924660001299344,33750.7729205303,0.0,0
2025-05-09,"{""load_method"": ""weekly_weighted"", ""pv_days"": 7, ""shortage_penalty"": 0.5, ""surplus_penalty"": 0.1, ""target_soc"": 6000.0}",0,0.0,0.039746399997966364,13249.77621161774,0.0,0
2025-05-10,"{""load_method"": ""weekly_weighted"", ""pv_days"": 7, ""shortage_penalty"": 0.5, ""surplus_penalty"": 0.1, ""target_soc"": 6000.0}",0,0.0,0.03893399998196401,13195.18774380194,0.0,0
2025-05-11,"{""load_method"": ""weekly_weighted"", ""pv_days"": 7, ""shortage_penalty"": 0.5, ""surplus_penalty"": 0.1, ""target_soc"": 6000.0}",0,0.0,0.06568860000697896,33546.55776101193,0.0,0
2025-05-12,"{""load_method"": ""weekly_weighted"", ""pv_days"": 7, ""shortage_penalty"": 0.5, ""surplus_penalty"": 0.1, ""target_soc"": 6000.0}",0,0.0,0.06129539999528788,34008.250238785666,0.0,0
2025-05-13,"{""load_method"": ""weekly_weighted"", ""pv_days"": 7, ""shortage_penalty"": 0.5, ""surplus_penalty"": 0.1, ""target_soc"": 6000.0}",0,0.0,0.05147069998201914,33699.42781768279,0.0,0
2025-05-14,"{""load_method"": ""weekly_weighted"", ""pv_days"": 7, ""shortage_penalty"": 0.5, ""surplus_penalty"": 0.1, ""target_soc"": 6000.0}",0,0.0,0.07330260000890121,33930.26958152545,0.0,0
2025-05-15,"{""load_method"": ""weekly_weighted"", ""pv_days"": 7, ""shortage_penalty"": 0.5, ""surplus_penalty"": 0.1, ""target_soc"": 6000.0}",0,0.0,0.06985510000959039,34318.86111853802,0.0,0
2025-05-16,"{""load_method"": ""weekly_weighted"", ""pv_days"": 7, ""shortage_penalty"": 0.5, ""surplus_penalty"": 0.1, ""target_soc"": 6000.0}",0,0.0,0.03819120000116527,13313.92373858205,0.0,0
2025-05-17,"{""load_method"": ""weekly_weighted"", ""pv_days"": 7, ""shortage_penalty"": 0.5, ""surplus_penalty"": 0.1, ""target_soc"": 6000.0}",0,0.0,0.043055899994215,13333.138813856189,0.0,0
2025-05-18,"{""load_method"": ""weekly_weighted"", ""pv_days"": 7, ""shortage_penalty"": 0.5, ""surplus_penalty"": 0.1, ""target_soc"": 6000.0}",0,0.0,0.11521630000788718,33466.968106620065,0.0,0
2025-05-19,"{""load_method"": ""weekly_weighted"", ""pv_days"": 7, ""shortage_penalty"": 0.5, ""surplus_penalty"": 0.1, ""target_soc"": 6000.0}",0,0.0,0.06402280001202598,33249.37416191229,0.0,0
2025-05-20,"{""load_method"": ""weekly_weighted"", ""pv_days"": 7, ""shortage_penalty"": 0.5, ""surplus_penalty"": 0.1, ""target_soc"": 6000.0}",0,0.0,0.08288470000843517,32930.29018507812,0.0,0
2025-05-21,"{""load_method"": ""weekly_weighted"", ""pv_days"": 7, ""shortage_penalty"": 0.5, ""surplus_penalty"": 0.1, ""target_soc"": 6000.0}",0,0.0,0.08322909998241812,33188.227574120625,0.0,0
2025-05-22,"{""load_method"": ""weekly_weighted"", ""pv_days"": 7, ""shortage_penalty"": 0.5, ""surplus_penalty"": 0.1, ""target_soc"": 6000.0}",0,0.0,0.08267229999182746,33292.823868890766,0.0,0
2025-05-23,"{""load_method"": ""weekly_weighted"", ""pv_days"": 7, ""shortage_penalty"": 0.5, ""surplus_penalty"": 0.1, ""target_soc"": 6000.0}",0,0.0,0.09681710001314059,13395.035418397089,0.0,0
2025-05-24,"{""load_method"": ""weekly_weighted"", ""pv_days"": 7, ""shortage_penalty"": 0.5, ""surplus_penalty"": 0.1, ""target_soc"": 6000.0}",0,0.0,0.04120169999077916,13662.963359146488,0.0,0
2025-05-25,"{""load_method"": ""weekly_weighted"", ""pv_days"": 7, ""shortage_penalty"": 0.5, ""surplus_penalty"": 0.1, ""target_soc"": 6000.0}",0,0.0,0.05661060000420548,33159.76293240041,0.0,0
2025-05-26,"{""load_method"": ""weekly_weighted"", ""pv_days"": 7, ""shortage_penalty"": 0.5, ""surplus_penalty"": 0.1, ""target_soc"": 6000.0}",0,0.0,0.06348260000231676,32668.130052598306,0.0,0
2025-05-27,"{""load_method"": ""weekly_weighted"", ""pv_days"": 7, ""shortage_penalty"": 0.5, ""surplus_penalty"": 0.1, ""target_soc"": 6000.0}",0,0.0,0.08502999998745508,33346.49011600448,0.0,0
2025-05-28,"{""load_method"": ""weekly_weighted"", ""pv_days"": 7, ""shortage_penalty"": 0.5, ""surplus_penalty"": 0.1, ""target_soc"": 6000.0}",0,0.0,0.05728630002704449,33058.697494852815,0.0,0
2025-05-29,"{""load_method"": ""weekly_weighted"", ""pv_days"": 7, ""shortage_penalty"": 0.5, ""surplus_penalty"": 0.1, ""target_soc"": 6000.0}",0,0.0,0.08628529999987222,33026.82080353901,0.0,0
2025-05-30,"{""load_method"": ""weekly_weighted"", ""pv_days"": 7, ""shortage_penalty"": 0.5, ""surplus_penalty"": 0.1, ""target_soc"": 6000.0}",0,0.0,0.050217000010889024,13488.120049276902,0.0,0
2025-05-31,"{""load_method"": ""weekly_weighted"", ""pv_days"": 7, ""shortage_penalty"": 0.5, ""surplus_penalty"": 0.1, ""target_soc"": 6000.0}",0,0.0,0.03561640001134947,13795.386437229801,0.0,0
2025-06-01,"{""load_method"": ""weekly_weighted"", ""pv_days"": 7, ""shortage_penalty"": 0.5, ""surplus_penalty"": 0.1, ""target_soc"": 6000.0}",0,0.0,0.07872849999694154,33983.45443780694,0.0,0
2025-06-02,"{""load_method"": ""weekly_weighted"", ""pv_days"": 7, ""shortage_penalty"": 0.5, ""surplus_penalty"": 0.1, ""target_soc"": 6000.0}",0,0.0,0.06065550001221709,34673.348129327875,0.0,0
2025-06-03,"{""load_method"": ""weekly_weighted"", ""pv_days"": 7, ""shortage_penalty"": 0.5, ""surplus_penalty"": 0.1, ""target_soc"": 6000.0}",0,0.0,0.06243459999677725,35432.89401317888,0.0,0
2025-06-04,"{""load_method"": ""weekly_weighted"", ""pv_days"": 7, ""shortage_penalty"": 0.5, ""surplus_penalty"": 0.1, ""target_soc"": 6000.0}",0,0.0,0.037409700016723946,36231.26356652632,0.0,0
2025-06-05,"{""load_method"": ""weekly_weighted"", ""pv_days"": 7, ""shortage_penalty"": 0.5, ""surplus_penalty"": 0.1, ""target_soc"": 6000.0}",0,0.0,0.034843800007365644,36906.58520816019,0.0,0
2025-06-06,"{""load_method"": ""weekly_weighted"", ""pv_days"": 7, ""shortage_penalty"": 0.5, ""surplus_penalty"": 0.1, ""target_soc"": 6000.0}",0,0.0,0.0390999999945052,13972.832615439489,0.0,0
2025-06-07,"{""load_method"": ""weekly_weighted"", ""pv_days"": 7, ""shortage_penalty"": 0.5, ""surplus_penalty"": 0.1, ""target_soc"": 6000.0}",0,0.0,0.06504509999649599,14393.518195932327,0.0,0
2025-06-08,"{""load_method"": ""weekly_weighted"", ""pv_days"": 7, ""shortage_penalty"": 0.5, ""surplus_penalty"": 0.1, ""target_soc"": 6000.0}",0,0.0,0.09473230000003241,42951.21657296641,0.0,0
2025-06-09,"{""load_method"": ""weekly_weighted"", ""pv_days"": 7, ""shortage_penalty"": 0.5, ""surplus_penalty"": 0.1, ""target_soc"": 6000.0}",0,0.0,0.05795000001671724,42066.51709709581,0.0,0
2025-06-10,"{""load_method"": ""weekly_weighted"", ""pv_days"": 7, ""shortage_penalty"": 0.5, ""surplus_penalty"": 0.1, ""target_soc"": 6000.0}",0,0.0,0.04800199999590404,42464.10387145353,0.0,0
2025-06-11,"{""load_method"": ""weekly_weighted"", ""pv_days"": 7, ""shortage_penalty"": 0.5, ""surplus_penalty"": 0.1, ""target_soc"": 6000.0}",0,0.0,0.054603900003712624,42763.39584498275,0.0,0
2025-06-12,"{""load_method"": ""weekly_weighted"", ""pv_days"": 7, ""shortage_penalty"": 0.5, ""surplus_penalty"": 0.1, ""target_soc"": 6000.0}",0,0.0,0.08026109999627806,43590.70868427367,0.0,0
2025-06-13,"{""load_method"": ""weekly_weighted"", ""pv_days"": 7, ""shortage_penalty"": 0.5, ""surplus_penalty"": 0.1, ""target_soc"": 6000.0}",0,0.0,0.03791869999258779,16692.893821895257,0.0,0
2025-06-14,"{""load_method"": ""weekly_weighted"", ""pv_days"": 7, ""shortage_penalty"": 0.5, ""surplus_penalty"": 0.1, ""target_soc"": 6000.0}",0,0.0,0.061783600016497076,16828.615611658897,0.0,0
2025-06-15,"{""load_method"": ""weekly_weighted"", ""pv_days"": 7, ""shortage_penalty"": 0.5, ""surplus_penalty"": 0.1, ""target_soc"": 6000.0}",0,0.0,0.044171999994432554,45004.878023290075,0.0,0
2025-06-16,"{""load_method"": ""weekly_weighted"", ""pv_days"": 7, ""shortage_penalty"": 0.5, ""surplus_penalty"": 0.1, ""target_soc"": 6000.0}",0,0.0,0.031648000003769994,45417.685507729366,0.0,0
2025-06-17,"{""load_method"": ""weekly_weighted"", ""pv_days"": 7, ""shortage_penalty"": 0.5, ""surplus_penalty"": 0.1, ""target_soc"": 6000.0}",0,0.0,0.03290010002092458,45525.68857681128,0.0,0
2025-06-18,"{""load_method"": ""weekly_weighted"", ""pv_days"": 7, ""shortage_penalty"": 0.5, ""surplus_penalty"": 0.1, ""target_soc"": 6000.0}",0,0.0,0.030388000013772398,46061.92418518761,0.0,0
2025-06-19,"{""load_method"": ""weekly_weighted"", ""pv_days"": 7, ""shortage_penalty"": 0.5, ""surplus_penalty"": 0.1, ""target_soc"": 6000.0}",0,0.0,0.049234199977945536,45670.54587095592,0.0,0
2025-06-20,"{""load_method"": ""weekly_weighted"", ""pv_days"": 7, ""shortage_penalty"": 0.5, ""surplus_penalty"": 0.1, ""target_soc"": 6000.0}",0,2.0542687055946917e-16,0.054467299982206896,17709.361960214217,0.0,0
2025-06-21,"{""load_method"": ""weekly_weighted"", ""pv_days"": 7, ""shortage_penalty"": 0.5, ""surplus_penalty"": 0.1, ""target_soc"": 6000.0}",0,0.0,0.0572622999898158,17835.917727733216,0.0,0
2025-06-22,"{""load_method"": ""weekly_weighted"", ""pv_days"": 7, ""shortage_penalty"": 0.5, ""surplus_penalty"": 0.1, ""target_soc"": 6000.0}",0,0.0,0.025262000010116026,45234.21254090752,0.0,0
2025-06-23,"{""load_method"": ""weekly_weighted"", ""pv_days"": 7, ""shortage_penalty"": 0.5, ""surplus_penalty"": 0.1, ""target_soc"": 6000.0}",0,0.0,0.04590170001029037,44951.927879926356,0.0,0
2025-06-24,"{""load_method"": ""weekly_weighted"", ""pv_days"": 7, ""shortage_penalty"": 0.5, ""surplus_penalty"": 0.1, ""target_soc"": 6000.0}",0,0.0,0.059201299998676404,44385.55629128227,0.0,0
2025-06-25,"{""load_method"": ""weekly_weighted"", ""pv_days"": 7, ""shortage_penalty"": 0.5, ""surplus_penalty"": 0.1, ""target_soc"": 6000.0}",0,0.0,0.04241590001038276,44532.108967689244,0.0,0
2025-06-26,"{""load_method"": ""weekly_weighted"", ""pv_days"": 7, ""shortage_penalty"": 0.5, ""surplus_penalty"": 0.1, ""target_soc"": 6000.0}",0,0.0,0.05238099998678081,44788.98255040452,0.0,0
2025-06-27,"{""load_method"": ""weekly_weighted"", ""pv_days"": 7, ""shortage_penalty"": 0.5, ""surplus_penalty"": 0.1, ""target_soc"": 6000.0}",0,0.0,0.05496870001661591,17872.96295120973,0.0,0
2025-06-28,"{""load_method"": ""weekly_weighted"", ""pv_days"": 7, ""shortage_penalty"": 0.5, ""surplus_penalty"": 0.1, ""target_soc"": 6000.0}",0,0.0,0.06390269999974407,17971.56422146513,0.0,0
2025-06-29,"{""load_method"": ""weekly_weighted"", ""pv_days"": 7, ""shortage_penalty"": 0.5, ""surplus_penalty"": 0.1, ""target_soc"": 6000.0}",0,1.6049374794759597e-16,0.04327210001065396,45334.83520217344,0.0,0
2025-06-30,"{""load_method"": ""weekly_weighted"", ""pv_days"": 7, ""shortage_penalty"": 0.5, ""surplus_penalty"": 0.1, ""target_soc"": 6000.0}",0,0.0,0.035428700008196756,45678.40420198713,0.0,0
2025-07-01,"{""load_method"": ""weekly_weighted"", ""pv_days"": 7, ""shortage_penalty"": 0.5, ""surplus_penalty"": 0.1, ""target_soc"": 6000.0}",0,0.0,0.035676500003319234,45879.28705792484,0.0,0
2025-07-02,"{""load_method"": ""weekly_weighted"", ""pv_days"": 7, ""shortage_penalty"": 0.5, ""surplus_penalty"": 0.1, ""target_soc"": 6000.0}",0,0.0,0.08007399999769405,44503.832761994505,0.0,0
2025-07-03,"{""load_method"": ""weekly_weighted"", ""pv_days"": 7, ""shortage_penalty"": 0.5, ""surplus_penalty"": 0.1, ""target_soc"": 6000.0}",0,1.6670470518880239e-16,0.05756149999797344,43645.78435829389,0.0,0
2025-07-04,"{""load_method"": ""weekly_weighted"", ""pv_days"": 7, ""shortage_penalty"": 0.5, ""surplus_penalty"": 0.1, ""target_soc"": 6000.0}",0,0.0,0.037183000007644296,17898.929416232746,0.0,0
2025-07-05,"{""load_method"": ""weekly_weighted"", ""pv_days"": 7, ""shortage_penalty"": 0.5, ""surplus_penalty"": 0.1, ""target_soc"": 6000.0}",0,0.0,0.1128725000016857,17835.301692967358,0.0,0
2025-07-06,"{""load_method"": ""weekly_weighted"", ""pv_days"": 7, ""shortage_penalty"": 0.5, ""surplus_penalty"": 0.1, ""target_soc"": 6000.0}",0,0.0,0.035319099988555536,41631.161855202896,0.0,0
2025-07-07,"{""load_method"": ""weekly_weighted"", ""pv_days"": 7, ""shortage_penalty"": 0.5, ""surplus_penalty"": 0.1, ""target_soc"": 6000.0}",0,0.0,0.07601059999433346,41307.22965216441,0.0,0
2025-07-08,"{""load_method"": ""weekly_weighted"", ""pv_days"": 7, ""shortage_penalty"": 0.5, ""surplus_penalty"": 0.1, ""target_soc"": 6000.0}",0,0.0,0.06733029999304563,44400.70127209356,0.0,0
2025-07-09,"{""load_method"": ""weekly_weighted"", ""pv_days"": 7, ""shortage_penalty"": 0.5, ""surplus_penalty"": 0.1, ""target_soc"": 6000.0}",0,0.0,0.05998009999166243,44055.35694913067,0.0,0
2025-07-10,"{""load_method"": ""weekly_weighted"", ""pv_days"": 7, ""shortage_penalty"": 0.5, ""surplus_penalty"": 0.1, ""target_soc"": 6000.0}",0,0.0,0.0547190000070259,44600.313416289406,0.0,0
2025-07-11,"{""load_method"": ""weekly_weighted"", ""pv_days"": 7, ""shortage_penalty"": 0.5, ""surplus_penalty"": 0.1, ""target_soc"": 6000.0}",0,0.0,0.031243700010236353,20410.464448480525,0.0,0
2025-07-12,"{""load_method"": ""weekly_weighted"", ""pv_days"": 7, ""shortage_penalty"": 0.5, ""surplus_penalty"": 0.1, ""target_soc"": 6000.0}",0,0.0,0.11987920000683516,20495.511211741832,0.0,0
2025-07-13,"{""load_method"": ""weekly_weighted"", ""pv_days"": 7, ""shortage_penalty"": 0.5, ""surplus_penalty"": 0.1, ""target_soc"": 6000.0}",0,0.0,0.03291509998962283,44268.80210072918,0.0,0
2025-07-14,"{""load_method"": ""weekly_weighted"", ""pv_days"": 7, ""shortage_penalty"": 0.5, ""surplus_penalty"": 0.1, ""target_soc"": 6000.0}",0,0.0,0.03922120001516305,43449.56182496333,0.0,0
2025-07-15,"{""load_method"": ""weekly_weighted"", ""pv_days"": 7, ""shortage_penalty"": 0.5, ""surplus_penalty"": 0.1, ""target_soc"": 6000.0}",0,0.0,0.034531199984485283,46345.86131540885,0.0,0
2025-07-16,"{""load_method"": ""weekly_weighted"", ""pv_days"": 7, ""shortage_penalty"": 0.5, ""surplus_penalty"": 0.1, ""target_soc"": 6000.0}",0,0.0,0.07474290000391193,45742.52220793629,0.0,0
2025-07-17,"{""load_method"": ""weekly_weighted"", ""pv_days"": 7, ""shortage_penalty"": 0.5, ""surplus_penalty"": 0.1, ""target_soc"": 6000.0}",0,0.0,0.06596009997883812,45907.10989204739,0.0,0
2025-07-18,"{""load_method"": ""weekly_weighted"", ""pv_days"": 7, ""shortage_penalty"": 0.5, ""surplus_penalty"": 0.1, ""target_soc"": 6000.0}",0,0.0,0.039572800014866516,22162.49662717287,0.0,0
2025-07-19,"{""load_method"": ""weekly_weighted"", ""pv_days"": 7, ""shortage_penalty"": 0.5, ""surplus_penalty"": 0.1, ""target_soc"": 6000.0}",0,0.0,0.03102759999455884,22134.070061139533,0.0,0
2025-07-20,"{""load_method"": ""weekly_weighted"", ""pv_days"": 7, ""shortage_penalty"": 0.5, ""surplus_penalty"": 0.1, ""target_soc"": 6000.0}",0,0.0,0.052476100012427196,45385.90722657906,0.0,0
2025-07-21,"{""load_method"": ""weekly_weighted"", ""pv_days"": 7, ""shortage_penalty"": 0.5, ""surplus_penalty"": 0.1, ""target_soc"": 6000.0}",0,0.0,0.052139999985229224,45902.52490918043,0.0,0
2025-07-22,"{""load_method"": ""weekly_weighted"", ""pv_days"": 7, ""shortage_penalty"": 0.5, ""surplus_penalty"": 0.1, ""target_soc"": 6000.0}",0,0.0,0.06368950000614859,47994.94451095784,0.0,0
2025-07-23,"{""load_method"": ""weekly_weighted"", ""pv_days"": 7, ""shortage_penalty"": 0.5, ""surplus_penalty"": 0.1, ""target_soc"": 6000.0}",0,0.0,0.036966900021070614,48041.72034478838,0.0,0
2025-07-24,"{""load_method"": ""weekly_weighted"", ""pv_days"": 7, ""shortage_penalty"": 0.5, ""surplus_penalty"": 0.1, ""target_soc"": 6000.0}",0,0.0,0.035654300008900464,48340.45169154771,0.0,0
2025-07-25,"{""load_method"": ""weekly_weighted"", ""pv_days"": 7, ""shortage_penalty"": 0.5, ""surplus_penalty"": 0.1, ""target_soc"": 6000.0}",0,0.0,0.04110279999440536,23403.25228934845,0.0,0
2025-07-26,"{""load_method"": ""weekly_weighted"", ""pv_days"": 7, ""shortage_penalty"": 0.5, ""surplus_penalty"": 0.1, ""target_soc"": 6000.0}",0,0.0,0.03181399998720735,23668.582105225443,0.0,0
2025-07-27,"{""load_method"": ""weekly_weighted"", ""pv_days"": 7, ""shortage_penalty"": 0.5, ""surplus_penalty"": 0.1, ""target_soc"": 6000.0}",0,0.0,0.036884000001009554,47927.38782529281,0.0,0
2025-07-28,"{""load_method"": ""weekly_weighted"", ""pv_days"": 7, ""shortage_penalty"": 0.5, ""surplus_penalty"": 0.1, ""target_soc"": 6000.0}",0,0.0,0.0366177000105381,48219.58593559839,0.0,0
2025-07-29,"{""load_method"": ""weekly_weighted"", ""pv_days"": 7, ""shortage_penalty"": 0.5, ""surplus_penalty"": 0.1, ""target_soc"": 6000.0}",0,1.4554304460882822e-16,0.04583149999962188,49991.79200722923,0.0,0
2025-07-30,"{""load_method"": ""weekly_weighted"", ""pv_days"": 7, ""shortage_penalty"": 0.5, ""surplus_penalty"": 0.1, ""target_soc"": 6000.0}",0,0.0,0.0351463999832049,50259.7353665548,0.0,0
2025-07-31,"{""load_method"": ""weekly_weighted"", ""pv_days"": 7, ""shortage_penalty"": 0.5, ""surplus_penalty"": 0.1, ""target_soc"": 6000.0}",0,0.0,0.03997810001601465,50051.29153503649,0.0,0
2025-08-01,"{""load_method"": ""weekly_weighted"", ""pv_days"": 7, ""shortage_penalty"": 0.5, ""surplus_penalty"": 0.1, ""target_soc"": 6000.0}",0,0.0,0.09393630002159625,24193.184963911634,0.0,0
2025-08-02,"{""load_method"": ""weekly_weighted"", ""pv_days"": 7, ""shortage_penalty"": 0.5, ""surplus_penalty"": 0.1, ""target_soc"": 6000.0}",0,0.0,0.03435679999529384,24386.090802007857,0.0,0
2025-08-03,"{""load_method"": ""weekly_weighted"", ""pv_days"": 7, ""shortage_penalty"": 0.5, ""surplus_penalty"": 0.1, ""target_soc"": 6000.0}",0,0.0,0.03444290001061745,48865.40154012732,0.0,0
2025-08-04,"{""load_method"": ""weekly_weighted"", ""pv_days"": 7, ""shortage_penalty"": 0.5, ""surplus_penalty"": 0.1, ""target_soc"": 6000.0}",0,0.0,0.04675179999321699,48035.941929106506,0.0,0
2025-08-05,"{""load_method"": ""weekly_weighted"", ""pv_days"": 7, ""shortage_penalty"": 0.5, ""surplus_penalty"": 0.1, ""target_soc"": 6000.0}",0,1.5470937485382515e-16,0.10151209999457933,47029.84302701763,0.0,0
2025-08-06,"{""load_method"": ""weekly_weighted"", ""pv_days"": 7, ""shortage_penalty"": 0.5, ""surplus_penalty"": 0.1, ""target_soc"": 6000.0}",0,0.0,0.03934670001035556,46382.35466211389,0.0,0
2025-08-07,"{""load_method"": ""weekly_weighted"", ""pv_days"": 7, ""shortage_penalty"": 0.5, ""surplus_penalty"": 0.1, ""target_soc"": 6000.0}",0,0.0,0.04287130001466721,45692.949869345895,0.0,0
2025-08-08,"{""load_method"": ""weekly_weighted"", ""pv_days"": 7, ""shortage_penalty"": 0.5, ""surplus_penalty"": 0.1, ""target_soc"": 6000.0}",0,1.5573422263818622e-16,0.06372999999439344,23360.175724148612,0.0,0
2025-08-09,"{""load_method"": ""weekly_weighted"", ""pv_days"": 7, ""shortage_penalty"": 0.5, ""surplus_penalty"": 0.1, ""target_soc"": 6000.0}",0,0.0,0.08027599999331869,23398.258681539945,0.0,0
2025-08-10,"{""load_method"": ""weekly_weighted"", ""pv_days"": 7, ""shortage_penalty"": 0.5, ""surplus_penalty"": 0.1, ""target_soc"": 6000.0}",0,0.0,0.052169700007652864,44525.10391847973,0.0,0
2025-08-11,"{""load_method"": ""weekly_weighted"", ""pv_days"": 7, ""shortage_penalty"": 0.5, ""surplus_penalty"": 0.1, ""target_soc"": 6000.0}",0,0.0,0.07665350000024773,44851.538356505436,0.0,0
2025-08-12,"{""load_method"": ""weekly_weighted"", ""pv_days"": 7, ""shortage_penalty"": 0.5, ""surplus_penalty"": 0.1, ""target_soc"": 6000.0}",0,0.0,0.06606650000321679,44478.262130404146,0.0,0
2025-08-13,"{""load_method"": ""weekly_weighted"", ""pv_days"": 7, ""shortage_penalty"": 0.5, ""surplus_penalty"": 0.1, ""target_soc"": 6000.0}",0,0.0,0.07460190000711009,44848.91945894453,0.0,0
2025-08-14,"{""load_method"": ""weekly_weighted"", ""pv_days"": 7, ""shortage_penalty"": 0.5, ""surplus_penalty"": 0.1, ""target_soc"": 6000.0}",0,1.6395448460760507e-16,0.05579240000224672,44377.91153805334,0.0,0
2025-08-15,"{""load_method"": ""weekly_weighted"", ""pv_days"": 7, ""shortage_penalty"": 0.5, ""surplus_penalty"": 0.1, ""target_soc"": 6000.0}",0,0.0,0.03426509999553673,23177.729497074197,0.0,0
2025-08-16,"{""load_method"": ""weekly_weighted"", ""pv_days"": 7, ""shortage_penalty"": 0.5, ""surplus_penalty"": 0.1, ""target_soc"": 6000.0}",0,0.0,0.09207250000326894,23250.13198078179,0.0,0
2025-08-17,"{""load_method"": ""weekly_weighted"", ""pv_days"": 7, ""shortage_penalty"": 0.5, ""surplus_penalty"": 0.1, ""target_soc"": 6000.0}",0,0.0,0.06665309998788871,44639.10412088757,0.0,0
2025-08-18,"{""load_method"": ""weekly_weighted"", ""pv_days"": 7, ""shortage_penalty"": 0.5, ""surplus_penalty"": 0.1, ""target_soc"": 6000.0}",0,0.0,0.05857130000367761,44483.29060409378,0.0,0
2025-08-19,"{""load_method"": ""weekly_weighted"", ""pv_days"": 7, ""shortage_penalty"": 0.5, ""surplus_penalty"": 0.1, ""target_soc"": 6000.0}",0,0.0,0.06281579998903908,44436.86898019306,0.0,0
2025-08-20,"{""load_method"": ""weekly_weighted"", ""pv_days"": 7, ""shortage_penalty"": 0.5, ""surplus_penalty"": 0.1, ""target_soc"": 6000.0}",0,0.0,0.05886290001217276,44253.35428949363,0.0,0
2025-08-21,"{""load_method"": ""weekly_weighted"", ""pv_days"": 7, ""shortage_penalty"": 0.5, ""surplus_penalty"": 0.1, ""target_soc"": 6000.0}",0,0.0,0.06981509999604896,44570.73028169357,0.0,0
2025-08-22,"{""load_method"": ""weekly_weighted"", ""pv_days"": 7, ""shortage_penalty"": 0.5, ""surplus_penalty"": 0.1, ""target_soc"": 6000.0}",0,0.0,0.07466730001033284,23155.497437296486,0.0,0
2025-08-23,"{""load_method"": ""weekly_weighted"", ""pv_days"": 7, ""shortage_penalty"": 0.5, ""surplus_penalty"": 0.1, ""target_soc"": 6000.0}",0,0.0,0.03808880000724457,23224.13697644088,0.0,0
2025-08-24,"{""load_method"": ""weekly_weighted"", ""pv_days"": 7, ""shortage_penalty"": 0.5, ""surplus_penalty"": 0.1, ""target_soc"": 6000.0}",0,0.0,0.08888620001380332,45202.928455590845,0.0,0
2025-08-25,"{""load_method"": ""weekly_weighted"", ""pv_days"": 7, ""shortage_penalty"": 0.5, ""surplus_penalty"": 0.1, ""target_soc"": 6000.0}",0,0.0,0.08901019999757409,45355.37651621951,0.0,0
2025-08-26,"{""load_method"": ""weekly_weighted"", ""pv_days"": 7, ""shortage_penalty"": 0.5, ""surplus_penalty"": 0.1, ""target_soc"": 6000.0}",0,3.181612164855152e-16,0.03900170000270009,45737.55214136651,0.0,0
2025-08-27,"{""load_method"": ""weekly_weighted"", ""pv_days"": 7, ""shortage_penalty"": 0.5, ""surplus_penalty"": 0.1, ""target_soc"": 6000.0}",0,0.0,0.05206839999300428,45939.36630369624,0.0,0
2025-08-28,"{""load_method"": ""weekly_weighted"", ""pv_days"": 7, ""shortage_penalty"": 0.5, ""surplus_penalty"": 0.1, ""target_soc"": 6000.0}",0,0.0,0.05482660001143813,45821.54018191835,0.0,0
2025-08-29,"{""load_method"": ""weekly_weighted"", ""pv_days"": 7, ""shortage_penalty"": 0.5, ""surplus_penalty"": 0.1, ""target_soc"": 6000.0}",0,0.0,0.04331750000710599,23905.09668649855,0.0,0
2025-08-30,"{""load_method"": ""weekly_weighted"", ""pv_days"": 7, ""shortage_penalty"": 0.5, ""surplus_penalty"": 0.1, ""target_soc"": 6000.0}",0,0.0,0.06966020000982098,23811.65113836661,0.0,0
2025-08-31,"{""load_method"": ""weekly_weighted"", ""pv_days"": 7, ""shortage_penalty"": 0.5, ""surplus_penalty"": 0.1, ""target_soc"": 6000.0}",0,1.570556413801928e-16,0.05490059999283403,46327.26051890193,0.0,0
2025-09-01,"{""load_method"": ""weekly_weighted"", ""pv_days"": 7, ""shortage_penalty"": 0.5, ""surplus_penalty"": 0.1, ""target_soc"": 6000.0}",0,0.0,0.03291249999892898,46463.71111308822,0.0,0
2025-09-02,"{""load_method"": ""weekly_weighted"", ""pv_days"": 7, ""shortage_penalty"": 0.5, ""surplus_penalty"": 0.1, ""target_soc"": 6000.0}",0,0.0,0.08705250002094544,45907.66785826152,0.0,0
2025-09-03,"{""load_method"": ""weekly_weighted"", ""pv_days"": 7, ""shortage_penalty"": 0.5, ""surplus_penalty"": 0.1, ""target_soc"": 6000.0}",0,0.0,0.07623289999901317,45844.31685935964,0.0,0
2025-09-04,"{""load_method"": ""weekly_weighted"", ""pv_days"": 7, ""shortage_penalty"": 0.5, ""surplus_penalty"": 0.1, ""target_soc"": 6000.0}",0,0.0,0.0461776000156533,46009.583354582595,0.0,0
2025-09-05,"{""load_method"": ""weekly_weighted"", ""pv_days"": 7, ""shortage_penalty"": 0.5, ""surplus_penalty"": 0.1, ""target_soc"": 6000.0}",0,0.0,0.058774300006916746,23810.371037604215,0.0,0
2025-09-06,"{""load_method"": ""weekly_weighted"", ""pv_days"": 7, ""shortage_penalty"": 0.5, ""surplus_penalty"": 0.1, ""target_soc"": 6000.0}",0,0.0,0.034142699994845316,23925.912302530982,0.0,0
2025-09-07,"{""load_method"": ""weekly_weighted"", ""pv_days"": 7, ""shortage_penalty"": 0.5, ""surplus_penalty"": 0.1, ""target_soc"": 6000.0}",0,0.0,0.05665230000158772,45506.00735169552,0.0,0
2025-09-08,"{""load_method"": ""weekly_weighted"", ""pv_days"": 7, ""shortage_penalty"": 0.5, ""surplus_penalty"": 0.1, ""target_soc"": 6000.0}",0,0.0,0.06512070001917891,41905.32540885028,0.0,0
2025-09-09,"{""load_method"": ""weekly_weighted"", ""pv_days"": 7, ""shortage_penalty"": 0.5, ""surplus_penalty"": 0.1, ""target_soc"": 6000.0}",0,0.0,0.04501570001593791,42513.17257478784,0.0,0
2025-09-10,"{""load_method"": ""weekly_weighted"", ""pv_days"": 7, ""shortage_penalty"": 0.5, ""surplus_penalty"": 0.1, ""target_soc"": 6000.0}",0,0.0,0.06501740001840517,42443.52640441591,0.0,0
2025-09-11,"{""load_method"": ""weekly_weighted"", ""pv_days"": 7, ""shortage_penalty"": 0.5, ""surplus_penalty"": 0.1, ""target_soc"": 6000.0}",0,0.0,0.05987319999258034,42889.197862113215,0.0,0
2025-09-12,"{""load_method"": ""weekly_weighted"", ""pv_days"": 7, ""shortage_penalty"": 0.5, ""surplus_penalty"": 0.1, ""target_soc"": 6000.0}",0,0.0,0.05052270001033321,21184.744717495985,0.0,0
2025-09-13,"{""load_method"": ""weekly_weighted"", ""pv_days"": 7, ""shortage_penalty"": 0.5, ""surplus_penalty"": 0.1, ""target_soc"": 6000.0}",0,0.0,0.044997100019827485,21439.084315417844,0.0,0
2025-09-14,"{""load_method"": ""weekly_weighted"", ""pv_days"": 7, ""shortage_penalty"": 0.5, ""surplus_penalty"": 0.1, ""target_soc"": 6000.0}",0,0.0,0.056583300000056624,43072.83532512901,0.0,0
2025-09-15,"{""load_method"": ""weekly_weighted"", ""pv_days"": 7, ""shortage_penalty"": 0.5, ""surplus_penalty"": 0.1, ""target_soc"": 6000.0}",0,0.0,0.06023730000015348,41072.372460265426,0.0,0
2025-09-16,"{""load_method"": ""weekly_weighted"", ""pv_days"": 7, ""shortage_penalty"": 0.5, ""surplus_penalty"": 0.1, ""target_soc"": 6000.0}",0,0.0,0.054581800010055304,40903.74037206101,0.0,0
2025-09-17,"{""load_method"": ""weekly_weighted"", ""pv_days"": 7, ""shortage_penalty"": 0.5, ""surplus_penalty"": 0.1, ""target_soc"": 6000.0}",0,0.0,0.055560799984959885,41186.520359145135,0.0,0
2025-09-18,"{""load_method"": ""weekly_weighted"", ""pv_days"": 7, ""shortage_penalty"": 0.5, ""surplus_penalty"": 0.1, ""target_soc"": 6000.0}",0,0.0,0.056874999980209395,41074.17201391374,0.0,0
2025-09-19,"{""load_method"": ""weekly_weighted"", ""pv_days"": 7, ""shortage_penalty"": 0.5, ""surplus_penalty"": 0.1, ""target_soc"": 6000.0}",0,0.0,0.042302099987864494,19744.929830622998,0.0,0
2025-09-20,"{""load_method"": ""weekly_weighted"", ""pv_days"": 7, ""shortage_penalty"": 0.5, ""surplus_penalty"": 0.1, ""target_soc"": 6000.0}",0,0.0,0.031185799976810813,19829.21329590237,0.0,0
2025-09-21,"{""load_method"": ""weekly_weighted"", ""pv_days"": 7, ""shortage_penalty"": 0.5, ""surplus_penalty"": 0.1, ""target_soc"": 6000.0}",0,0.0,0.04208640000433661,42428.59754876529,0.0,0
2025-09-22,"{""load_method"": ""weekly_weighted"", ""pv_days"": 7, ""shortage_penalty"": 0.5, ""surplus_penalty"": 0.1, ""target_soc"": 6000.0}",0,0.0,0.040983300015795976,40486.19817385449,0.0,0
2025-09-23,"{""load_method"": ""weekly_weighted"", ""pv_days"": 7, ""shortage_penalty"": 0.5, ""surplus_penalty"": 0.1, ""target_soc"": 6000.0}",0,0.0,0.05855119999614544,41202.12664134583,0.0,0
2025-09-24,"{""load_method"": ""weekly_weighted"", ""pv_days"": 7, ""shortage_penalty"": 0.5, ""surplus_penalty"": 0.1, ""target_soc"": 6000.0}",0,0.0,0.052813999995123595,41169.49208031606,0.0,0
2025-09-25,"{""load_method"": ""weekly_weighted"", ""pv_days"": 7, ""shortage_penalty"": 0.5, ""surplus_penalty"": 0.1, ""target_soc"": 6000.0}",0,0.0,0.03702079999493435,41359.13282087426,0.0,0
2025-09-26,"{""load_method"": ""weekly_weighted"", ""pv_days"": 7, ""shortage_penalty"": 0.5, ""surplus_penalty"": 0.1, ""target_soc"": 6000.0}",0,0.0,0.04045870000845753,18728.98870665629,0.0,0
2025-09-27,"{""load_method"": ""weekly_weighted"", ""pv_days"": 7, ""shortage_penalty"": 0.5, ""surplus_penalty"": 0.1, ""target_soc"": 6000.0}",0,0.0,0.03682489998755045,18829.11204045078,0.0,0
2025-09-28,"{""load_method"": ""weekly_weighted"", ""pv_days"": 7, ""shortage_penalty"": 0.5, ""surplus_penalty"": 0.1, ""target_soc"": 6000.0}",0,0.0,0.04275789999519475,41786.7778883594,0.0,0
2025-09-29,"{""load_method"": ""weekly_weighted"", ""pv_days"": 7, ""shortage_penalty"": 0.5, ""surplus_penalty"": 0.1, ""target_soc"": 6000.0}",0,0.0,0.039608299994142726,41136.063774456365,0.0,0
2025-09-30,"{""load_method"": ""weekly_weighted"", ""pv_days"": 7, ""shortage_penalty"": 0.5, ""surplus_penalty"": 0.1, ""target_soc"": 6000.0}",0,0.0,0.03267699998104945,41700.82182894332,0.0,0
2025-10-01,"{""load_method"": ""weekly_weighted"", ""pv_days"": 7, ""shortage_penalty"": 0.5, ""surplus_penalty"": 0.1, ""target_soc"": 6000.0}",0,0.0,0.038258599990513176,41614.10297200429,0.0,0
2025-10-02,"{""load_method"": ""weekly_weighted"", ""pv_days"": 7, ""shortage_penalty"": 0.5, ""surplus_penalty"": 0.1, ""target_soc"": 6000.0}",0,0.0,0.0385320000059437,40940.32573419808,0.0,0
2025-10-03,"{""load_method"": ""weekly_weighted"", ""pv_days"": 7, ""shortage_penalty"": 0.5, ""surplus_penalty"": 0.1, ""target_soc"": 6000.0}",0,0.0,0.050431400013621897,17725.02523639432,0.0,0
2025-10-04,"{""load_method"": ""weekly_weighted"", ""pv_days"": 7, ""shortage_penalty"": 0.5, ""surplus_penalty"": 0.1, ""target_soc"": 6000.0}",0,0.0,0.08486030000494793,18109.730983745812,0.0,0
2025-10-05,"{""load_method"": ""weekly_weighted"", ""pv_days"": 7, ""shortage_penalty"": 0.5, ""surplus_penalty"": 0.1, ""target_soc"": 6000.0}",0,0.0,0.03737240002374165,39743.996936133306,0.0,0
2025-10-06,"{""load_method"": ""weekly_weighted"", ""pv_days"": 7, ""shortage_penalty"": 0.5, ""surplus_penalty"": 0.1, ""target_soc"": 6000.0}",0,0.0,0.0630994999955874,39601.619662990895,0.0,0
2025-10-07,"{""load_method"": ""weekly_weighted"", ""pv_days"": 7, ""shortage_penalty"": 0.5, ""surplus_penalty"": 0.1, ""target_soc"": 6000.0}",0,0.0,0.05480879999231547,39615.808912012566,0.0,0
2025-10-08,"{""load_method"": ""weekly_weighted"", ""pv_days"": 7, ""shortage_penalty"": 0.5, ""surplus_penalty"": 0.1, ""target_soc"": 6000.0}",0,0.0,0.059248800011118874,37623.953537806156,0.0,0
2025-10-09,"{""load_method"": ""weekly_weighted"", ""pv_days"": 7, ""shortage_penalty"": 0.5, ""surplus_penalty"": 0.1, ""target_soc"": 6000.0}",0,0.0,0.05698419999680482,38142.32277020357,0.0,0
2025-10-10,"{""load_method"": ""weekly_weighted"", ""pv_days"": 7, ""shortage_penalty"": 0.5, ""surplus_penalty"": 0.1, ""target_soc"": 6000.0}",0,0.0,0.07844280000426807,16663.74702979053,0.0,0
2025-10-11,"{""load_method"": ""weekly_weighted"", ""pv_days"": 7, ""shortage_penalty"": 0.5, ""surplus_penalty"": 0.1, ""target_soc"": 6000.0}",0,0.0,0.03658769998583011,17235.606743203673,0.0,0
2025-10-12,"{""load_method"": ""weekly_weighted"", ""pv_days"": 7, ""shortage_penalty"": 0.5, ""surplus_penalty"": 0.1, ""target_soc"": 6000.0}",0,0.0,0.050492200010921806,38848.755604822276,0.0,0
2025-10-13,"{""load_method"": ""weekly_weighted"", ""pv_days"": 7, ""shortage_penalty"": 0.5, ""surplus_penalty"": 0.1, ""target_soc"": 6000.0}",0,0.0,0.07011560001410544,39448.867142452276,0.0,0
2025-10-14,"{""load_method"": ""weekly_weighted"", ""pv_days"": 7, ""shortage_penalty"": 0.5, ""surplus_penalty"": 0.1, ""target_soc"": 6000.0}",0,0.0,0.09442780000972562,39359.68603773694,0.0,0
2025-10-15,"{""load_method"": ""weekly_weighted"", ""pv_days"": 7, ""shortage_penalty"": 0.5, ""surplus_penalty"": 0.1, ""target_soc"": 6000.0}",0,0.0,0.059727099986048415,38480.42021928859,0.0,0
2025-10-16,"{""load_method"": ""weekly_weighted"", ""pv_days"": 7, ""shortage_penalty"": 0.5, ""surplus_penalty"": 0.1, ""target_soc"": 6000.0}",0,0.0,0.05136399998445995,39049.06473178049,0.0,0
2025-10-17,"{""load_method"": ""weekly_weighted"", ""pv_days"": 7, ""shortage_penalty"": 0.5, ""surplus_penalty"": 0.1, ""target_soc"": 6000.0}",0,0.0,0.04524509998736903,16607.01167495921,0.0,0
2025-10-18,"{""load_method"": ""weekly_weighted"", ""pv_days"": 7, ""shortage_penalty"": 0.5, ""surplus_penalty"": 0.1, ""target_soc"": 6000.0}",0,0.0,0.041235199983930215,17007.658904760854,0.0,0
2025-10-19,"{""load_method"": ""weekly_weighted"", ""pv_days"": 7, ""shortage_penalty"": 0.5, ""surplus_penalty"": 0.1, ""target_soc"": 6000.0}",0,0.0,0.04910649999510497,40450.003242498475,0.0,0
2025-10-20,"{""load_method"": ""weekly_weighted"", ""pv_days"": 7, ""shortage_penalty"": 0.5, ""surplus_penalty"": 0.1, ""target_soc"": 6000.0}",0,0.0,0.04437289998168126,41211.57108678837,0.0,0
2025-10-21,"{""load_method"": ""weekly_weighted"", ""pv_days"": 7, ""shortage_penalty"": 0.5, ""surplus_penalty"": 0.1, ""target_soc"": 6000.0}",0,0.0,0.03862710000248626,41773.11154287862,0.0,0
2025-10-22,"{""load_method"": ""weekly_weighted"", ""pv_days"": 7, ""shortage_penalty"": 0.5, ""surplus_penalty"": 0.1, ""target_soc"": 6000.0}",0,0.0,0.03883420000784099,41369.143464885434,0.0,0
2025-10-23,"{""load_method"": ""weekly_weighted"", ""pv_days"": 7, ""shortage_penalty"": 0.5, ""surplus_penalty"": 0.1, ""target_soc"": 6000.0}",0,0.0,0.04763850002200343,41929.13759492019,0.0,0
2025-10-24,"{""load_method"": ""weekly_weighted"", ""pv_days"": 7, ""shortage_penalty"": 0.5, ""surplus_penalty"": 0.1, ""target_soc"": 6000.0}",0,0.0,0.058035399997606874,16601.381695651806,0.0,0
2025-10-25,"{""load_method"": ""weekly_weighted"", ""pv_days"": 7, ""shortage_penalty"": 0.5, ""surplus_penalty"": 0.1, ""target_soc"": 6000.0}",0,0.0,0.04743400000734255,16897.0950282388,0.0,0
2025-10-26,"{""load_method"": ""weekly_weighted"", ""pv_days"": 7, ""shortage_penalty"": 0.5, ""surplus_penalty"": 0.1, ""target_soc"": 6000.0}",0,0.0,0.03301179999834858,42714.82016828428,0.0,0
2025-10-27,"{""load_method"": ""weekly_weighted"", ""pv_days"": 7, ""shortage_penalty"": 0.5, ""surplus_penalty"": 0.1, ""target_soc"": 6000.0}",0,0.0,0.04066569998394698,42903.14903557121,0.0,0
2025-10-28,"{""load_method"": ""weekly_weighted"", ""pv_days"": 7, ""shortage_penalty"": 0.5, ""surplus_penalty"": 0.1, ""target_soc"": 6000.0}",0,0.0,0.03834860000642948,42707.0704366141,0.0,0
2025-10-29,"{""load_method"": ""weekly_weighted"", ""pv_days"": 7, ""shortage_penalty"": 0.5, ""surplus_penalty"": 0.1, ""target_soc"": 6000.0}",0,0.0,0.05768189998343587,42205.32601109019,0.0,0
2025-10-30,"{""load_method"": ""weekly_weighted"", ""pv_days"": 7, ""shortage_penalty"": 0.5, ""surplus_penalty"": 0.1, ""target_soc"": 6000.0}",0,0.0,0.03390249999938533,42550.99656481273,0.0,0
2025-10-31,"{""load_method"": ""weekly_weighted"", ""pv_days"": 7, ""shortage_penalty"": 0.5, ""surplus_penalty"": 0.1, ""target_soc"": 6000.0}",0,0.0,0.04406289997859858,16979.60984808621,0.0,0
2025-11-01,"{""load_method"": ""weekly_weighted"", ""pv_days"": 7, ""shortage_penalty"": 0.5, ""surplus_penalty"": 0.1, ""target_soc"": 6000.0}",0,0.0,0.036499899986665696,17049.42064802728,0.0,0
2025-11-02,"{""load_method"": ""weekly_weighted"", ""pv_days"": 7, ""shortage_penalty"": 0.5, ""surplus_penalty"": 0.1, ""target_soc"": 6000.0}",0,0.0,0.04125199999543838,43701.3484008674,0.0,0
2025-11-03,"{""load_method"": ""weekly_weighted"", ""pv_days"": 7, ""shortage_penalty"": 0.5, ""surplus_penalty"": 0.1, ""target_soc"": 6000.0}",0,0.0,0.05565470000146888,44233.94205219769,0.0,0
2025-11-04,"{""load_method"": ""weekly_weighted"", ""pv_days"": 7, ""shortage_penalty"": 0.5, ""surplus_penalty"": 0.1, ""target_soc"": 6000.0}",0,0.0,0.05373470002086833,44506.34554971746,0.0,0
2025-11-05,"{""load_method"": ""weekly_weighted"", ""pv_days"": 7, ""shortage_penalty"": 0.5, ""surplus_penalty"": 0.1, ""target_soc"": 6000.0}",0,0.0,0.044810499995946884,44741.545142149254,0.0,0
2025-11-06,"{""load_method"": ""weekly_weighted"", ""pv_days"": 7, ""shortage_penalty"": 0.5, ""surplus_penalty"": 0.1, ""target_soc"": 6000.0}",0,0.0,0.04513270000461489,44548.76066176601,0.0,0
2025-11-07,"{""load_method"": ""weekly_weighted"", ""pv_days"": 7, ""shortage_penalty"": 0.5, ""surplus_penalty"": 0.1, ""target_soc"": 6000.0}",0,0.0,0.08709730001282878,17454.979176935103,0.0,0
2025-11-08,"{""load_method"": ""weekly_weighted"", ""pv_days"": 7, ""shortage_penalty"": 0.5, ""surplus_penalty"": 0.1, ""target_soc"": 6000.0}",0,0.0,0.07862569999997504,17329.788214565087,0.0,0
2025-11-09,"{""load_method"": ""weekly_weighted"", ""pv_days"": 7, ""shortage_penalty"": 0.5, ""surplus_penalty"": 0.1, ""target_soc"": 6000.0}",0,0.0,0.035895500011974946,45495.650391945164,0.0,0
2025-11-10,"{""load_method"": ""weekly_weighted"", ""pv_days"": 7, ""shortage_penalty"": 0.5, ""surplus_penalty"": 0.1, ""target_soc"": 6000.0}",0,0.0,0.03608429999439977,45748.647814729615,0.0,0
2025-11-11,"{""load_method"": ""weekly_weighted"", ""pv_days"": 7, ""shortage_penalty"": 0.5, ""surplus_penalty"": 0.1, ""target_soc"": 6000.0}",0,0.0,0.07290120000834577,46031.79333596605,0.0,0
2025-11-12,"{""load_method"": ""weekly_weighted"", ""pv_days"": 7, ""shortage_penalty"": 0.5, ""surplus_penalty"": 0.1, ""target_soc"": 6000.0}",0,0.0,0.08476910000899807,46453.90427093626,0.0,0
2025-11-13,"{""load_method"": ""weekly_weighted"", ""pv_days"": 7, ""shortage_penalty"": 0.5, ""surplus_penalty"": 0.1, ""target_soc"": 6000.0}",0,0.0,0.05275450000772253,46491.02181820636,0.0,0
2025-11-14,"{""load_method"": ""weekly_weighted"", ""pv_days"": 7, ""shortage_penalty"": 0.5, ""surplus_penalty"": 0.1, ""target_soc"": 6000.0}",0,0.0,0.11677259998396039,17896.217413592796,0.0,0
2025-11-15,"{""load_method"": ""weekly_weighted"", ""pv_days"": 7, ""shortage_penalty"": 0.5, ""surplus_penalty"": 0.1, ""target_soc"": 6000.0}",0,0.0,0.049646400002529845,17775.98097513831,0.0,0
2025-11-16,"{""load_method"": ""weekly_weighted"", ""pv_days"": 7, ""shortage_penalty"": 0.5, ""surplus_penalty"": 0.1, ""target_soc"": 6000.0}",0,0.0,0.04370300000300631,47720.713518232806,0.0,0
2025-11-17,"{""load_method"": ""weekly_weighted"", ""pv_days"": 7, ""shortage_penalty"": 0.5, ""surplus_penalty"": 0.1, ""target_soc"": 6000.0}",0,0.0,0.04241100000217557,48178.59258770641,0.0,0
2025-11-18,"{""load_method"": ""weekly_weighted"", ""pv_days"": 7, ""shortage_penalty"": 0.5, ""surplus_penalty"": 0.1, ""target_soc"": 6000.0}",0,0.0,0.04605760000413284,47957.549413407665,0.0,0
2025-11-19,"{""load_method"": ""weekly_weighted"", ""pv_days"": 7, ""shortage_penalty"": 0.5, ""surplus_penalty"": 0.1, ""target_soc"": 6000.0}",0,0.0,0.03748439997434616,48241.41583076012,0.0,0
2025-11-20,"{""load_method"": ""weekly_weighted"", ""pv_days"": 7, ""shortage_penalty"": 0.5, ""surplus_penalty"": 0.1, ""target_soc"": 6000.0}",0,0.0,0.03638389997649938,48567.73747424524,0.0,0
2025-11-21,"{""load_method"": ""weekly_weighted"", ""pv_days"": 7, ""shortage_penalty"": 0.5, ""surplus_penalty"": 0.1, ""target_soc"": 6000.0}",0,0.0,0.0683296000061091,18282.65888810981,0.0,0
2025-11-22,"{""load_method"": ""weekly_weighted"", ""pv_days"": 7, ""shortage_penalty"": 0.5, ""surplus_penalty"": 0.1, ""target_soc"": 6000.0}",0,0.0,0.05415690000518225,18234.238666352918,0.0,0
2025-11-23,"{""load_method"": ""weekly_weighted"", ""pv_days"": 7, ""shortage_penalty"": 0.5, ""surplus_penalty"": 0.1, ""target_soc"": 6000.0}",0,0.0,0.04982220000238158,49476.56946890144,0.0,0
2025-11-24,"{""load_method"": ""weekly_weighted"", ""pv_days"": 7, ""shortage_penalty"": 0.5, ""surplus_penalty"": 0.1, ""target_soc"": 6000.0}",0,0.0,0.04735949999303557,49383.81692709084,0.0,0
2025-11-25,"{""load_method"": ""weekly_weighted"", ""pv_days"": 7, ""shortage_penalty"": 0.5, ""surplus_penalty"": 0.1, ""target_soc"": 6000.0}",0,0.0,0.052753199997823685,49458.06528478818,0.0,0
2025-11-26,"{""load_method"": ""weekly_weighted"", ""pv_days"": 7, ""shortage_penalty"": 0.5, ""surplus_penalty"": 0.1, ""target_soc"": 6000.0}",0,0.0,0.05654819999472238,49699.498145521626,0.0,0
2025-11-27,"{""load_method"": ""weekly_weighted"", ""pv_days"": 7, ""shortage_penalty"": 0.5, ""surplus_penalty"": 0.1, ""target_soc"": 6000.0}",0,0.0,0.05610370001522824,49850.958498222564,0.0,0
2025-11-28,"{""load_method"": ""weekly_weighted"", ""pv_days"": 7, ""shortage_penalty"": 0.5, ""surplus_penalty"": 0.1, ""target_soc"": 6000.0}",0,0.0,0.06911130002117716,18586.06994715973,0.0,0
2025-11-29,"{""load_method"": ""weekly_weighted"", ""pv_days"": 7, ""shortage_penalty"": 0.5, ""surplus_penalty"": 0.1, ""target_soc"": 6000.0}",0,0.0,0.12111910001840442,18706.69978990217,0.0,0
2025-11-30,"{""load_method"": ""weekly_weighted"", ""pv_days"": 7, ""shortage_penalty"": 0.5, ""surplus_penalty"": 0.1, ""target_soc"": 6000.0}",0,0.0,0.061078300001099706,50908.98220301186,0.0,0
2025-12-01,"{""load_method"": ""weekly_weighted"", ""pv_days"": 7, ""shortage_penalty"": 0.5, ""surplus_penalty"": 0.1, ""target_soc"": 6000.0}",0,0.0,0.04249520000303164,51226.30777356822,0.0,0
2025-12-02,"{""load_method"": ""weekly_weighted"", ""pv_days"": 7, ""shortage_penalty"": 0.5, ""surplus_penalty"": 0.1, ""target_soc"": 6000.0}",0,0.0,0.06600469999830239,51666.951503816876,0.0,0
2025-12-03,"{""load_method"": ""weekly_weighted"", ""pv_days"": 7, ""shortage_penalty"": 0.5, ""surplus_penalty"": 0.1, ""target_soc"": 6000.0}",0,0.0,0.030572200019378215,52261.772277631644,0.0,0
2025-12-04,"{""load_method"": ""weekly_weighted"", ""pv_days"": 7, ""shortage_penalty"": 0.5, ""surplus_penalty"": 0.1, ""target_soc"": 6000.0}",0,0.0,0.0342808999994304,52555.4595551075,0.0,0
2025-12-05,"{""load_method"": ""weekly_weighted"", ""pv_days"": 7, ""shortage_penalty"": 0.5, ""surplus_penalty"": 0.1, ""target_soc"": 6000.0}",0,0.0,0.07185080001363531,19681.80963897788,0.0,0
2025-12-06,"{""load_method"": ""weekly_weighted"", ""pv_days"": 7, ""shortage_penalty"": 0.5, ""surplus_penalty"": 0.1, ""target_soc"": 6000.0}",0,0.0,0.06351639999775216,19976.271474188503,0.0,0
2025-12-07,"{""load_method"": ""weekly_weighted"", ""pv_days"": 7, ""shortage_penalty"": 0.5, ""surplus_penalty"": 0.1, ""target_soc"": 6000.0}",0,0.0,0.03331959998467937,53746.17440100658,0.0,0
2025-12-08,"{""load_method"": ""weekly_weighted"", ""pv_days"": 7, ""shortage_penalty"": 0.5, ""surplus_penalty"": 0.1, ""target_soc"": 6000.0}",0,0.0,0.038107600004877895,55655.585862660024,0.0,0
2025-12-09,"{""load_method"": ""weekly_weighted"", ""pv_days"": 7, ""shortage_penalty"": 0.5, ""surplus_penalty"": 0.1, ""target_soc"": 6000.0}",0,0.0,0.0398226999968756,55910.43191215374,0.0,0
2025-12-10,"{""load_method"": ""weekly_weighted"", ""pv_days"": 7, ""shortage_penalty"": 0.5, ""surplus_penalty"": 0.1, ""target_soc"": 6000.0}",0,0.0,0.035283500008517876,55596.45505993065,0.0,0
2025-12-11,"{""load_method"": ""weekly_weighted"", ""pv_days"": 7, ""shortage_penalty"": 0.5, ""surplus_penalty"": 0.1, ""target_soc"": 6000.0}",0,0.0,0.031557300011627376,56019.48823250611,0.0,0
2025-12-12,"{""load_method"": ""weekly_weighted"", ""pv_days"": 7, ""shortage_penalty"": 0.5, ""surplus_penalty"": 0.1, ""target_soc"": 6000.0}",0,0.0,0.06492209999123588,21705.952618358522,0.0,0
2025-12-13,"{""load_method"": ""weekly_weighted"", ""pv_days"": 7, ""shortage_penalty"": 0.5, ""surplus_penalty"": 0.1, ""target_soc"": 6000.0}",0,0.0,0.07232820001081564,22018.380397827368,0.0,0
2025-12-14,"{""load_method"": ""weekly_weighted"", ""pv_days"": 7, ""shortage_penalty"": 0.5, ""surplus_penalty"": 0.1, ""target_soc"": 6000.0}",0,0.0,0.04019709999556653,56463.931358458394,0.0,0
2025-12-15,"{""load_method"": ""weekly_weighted"", ""pv_days"": 7, ""shortage_penalty"": 0.5, ""surplus_penalty"": 0.1, ""target_soc"": 6000.0}",0,0.0,0.039941800001543015,57669.011987861355,0.0,0
2025-12-16,"{""load_method"": ""weekly_weighted"", ""pv_days"": 7, ""shortage_penalty"": 0.5, ""surplus_penalty"": 0.1, ""target_soc"": 6000.0}",0,0.0,0.027497899980517104,58094.878345072786,0.0,0
2025-12-17,"{""load_method"": ""weekly_weighted"", ""pv_days"": 7, ""shortage_penalty"": 0.5, ""surplus_penalty"": 0.1, ""target_soc"": 6000.0}",0,0.0,0.017752099985955283,57894.806589004605,0.0,0
2025-12-18,"{""load_method"": ""weekly_weighted"", ""pv_days"": 7, ""shortage_penalty"": 0.5, ""surplus_penalty"": 0.1, ""target_soc"": 6000.0}",0,0.0,0.046352600009413436,57951.30781375422,0.0,0
2025-12-19,"{""load_method"": ""weekly_weighted"", ""pv_days"": 7, ""shortage_penalty"": 0.5, ""surplus_penalty"": 0.1, ""target_soc"": 6000.0}",0,0.0,0.05455820000497624,23260.24856392626,0.0,0
2025-12-20,"{""load_method"": ""weekly_weighted"", ""pv_days"": 7, ""shortage_penalty"": 0.5, ""surplus_penalty"": 0.1, ""target_soc"": 6000.0}",0,0.0,0.047381100011989474,23325.221168940665,0.0,0
2025-12-21,"{""load_method"": ""weekly_weighted"", ""pv_days"": 7, ""shortage_penalty"": 0.5, ""surplus_penalty"": 0.1, ""target_soc"": 6000.0}",0,0.0,0.031821100012166426,58185.84388184023,0.0,0
2025-12-22,"{""load_method"": ""weekly_weighted"", ""pv_days"": 7, ""shortage_penalty"": 0.5, ""surplus_penalty"": 0.1, ""target_soc"": 6000.0}",0,0.0,0.04794649998075329,58905.877861128,0.0,0
2025-12-23,"{""load_method"": ""weekly_weighted"", ""pv_days"": 7, ""shortage_penalty"": 0.5, ""surplus_penalty"": 0.1, ""target_soc"": 6000.0}",0,0.0,0.03876359999412671,59078.52824299714,0.0,0
2025-12-24,"{""load_method"": ""weekly_weighted"", ""pv_days"": 7, ""shortage_penalty"": 0.5, ""surplus_penalty"": 0.1, ""target_soc"": 6000.0}",0,0.0,0.03648740000789985,58555.15471606678,0.0,0
2025-12-25,"{""load_method"": ""weekly_weighted"", ""pv_days"": 7, ""shortage_penalty"": 0.5, ""surplus_penalty"": 0.1, ""target_soc"": 6000.0}",0,0.0,0.03463999999803491,58658.547280576546,0.0,0
2025-12-26,"{""load_method"": ""weekly_weighted"", ""pv_days"": 7, ""shortage_penalty"": 0.5, ""surplus_penalty"": 0.1, ""target_soc"": 6000.0}",0,0.0,0.04073520001838915,23807.756521230967,0.0,0
2025-12-27,"{""load_method"": ""weekly_weighted"", ""pv_days"": 7, ""shortage_penalty"": 0.5, ""surplus_penalty"": 0.1, ""target_soc"": 6000.0}",0,0.0,0.04082669998751953,23841.761022732637,0.0,0
2025-12-28,"{""load_method"": ""weekly_weighted"", ""pv_days"": 7, ""shortage_penalty"": 0.5, ""surplus_penalty"": 0.1, ""target_soc"": 6000.0}",0,1.231978485938815e-16,0.03914360000635497,59059.12885028075,0.0,0
2025-12-29,"{""load_method"": ""weekly_weighted"", ""pv_days"": 7, ""shortage_penalty"": 0.5, ""surplus_penalty"": 0.1, ""target_soc"": 6000.0}",0,0.0,0.03492930001812056,59478.760765539744,0.0,0
2025-12-30,"{""load_method"": ""weekly_weighted"", ""pv_days"": 7, ""shortage_penalty"": 0.5, ""surplus_penalty"": 0.1, ""target_soc"": 6000.0}",0,0.0,0.03773050001473166,59392.63877574104,0.0,0
2025-12-31,"{""load_method"": ""weekly_weighted"", ""pv_days"": 7, ""shortage_penalty"": 0.5, ""surplus_penalty"": 0.1, ""target_soc"": 6000.0}",0,0.0,0.02174090000335127,59055.42773501827,0.0,1
