date,phase,horizon_hours,horizon_objective_yuan,horizon_planned_cost_yuan,first_day_planned_cost_yuan,horizon_final_soc_kwh,first_day_end_soc_kwh,seconds,objective_error
2025-02-01,evaluation,72,141189.96184125135,137362.1444768911,24591.965483781973,1200.0000000000073,8550.000000000004,0.0517746000259649,3.7834979593753815e-10
2025-02-02,evaluation,72,175332.32872335048,171118.09601486963,58570.63774078399,1199.9999999999936,8550.0,0.055082499980926514,1.4551915228366852e-10
2025-02-03,evaluation,72,173418.6239970098,169120.47443644964,57986.313051731566,1199.9999999999955,8550.0,0.05309199998737313,2.9103830456733704e-11
2025-02-04,evaluation,72,172671.97526363056,168287.30786769715,57783.632132512525,1199.9999999999964,8550.0,0.05539269998553209,2.9103830456733704e-11
2025-02-05,evaluation,72,137697.59316507832,133677.6308586037,57306.15201566767,1199.999999999999,8550.0,0.05589250000775792,2.9103830456733704e-11
2025-02-06,evaluation,72,103190.87035079475,99493.97927171411,57595.69991169391,1200.0000000000036,8550.0,0.07347239999216981,1.6007106751203537e-10
2025-02-07,evaluation,72,101260.26289088358,97676.12089277236,23340.50767239619,1199.9999999999964,8550.0,0.059036599996034056,1.4551915228366852e-11
2025-02-08,evaluation,72,133320.68544053586,129444.92393800034,22355.471253025302,1199.9999999999936,8550.0,0.06338189999223687,2.9103830456733704e-11
2025-02-09,evaluation,72,165935.94928524928,161692.49224454834,55301.70675164712,1199.9999999999964,8550.0,0.05849070000112988,2.0372681319713593e-10
2025-02-10,evaluation,72,165938.10112072047,161693.7744665779,55580.92614525222,1199.9999999999936,8549.999999999998,0.06944230000954121,2.9103830456733704e-11
2025-02-11,evaluation,72,164032.11436161786,159786.17367044574,54772.279289379774,1199.9999999999936,8550.000000000002,0.05426349997287616,8.731149137020111e-11
2025-02-12,evaluation,72,127958.63228722363,124097.9358929467,53956.48806303863,1199.9999999999927,8550.000000000004,0.05223549998481758,3.2014213502407074e-10
2025-02-13,evaluation,72,92310.21102609616,88978.07318217942,53202.74900599842,1200.0000000000027,7950.0,0.05615160000161268,3.346940502524376e-10
2025-02-14,evaluation,72,88785.33032354244,85712.74271557282,19478.77654708056,1200.0000000000055,7926.4642793214225,0.04819820000557229,0.0
2025-02-15,evaluation,72,119725.11415461106,116104.2869356765,19307.505908827785,1199.9999999999982,8550.0,0.053935800009639934,5.820766091346741e-11
2025-02-16,evaluation,72,150480.59889823565,146179.0562549724,50258.96046368697,1200.0,8550.000000000007,0.05391519999830052,6.984919309616089e-10
2025-02-17,evaluation,72,149443.27713918613,145153.83642465266,49694.011852280884,1199.9999999999982,8549.999999999998,0.05469819999416359,4.0745362639427185e-10
2025-02-18,evaluation,72,148917.42117644614,144662.501640519,49358.472430848284,1199.9999999999982,8550.000000000002,0.0561398999998346,8.731149137020111e-11
2025-02-19,evaluation,72,116941.79943126919,113553.44434927008,49366.03714065382,1200.000000000011,8550.0,0.062216199992690235,2.9103830456733704e-11
2025-02-20,evaluation,72,84845.9671510676,82238.30510377447,48504.122102786816,1199.9999999999964,7265.4534468445145,0.05498039998929016,4.3655745685100555e-11
2025-02-21,evaluation,72,84123.04296974732,81520.14434598864,18213.543176490013,1200.0000000000018,6894.697823079272,0.056150699994759634,8.731149137020111e-11
2025-02-22,evaluation,72,113859.36095108319,110479.6258784016,18875.643972835864,1199.9999999999927,8550.0,0.05568119999952614,1.8917489796876907e-10
2025-02-23,evaluation,72,143828.10862520084,139681.58237966502,47941.12276821598,1199.99999999999,8550.0,0.05785929999547079,3.4924596548080444e-10
2025-02-24,evaluation,72,143167.90829631535,139044.02767182756,47503.94064767395,1200.000000000001,8550.0,0.056332599982852116,1.1641532182693481e-10
2025-02-25,evaluation,72,142883.4788489649,138764.27313008724,47611.822239922694,1200.0000000000055,8550.0,0.05603139998856932,2.6193447411060333e-10
2025-02-26,evaluation,72,111930.33288322414,108654.79400170798,47236.27525465704,1199.9999999999973,8549.999999999998,0.05406530000618659,5.820766091346741e-11
2025-02-27,evaluation,72,81752.85463082667,79270.89241651585,45952.11792344864,1199.9999999999982,6753.529800441578,0.047881599981337786,5.820766091346741e-11
2025-02-28,evaluation,72,81499.5700963058,78981.01192885387,17912.003057705173,1200.0000000000018,6452.889031916275,0.059210200008237734,2.9103830456733704e-11
2025-03-01,evaluation,72,109909.47203633422,106512.78759913264,18875.514996257956,1200.0000000000036,8550.000000000002,0.05361370000173338,4.3655745685100555e-11
2025-03-02,evaluation,72,138270.31393322433,133832.2769718347,45957.44357850187,1200.000000000001,8550.000000000004,0.05601369999931194,1.7462298274040222e-10
2025-03-03,evaluation,72,141035.18681332227,135659.99295507307,46328.695536243235,1200.0000000000055,8550.0,0.054296999995131046,4.656612873077393e-10
2025-03-04,evaluation,72,145518.0983133687,138972.66227012055,47311.774719184046,1200.0000000000055,8550.0,0.05385140000726096,2.3283064365386963e-10
2025-03-05,evaluation,72,117597.52793287295,111350.76626682337,48288.39940183745,1199.9999999999982,8550.000000000004,0.060866399988299236,7.275957614183426e-11
2025-03-06,evaluation,72,85752.4709604914,80670.80245062981,47856.041822265426,1199.9999999999973,6475.852839693822,0.05836969998199493,1.4551915228366852e-11
2025-03-07,evaluation,72,86080.8698580747,80798.0118806123,17554.064791300345,1200.0000000000045,5839.642855162648,0.05597980000311509,4.3655745685100555e-11
2025-03-08,evaluation,72,117682.74304349143,111481.90145082177,18774.492802750676,1199.9999999999982,8550.000000000004,0.05797850000089966,2.9103830456733704e-11
2025-03-09,evaluation,72,146443.3790824046,139158.16205684186,47688.293429487974,1200.0,8550.000000000004,0.058482599997660145,1.7462298274040222e-10
2025-03-10,evaluation,72,143626.43622769992,136199.89845772972,46569.016767959634,1199.9999999999973,8550.000000000002,0.05530829998315312,0.0
2025-03-11,evaluation,72,142011.83219626668,134410.91455444176,46030.75558720954,1199.999999999999,8550.000000000002,0.05033779999939725,1.4551915228366852e-10
2025-03-12,evaluation,72,109776.71154724022,103899.32590886875,45420.17005961618,1200.0000000000027,8550.0,0.04845460000797175,1.4551915228366852e-11
2025-03-13,evaluation,72,78375.50122093936,74411.09223286447,43312.42900369731,1200.0000000000045,5182.79879109198,0.04882500000530854,4.3655745685100555e-11
2025-03-14,evaluation,72,79560.91590680867,75621.1412824883,16364.429098047822,1200.0000000000073,4811.223597452257,0.04719529999420047,1.8917489796876907e-10
2025-03-15,evaluation,72,108578.91842353817,102823.43494390979,18123.110992145048,1199.9999999999964,8550.0,0.049388299987185746,1.8917489796876907e-10
2025-03-16,evaluation,72,136920.76874003236,129385.34539208263,44383.01493855308,1200.0000000000082,8550.000000000002,0.05476450000423938,2.0372681319713593e-10
2025-03-17,evaluation,72,136054.04430663292,129092.5797841305,44256.89326820882,1200.000000000009,8550.000000000004,0.06453299999702722,1.1641532182693481e-10
2025-03-18,evaluation,72,131613.8678049972,125239.75807271703,43345.82521289833,1200.0,8550.0,0.07438350000302307,2.9103830456733704e-11
2025-03-19,evaluation,72,102029.90296276318,97506.7414334132,43079.137824417034,1200.0000000000073,8550.000000000004,0.06033510001725517,1.4551915228366852e-10
2025-03-20,evaluation,72,73528.08029775263,70228.20279935023,40133.64626824109,1200.0000000000055,4586.519989776224,0.05325789999915287,1.1641532182693481e-10
2025-03-21,evaluation,72,74200.78892732492,71151.87934548961,15707.516972930696,1200.000000000011,4367.39356329049,0.051811100012855604,1.4551915228366852e-11
2025-03-22,evaluation,72,99971.8620866656,95799.78360976631,17826.80446430034,1200.0000000000055,8550.000000000004,0.054092600010335445,4.3655745685100555e-11
2025-03-23,evaluation,72,123509.41461147366,118197.89348603171,40801.85162590689,1200.0000000000055,8550.0,0.05898299999535084,0.0
2025-03-24,evaluation,72,122403.87358307204,117446.07593451555,40427.80660004169,1199.999999999999,8550.0,0.05622209998546168,1.0186340659856796e-10
2025-03-25,evaluation,72,122947.16596347169,118086.7530133597,40647.464175286164,1199.9999999999982,8550.000000000002,0.06067720000282861,2.9103830456733704e-11
2025-03-26,evaluation,72,97041.80154891458,93197.09418623158,40830.36303160191,1200.0000000000118,8550.000000000005,0.054436200007330626,1.3096723705530167e-10
2025-03-27,evaluation,72,70503.92324057709,67547.94442746881,38388.23468214467,1200.000000000001,4219.118432409655,0.054711800010409206,2.9103830456733704e-11
2025-03-28,evaluation,72,71108.4356126357,68350.41686355064,15253.26101770338,1199.99999999999,4073.0076345321154,0.052890899998601526,2.9103830456733704e-11
2025-03-29,evaluation,72,95896.95832767263,92320.35861004147,17368.91879531132,1199.9999999999968,8550.0,0.05594949997612275,1.4551915228366852e-11
2025-03-30,evaluation,72,116417.34576531031,112092.0507905058,38942.36900498477,1199.9999999999973,8550.0,0.0597231000137981,5.820766091346741e-11
2025-03-31,evaluation,72,115163.43441756979,110712.48514366263,38554.33837368811,1200.0000000000045,8550.0,0.06535089999670163,1.6007106751203537e-10
2025-04-01,evaluation,72,115022.53513322206,110435.81379921407,38116.76300994885,1200.0000000000027,8550.000000000002,0.05901559998164885,2.9103830456733704e-11
2025-04-02,evaluation,72,91337.945550757,87594.29014059878,37953.86186001239,1199.9999999999973,8550.0,0.05147730000317097,2.9103830456733704e-11
2025-04-03,evaluation,72,68130.94719354738,65333.439842648135,36544.90569326309,1200.0000000000055,3661.9504024203275,0.04910760000348091,7.275957614183426e-11
2025-04-04,evaluation,72,70862.85306800436,67781.78256581193,14890.18020350887,1199.9999999999977,3759.226834106201,0.04975480001303367,1.1641532182693481e-10
2025-04-05,evaluation,72,95401.26229959202,91079.66306064898,17290.425651329468,1199.9999999999986,8550.000000000004,0.062225299974670634,1.4551915228366852e-10
2025-04-06,evaluation,72,119576.4028645493,113790.92746682037,39318.576108467576,1200.0000000000082,8549.999999999996,0.060052999993786216,3.92901711165905e-10
2025-04-07,evaluation,72,119465.4264696875,113773.39363244709,39046.354812976904,1200.0000000000073,8550.000000000004,0.055455800000345334,3.92901711165905e-10
2025-04-08,evaluation,72,118877.71541894661,113271.47977042769,39041.745750354916,1200.0000000000018,8550.000000000004,0.05510339999455027,3.7834979593753815e-10
2025-04-09,evaluation,72,92587.86635051374,88024.83087183916,38503.47173749179,1200.0000000000182,8550.000000000004,0.058149099990259856,1.6007106751203537e-10
2025-04-10,evaluation,72,67360.04047985682,64292.0075509541,36282.31736029934,1199.9999999999955,3608.1312240509947,0.05126750000636093,2.9103830456733704e-11
2025-04-11,evaluation,72,69245.73219584444,66281.77363429677,14475.983149511847,1199.9999999999986,3571.688836402869,0.0477717999892775,1.4551915228366852e-11
2025-04-12,evaluation,72,93948.7710810356,89757.83487030811,17009.208930197834,1199.999999999986,8550.0,0.0497019000176806,0.0
2025-04-13,evaluation,72,116265.53725213849,111005.21089354853,38336.459049166835,1200.0000000000082,8550.000000000002,0.057614499994087964,5.820766091346741e-11
2025-04-14,evaluation,72,116318.59828198957,111007.93151698154,37969.77629376836,1200.0000000000036,8550.0,0.06640519999200478,1.3096723705530167e-10
2025-04-15,evaluation,72,116279.46536076709,110939.45190024954,38342.6491691228,1200.0000000000055,8550.0,0.06037419999483973,1.0186340659856796e-10
2025-04-16,evaluation,72,90600.78680118277,86593.01569127405,38072.95198688393,1200.0000000000082,8550.0,0.05624020000686869,7.275957614183426e-11
2025-04-17,evaluation,72,65407.340458726016,62391.32044375247,35201.418102552474,1199.9999999999982,3374.629516853721,0.049813699995866045,3.637978807091713e-11
2025-04-18,evaluation,72,65835.94874532391,63321.563789380205,14002.60777946635,1200.0000000000032,3131.3892677043978,0.05372440000064671,2.9103830456733704e-11
2025-04-19,evaluation,72,89047.42415570491,85823.97446370526,16580.83944165597,1199.9999999999982,8550.0,0.047660799988079816,1.1641532182693481e-10
2025-04-20,evaluation,72,109587.00906987548,105603.17333153241,36531.815272787986,1199.9999999999973,8550.000000000002,0.047524800000246614,1.4551915228366852e-10
2025-04-21,evaluation,72,109392.61219476363,105445.48038792574,36264.562360449665,1200.0000000000082,8550.000000000002,0.04994920000899583,2.9103830456733704e-10
2025-04-22,evaluation,72,108614.34072211917,104724.44426047373,36162.08434004772,1200.0000000000045,8550.000000000002,0.046219300013035536,2.473825588822365e-10
2025-04-23,evaluation,72,85666.75519438322,82423.83866567785,36332.97197454712,1200.0000000000036,8550.000000000002,0.047259400016628206,2.764863893389702e-10
2025-04-24,evaluation,72,61744.91159024904,59206.7565920377,33236.712329575545,1200.0000000000045,2863.8014525198596,0.04208210000069812,1.4551915228366852e-10
2025-04-25,evaluation,72,62421.280235068705,60217.06741389737,13267.32052676201,1200.0000000000018,2763.5156481241274,0.04756199999246746,1.8189894035458565e-10
2025-04-26,evaluation,72,83621.15741868493,80964.65120300525,15984.054905677836,1200.0000000000123,8549.999999999998,0.050893700012238696,3.92901711165905e-10
2025-04-27,evaluation,72,101201.21691355266,98007.5462074118,33789.35168828514,1200.0000000000055,8550.000000000002,0.05738800001563504,2.9103830456733704e-10
2025-04-28,evaluation,72,100998.7485952251,97727.8297333393,33872.69000585918,1200.0000000000045,8550.000000000004,0.06116330000804737,2.1827872842550278e-10
2025-04-29,evaluation,72,104252.13162878471,100153.59493226936,34539.39752307241,1200.0000000000018,8550.000000000002,0.062262299994472414,2.6193447411060333e-10
2025-04-30,evaluation,72,82326.77667276486,78667.51933164758,34438.64715895693,1200.0000000000045,8550.0,0.05104309998569079,1.6007106751203537e-10
2025-05-01,evaluation,72,60328.495487304164,57217.70751559333,31713.458352377245,1200.0000000000045,2346.6702032441644,0.04729459999362007,1.0913936421275139e-10
2025-05-02,evaluation,72,63665.559394986514,60050.37538530288,13135.023051195303,1199.9999999999995,2380.4787479169154,0.04621879998012446,4.3655745685100555e-11
2025-05-03,evaluation,72,90548.46237216804,84968.66199570804,16194.820851761986,1200.0000000000032,8550.000000000002,0.05634050001390278,4.3655745685100555e-11
2025-05-04,evaluation,72,115243.99547018397,107585.20253895588,35965.394130139146,1200.0000000000036,8550.0,0.051012299983995035,4.3655745685100555e-11
2025-05-05,evaluation,72,117465.4235272069,109933.60868403659,37262.17459249961,1200.0000000000045,8550.000000000004,0.0517180000024382,2.1827872842550278e-10
2025-05-06,evaluation,72,118689.3285214298,111700.69711158739,37335.47501503804,1200.0000000000055,8550.0,0.04701859998749569,3.2014213502407074e-10
2025-05-07,evaluation,72,96398.67911371232,90621.58866428604,38027.48630417678,1200.0,8550.0,0.04793010000139475,3.346940502524376e-10
2025-05-08,evaluation,72,74137.20109383506,69716.4834644301,37397.87437074887,1200.000000000001,2965.323356844157,0.04843100000289269,2.473825588822365e-10
2025-05-09,evaluation,72,77073.21521433999,73143.68398592784,16335.208523206284,1200.0000000000025,2877.255426845014,0.04629999998724088,1.1641532182693481e-10
2025-05-10,evaluation,72,102108.24363551574,97309.76444734258,19216.4678481124,1199.999999999993,8550.0,0.04806870000902563,0.0
2025-05-11,evaluation,72,125825.19856215388,119662.16175947824,40746.12498269258,1199.999999999999,8550.0,0.053335699980380014,1.0186340659856796e-10
2025-05-12,evaluation,72,127512.98186827835,121242.68207429655,41368.3770052097,1200.0000000000027,8550.0,0.05442059997585602,1.1641532182693481e-10
2025-05-13,evaluation,72,127159.89638840643,121189.02024881703,41172.18198204405,1200.000000000009,8550.000000000002,0.055833399994298816,1.4551915228366852e-11
2025-05-14,evaluation,72,101701.45806602258,96775.1544358639,41478.49479122582,1200.0000000000036,8550.0,0.04838150000432506,1.0186340659856796e-10
2025-05-15,evaluation,72,75602.37062543884,71861.65255843574,38734.992165154224,1200.0,2483.664358542376,0.04604539999854751,1.4551915228366852e-11
2025-05-16,evaluation,72,78297.2831421072,74559.22396488267,16934.97262514364,1200.0000000000055,2620.642657495661,0.04827709999517538,2.9103830456733704e-11
2025-05-17,evaluation,72,101507.83866813726,96876.77790239282,19704.637249358195,1199.9999999999893,8550.000000000002,0.055589099996723235,4.3655745685100555e-11
2025-05-18,evaluation,72,121727.78600400114,116264.19228678716,40442.58859485597,1200.0000000000027,8550.0,0.05289439999614842,1.1641532182693481e-10
2025-05-19,evaluation,72,120141.40122683156,114756.95925379854,39498.404221190984,1200.0000000000082,8550.0,0.05204830001457594,7.275957614183426e-11
2025-05-20,evaluation,72,119131.65942484119,113533.37729841413,39126.17536181007,1199.9999999999964,8550.0,0.052182799990987405,1.1641532182693481e-10
2025-05-21,evaluation,72,95581.91585591885,90828.3455823559,39333.55179535673,1200.000000000001,8550.0,0.04654439998557791,1.8917489796876907e-10
2025-05-22,evaluation,72,71242.20453632183,67549.38114973699,36071.03657405804,1199.9999999999964,2032.429392686381,0.04604059999110177,2.9103830456733704e-11
2025-05-23,evaluation,72,73229.41839816289,69840.89322043776,15888.879848597731,1200.000000000002,1971.602488091583,0.04280170000856742,1.4551915228366852e-10
2025-05-24,evaluation,72,96763.05502135966,92394.33045834386,19066.63448956055,1200.0000000000032,8550.000000000002,0.04791169997770339,0.0
2025-05-25,evaluation,72,115447.33606189012,110405.86101514418,38431.98646781151,1200.0000000000045,8550.000000000002,0.05363529999158345,2.0372681319713593e-10
2025-05-26,evaluation,72,113814.99371926842,108821.93449273903,37795.64478484988,1200.0,8550.000000000002,0.060054499976104125,1.1641532182693481e-10
2025-05-27,evaluation,72,115189.22598648476,109897.88798850295,38192.20070270024,1200.000000000001,8550.0,0.06541350000770763,2.9103830456733704e-11
2025-05-28,evaluation,72,91113.2866479418,86606.8824319955,37530.12754640989,1200.0000000000073,8550.000000000002,0.05108080001082271,8.731149137020111e-11
2025-05-29,evaluation,72,68476.4028882432,64829.305940178805,34538.874646091834,1199.9999999999964,2065.195139464885,0.048450799979036674,1.4551915228366852e-11
2025-05-30,evaluation,72,72000.51367061792,68687.91197180585,15344.117130345681,1200.0000000000093,2185.7543887040306,0.047986999998101965,7.275957614183426e-11
2025-05-31,evaluation,72,95844.26106086845,91733.51412194746,18547.554799536352,1200.0000000000025,8550.0,0.04791960000875406,8.731149137020111e-11
2025-06-01,evaluation,72,117730.6523912587,112592.60527712063,38922.712076293625,1199.9999999999945,8550.0,0.05566820001695305,5.820766091346741e-11
2025-06-02,evaluation,72,124366.70008472077,116861.38890391635,39863.4044832294,1199.999999999999,8550.0,0.04863239999394864,1.6007106751203537e-10
2025-06-03,evaluation,72,132046.522163244,120700.51251309348,40342.76038243876,1199.9999999999918,8550.0,0.049707300000591204,8.731149137020111e-11
2025-06-04,evaluation,72,111905.75663760032,100473.21678358273,42185.08764377931,1199.9999999999955,8550.000000000004,0.045527400012360886,4.3655745685100555e-11
2025-06-05,evaluation,72,87720.15932846014,78750.55710794893,41685.80194745296,1200.0000000000055,2861.053172398416,0.051001999992877245,1.0186340659856796e-10
2025-06-06,evaluation,72,97885.21873204673,90294.84617316174,18415.695740294992,1200.0000000000032,2949.927754676366,0.04714579999563284,2.9103830456733704e-11
2025-06-07,evaluation,72,137751.90352389912,128888.30259689465,22377.054335152643,1200.0000000000068,8550.000000000002,0.051313200005097315,1.1641532182693481e-10
2025-06-08,evaluation,72,175707.82561254807,166793.7342083206,54817.143612656124,1200.0000000000018,8550.000000000002,0.05214040001737885,4.94765117764473e-10
2025-06-09,evaluation,72,175047.19562907112,167166.37363522427,55399.20831763414,1200.0,8550.000000000004,0.05745250001200475,1.1641532182693481e-10
2025-06-10,evaluation,72,176180.935594853,168582.78304709648,56501.72398413491,1200.0,8550.0,0.05512629999429919,2.6193447411060333e-10
2025-06-11,evaluation,72,144284.39600118733,137294.54987892555,56782.72235978165,1199.9999999999982,8550.0,0.05623009998816997,5.820766091346741e-11
2025-06-12,evaluation,72,113513.17033892043,107264.63824611779,57095.85138747969,1200.000000000009,7447.160103496888,0.05605990000185557,2.764863893389702e-10
2025-06-13,evaluation,72,117059.81783430652,110906.20924723946,25869.00960791406,1200.0000000000045,7687.415152247673,0.054482300009112805,3.346940502524376e-10
2025-06-14,evaluation,72,151219.2602756899,144396.358632598,26236.372675261056,1200.000000000001,8550.000000000004,0.05042029998730868,3.4924596548080444e-10
2025-06-15,evaluation,72,183442.79049085762,175982.70938789006,59124.827476761115,1199.9999999999982,8550.0,0.05383260000962764,4.656612873077393e-10
2025-06-16,evaluation,72,184696.75929460223,177259.617369322,59653.04877346805,1199.9999999999936,8550.0,0.05635280002024956,2.6193447411060333e-10
2025-06-17,evaluation,72,183889.16609426486,176211.32236747775,59777.1055101528,1199.9999999999982,8550.0,0.05355209999834187,5.820766091346741e-11
2025-06-18,evaluation,72,149389.01938472578,141754.20692270753,59427.26626717909,1199.9999999999982,8550.0,0.0548858999973163,2.0372681319713593e-10
2025-06-19,evaluation,72,113621.05843343862,106031.16447262757,56932.12332692073,1199.9999999999982,6797.804798488764,0.0557390000030864,1.6007106751203537e-10
2025-06-20,evaluation,72,113357.88508012686,105000.46064423115,24651.79419771048,1199.9999999999927,5943.351167768085,0.05349969997769222,1.0186340659856796e-10
2025-06-21,evaluation,72,142692.67350704598,133461.84548161033,25562.281571670916,1199.9999999999964,8550.000000000004,0.04882779999752529,8.731149137020111e-11
2025-06-22,evaluation,72,167767.59097637073,158545.15477316495,55270.03230841583,1199.9999999999955,8550.0,0.054122500005178154,1.7462298274040222e-10
2025-06-23,evaluation,72,162573.80789895356,154184.87596292613,53457.41632671804,1200.0,8550.0,0.05006219999631867,8.731149137020111e-11
2025-06-24,evaluation,72,159107.26518799807,151008.0211074716,51445.43009980785,1199.9999999999945,8550.0,0.06471339997369796,1.4551915228366852e-10
2025-06-25,evaluation,72,128153.77250927489,121146.82552113917,51513.663528270255,1200.0,8550.000000000004,0.05261569999856874,8.731149137020111e-11
2025-06-26,evaluation,72,96472.85096708198,90535.51255995805,48703.598978405586,1200.000000000001,2558.2873563167254,0.05270910001127049,1.6007106751203537e-10
2025-06-27,evaluation,72,99123.51355982867,92972.40387770045,21241.968511204053,1199.999999999999,2657.049110906406,0.052641999995103106,7.275957614183426e-11
2025-06-28,evaluation,72,129343.50244224492,122140.09325511301,23780.70239488609,1199.9999999999968,8550.0,0.05103530001360923,1.0186340659856796e-10
2025-06-29,evaluation,72,158090.45585819124,149473.3528183698,51452.646688109286,1200.0000000000018,8550.0,0.054394800012232736,6.984919309616089e-10
2025-06-30,evaluation,72,157660.98087734124,149125.6834276041,51146.68312674577,1199.999999999999,8550.0,0.05449930002214387,5.820766091346741e-10
2025-07-01,evaluation,72,158498.80023055934,149783.4704068569,50947.971577989665,1199.9999999999973,8550.0,0.05069440000806935,4.0745362639427185e-10
2025-07-02,evaluation,72,124290.27086180035,116646.44666631504,49562.4961638401,1199.9999999999927,8550.0,0.04822639998747036,1.3096723705530167e-10
2025-07-03,evaluation,72,93553.60492937012,86725.00018820615,45913.87676775067,1199.9999999999964,2912.1329850815837,0.04292959999293089,1.8917489796876907e-10
2025-07-04,evaluation,72,97901.05742881878,90780.87673604173,20455.588420717337,1199.999999999996,2949.453263934062,0.04589589999523014,1.0186340659856796e-10
2025-07-05,evaluation,72,128814.91905521597,120260.44615168346,23575.516522136546,1200.0000000000036,8550.0,0.04534150002291426,1.3096723705530167e-10
2025-07-06,evaluation,72,159529.4800645121,150104.4243339913,49031.37816259655,1199.99999999999,8549.999999999998,0.05218679999234155,2.9103830456733704e-10
2025-07-07,evaluation,72,165229.3393176874,155734.64353576984,49886.1001728789,1200.000000000001,8550.0,0.05347799998708069,2.3283064365386963e-10
2025-07-08,evaluation,72,168174.45433526408,158552.16654676007,53597.10193024324,1200.0000000000018,8550.0,0.05635969998547807,2.6193447411060333e-10
2025-07-09,evaluation,72,140685.61273028955,132806.44497323118,54288.251620787385,1200.0000000000055,8550.0,0.06449960000463761,3.4924596548080444e-10
2025-07-10,evaluation,72,112722.951615272,106794.5298859659,52579.739194660375,1200.0000000000036,3180.8144158400128,0.05493980000028387,7.275957614183426e-11
2025-07-11,evaluation,72,112890.84231383524,107880.25802154998,27723.122819371085,1200.0000000000095,3232.5602851816357,0.04954779997933656,1.8917489796876907e-10
2025-07-12,evaluation,72,141733.8948616157,135117.61932297656,30362.700319350453,1199.9999999999986,8549.999999999998,0.04790939998929389,3.2014213502407074e-10
2025-07-13,evaluation,72,172105.93567628544,163506.61062185193,54692.59261886802,1199.9999999999973,8550.0,0.0523477999959141,5.238689482212067e-10
2025-07-14,evaluation,72,173216.7567789672,164231.24992626184,54395.81494420084,1199.9999999999936,8550.0,0.04748559999279678,4.0745362639427185e-10
2025-07-15,evaluation,72,175998.4469638211,167013.88176466178,57608.928467945734,1199.9999999999973,8550.0,0.04734049999387935,4.0745362639427185e-10
2025-07-16,evaluation,72,146468.92654621386,139264.96115078346,56823.31669772428,1200.0000000000018,8550.000000000004,0.043459400010760874,2.9103830456733704e-10
2025-07-17,evaluation,72,117517.83052227976,112036.94180225758,54639.091149433734,1199.9999999999973,3566.297532672428,0.045458000007783994,7.275957614183426e-11
2025-07-18,evaluation,72,118628.0536917429,113150.38177144594,29615.766699759148,1199.9999999999923,3538.0219975226487,0.04230729999835603,4.3655745685100555e-11
2025-07-19,evaluation,72,147221.54157311327,140085.31497180148,31756.88209519799,1200.0000000000027,8550.0,0.049564799992367625,8.731149137020111e-11
2025-07-20,evaluation,72,174155.74795205425,165523.76437646366,55947.88284067245,1199.9999999999936,8550.000000000004,0.050904099975014105,3.2014213502407074e-10
2025-07-21,evaluation,72,175422.09810055693,167462.19070029096,56835.99746038457,1199.99999999999,8550.000000000002,0.054210899979807436,3.2014213502407074e-10
2025-07-22,evaluation,72,176209.5780640147,168804.1934403189,58507.301676179006,1199.999999999991,8550.0,0.054456899990327656,5.820766091346741e-11
2025-07-23,evaluation,72,145026.3481973621,139405.25176392953,57630.28913484869,1199.9999999999973,8549.999999999998,0.052702899993164465,1.7462298274040222e-10
2025-07-24,evaluation,72,115073.87779680175,110668.32318419371,55324.58464713099,1200.0000000000136,3687.048923578084,0.04803070001071319,5.820766091346741e-11
2025-07-25,evaluation,72,116143.90280016953,111596.74973963868,28165.402681362146,1199.9999999999977,3574.2350054518447,0.04477889998815954,2.9103830456733704e-11
2025-07-26,evaluation,72,144399.78920248238,138830.74198043082,30643.25158914127,1199.9999999999968,8550.0,0.045298000011825934,4.0745362639427185e-10
2025-07-27,evaluation,72,172331.94908216567,165338.09441417392,56526.961616824155,1200.0,8550.0,0.049034600000595674,7.566995918750763e-10
2025-07-28,evaluation,72,173253.06262210268,166041.323697456,55968.28792293673,1199.9999999999982,8550.000000000002,0.05361589998938143,6.984919309616089e-10
2025-07-29,evaluation,72,174930.66121852063,167564.54681561422,57232.33921296909,1199.9999999999982,8550.0,0.049526499991770834,8.731149137020111e-11
2025-07-30,evaluation,72,144213.10443209895,138376.84704015416,57463.29462392572,1199.9999999999973,8550.000000000002,0.05025159998331219,1.4551915228366852e-10
2025-07-31,evaluation,72,112787.76599789683,108356.35647683297,54869.73525904956,1200.0000000000055,3839.313196076346,0.048753100010799244,1.1641532182693481e-10
2025-08-01,evaluation,72,114261.33456780555,109776.84815985349,27201.26104774131,1200.0000000000132,3722.2929736525507,0.047948399995220825,1.4551915228366852e-11
2025-08-02,evaluation,72,142663.89348040096,137135.99916055432,29517.043808512954,1199.9999999999936,8550.0,0.05364900000859052,2.0372681319713593e-10
2025-08-03,evaluation,72,167474.98977756733,160680.22151637933,55031.177830157016,1200.0000000000018,8550.000000000002,0.05251559999305755,5.820766091346741e-11
2025-08-04,evaluation,72,162982.21746728622,156041.54025719484,53389.28994811022,1199.9999999999927,8550.0,0.05245620000641793,2.3283064365386963e-10
2025-08-05,evaluation,72,157912.47218519193,151176.67527430048,51918.18504850539,1199.9999999999964,8550.000000000002,0.05609169998206198,1.4551915228366852e-10
2025-08-06,evaluation,72,127936.14378416153,122886.76779825005,51067.88314172644,1200.0000000000055,8550.000000000002,0.053339799982495606,1.0186340659856796e-10
2025-08-07,evaluation,72,100039.93870231148,96073.21602407674,47314.45324563784,1199.999999999999,3208.946011561671,0.05298079998465255,4.3655745685100555e-11
2025-08-08,evaluation,72,100678.75797141917,96855.16803628947,24680.879590228018,1199.9999999999986,2988.912976789972,0.04389570001512766,1.4551915228366852e-11
2025-08-09,evaluation,72,124490.52150001566,119770.5577176134,27347.810446297422,1199.9999999999986,8550.0,0.0463076000160072,1.4551915228366852e-11
2025-08-10,evaluation,72,145062.22500601085,139189.24384368391,47865.14924381584,1199.9999999999955,8550.0,0.04758439998840913,2.3283064365386963e-10
2025-08-11,evaluation,72,145464.96805019333,139574.47610794872,48094.919110031304,1199.9999999999945,8550.0,0.04647690002457239,4.0745362639427185e-10
2025-08-12,evaluation,72,144312.14611799936,138383.2268183278,47528.86387939395,1199.9999999999955,8550.0,0.05751459999009967,5.529727786779404e-10
2025-08-13,evaluation,72,120219.82462680263,115355.0166432269,47862.26667367731,1200.0000000000018,8550.0,0.04668659999151714,5.820766091346741e-11
2025-08-14,evaluation,72,94856.36849819725,91152.78940361332,44184.42996199087,1200.000000000001,3051.1571783776894,0.03854880001745187,2.9103830456733704e-11
2025-08-15,evaluation,72,98063.33722425882,94101.35358872253,24026.400550140635,1199.999999999999,2948.340616504469,0.0435542999766767,8.731149137020111e-11
2025-08-16,evaluation,72,122961.53733950261,117662.22059986705,26663.813498505573,1200.000000000005,8550.000000000002,0.04777679999824613,1.7462298274040222e-10
2025-08-17,evaluation,72,144616.86206261817,138116.55667048384,47266.471577933844,1200.0000000000055,8550.0,0.04634949998580851,5.820766091346741e-11
2025-08-18,evaluation,72,144309.30411305683,138174.121929249,47344.37382058146,1199.999999999991,8550.0,0.05292439999175258,4.0745362639427185e-10
2025-08-19,evaluation,72,144427.1595243413,138347.50945638464,47356.29946317611,1199.9999999999927,8550.0,0.049579599988646805,4.0745362639427185e-10
2025-08-20,evaluation,72,120113.0601741425,115287.11614614303,47231.56575509714,1199.999999999999,8550.000000000002,0.051568199996836483,1.4551915228366852e-11
2025-08-21,evaluation,72,96926.28619032812,93236.04914441108,45426.40098882843,1199.9999999999982,3733.8873111718967,0.04600639999262057,7.275957614183426e-11
2025-08-22,evaluation,72,99617.1286382056,96086.3687128562,24422.96939900946,1199.9999999999986,3757.388091021794,0.05555300001287833,1.4551915228366852e-10
2025-08-23,evaluation,72,125898.34475896039,121385.60917444117,26734.74456142888,1199.9999999999932,8549.999999999998,0.050195999996503815,2.473825588822365e-10
2025-08-24,evaluation,72,150825.8919531642,145157.92357106975,49313.99657355806,1199.9999999999945,8550.0,0.05200529997819103,2.9103830456733704e-11
2025-08-25,evaluation,72,151434.00999709012,146010.95263314858,49890.86877352005,1200.0000000000073,8550.000000000002,0.04906190000474453,2.6193447411060333e-10
2025-08-26,evaluation,72,153240.9181107419,147834.92153674125,50319.67109874825,1200.0000000000036,8550.0,0.05565610001212917,1.4551915228366852e-10
2025-08-27,evaluation,72,127708.76532088753,123014.8350741968,50521.47285422671,1200.0000000000018,8550.0,0.05114319999120198,4.3655745685100555e-10
2025-08-28,evaluation,72,101647.86550961332,97803.31241520289,48305.23947445243,1199.9999999999955,3867.9075972235287,0.04375620000064373,2.764863893389702e-10
2025-08-29,evaluation,72,104978.91447890498,100659.17488486192,25515.349180761514,1200.0000000000032,3893.3072301347083,0.04128360000322573,1.4551915228366852e-10
2025-08-30,evaluation,72,132366.0336972703,126725.14006733641,27645.18305018286,1199.9999999999968,8550.000000000004,0.04728949998388998,1.4551915228366852e-10
2025-08-31,evaluation,72,156089.9475160185,149202.85450248208,50801.53229288248,1200.0000000000045,8550.0,0.049464000010630116,1.1641532182693481e-10
2025-09-01,evaluation,72,156606.97419932918,149785.70339942834,51117.790935220495,1199.999999999999,8550.0,0.05763860000297427,3.2014213502407074e-10
2025-09-02,evaluation,72,155001.45678413482,148186.7214342042,50489.10830204791,1199.999999999999,8550.000000000004,0.05520029997569509,3.2014213502407074e-10
2025-09-03,evaluation,72,128222.74971222307,122617.49341216093,50343.8997699331,1200.0000000000027,8550.0,0.05010950000723824,1.4551915228366852e-10
2025-09-04,evaluation,72,101295.80378490456,96986.99714421056,48341.96333040533,1200.0000000000018,4221.133338209706,0.043955599976470694,2.0372681319713593e-10
2025-09-05,evaluation,72,102350.47531978447,98228.52150313022,24966.340603689518,1200.0000000000032,3846.0462129676625,0.042471099994145334,2.1827872842550278e-10
2025-09-06,evaluation,72,122881.52524552117,117732.66334769412,27225.16247208268,1199.9999999999923,8550.0,0.056110399978933856,1.7462298274040222e-10
2025-09-07,evaluation,72,141624.83842274448,135201.45678366983,48897.96717106885,1200.000000000001,8550.000000000002,0.0477225000213366,4.0745362639427185e-10
2025-09-08,evaluation,72,137118.57550758202,130319.63668618222,44821.74169518246,1199.9999999999945,8550.0,0.04959850001614541,2.9103830456733704e-11
2025-09-09,evaluation,72,137762.05652540753,130400.99191782947,45020.23413760384,1200.0000000000055,8550.000000000002,0.05226100000436418,4.656612873077393e-10
2025-09-10,evaluation,72,112327.92296512405,106081.21509788127,44552.337183903335,1199.9999999999955,8550.0,0.052528000000165775,8.731149137020111e-11
2025-09-11,evaluation,72,87523.38368699359,82286.35755180605,42295.85038914183,1199.9999999999964,4018.4301921086108,0.0443684000056237,1.3096723705530167e-10
2025-09-12,evaluation,72,87778.24636402522,82708.35440220567,20760.233324712368,1199.9999999999968,4108.087345100754,0.04461010001250543,2.0372681319713593e-10
2025-09-13,evaluation,72,108880.39303946121,101948.47116961284,22525.89608864317,1200.0000000000055,8550.000000000002,0.04647489998023957,2.6193447411060333e-10
2025-09-14,evaluation,72,126898.85587689771,118740.00124485261,43090.82174738799,1200.0000000000036,8550.000000000002,0.049683199991704896,3.2014213502407074e-10
2025-09-15,evaluation,72,123219.28297248734,115380.17904780508,39870.8254746743,1199.999999999999,8550.000000000004,0.049566400004550815,1.6007106751203537e-10
2025-09-16,evaluation,72,121191.59228710506,114317.90972015497,39190.42021956011,1200.0,8549.999999999998,0.06006309998338111,7.275957614183426e-11
2025-09-17,evaluation,72,98389.11752738025,92835.84477472573,39214.91606922618,1200.0000000000073,8550.000000000002,0.050600399990798905,1.4551915228366852e-10
2025-09-18,evaluation,72,75367.40785742059,71027.84330794698,37739.958063634025,1199.9999999999955,4489.0878571773255,0.04864860000088811,1.3096723705530167e-10
2025-09-19,evaluation,72,79136.30822250654,75071.218241922,17197.82732318515,1200.0000000000036,4492.675340369557,0.04414539999561384,1.4551915228366852e-11
2025-09-20,evaluation,72,104174.47383471159,99074.48876366996,19459.540546770895,1200.0,8549.999999999998,0.048571999999694526,0.0
2025-09-21,evaluation,72,129150.7122309692,122961.15752206382,42555.85100170799,1200.0000000000018,8550.0,0.06738630001200363,1.7462298274040222e-10
2025-09-22,evaluation,72,127616.89183541675,121934.20806265435,41183.135987678485,1199.9999999999982,8550.000000000004,0.05464049999136478,7.275957614183426e-11
2025-09-23,evaluation,72,129510.6387736152,123957.5531688703,42273.42544721991,1200.0000000000036,8549.999999999998,0.050253699999302626,1.8917489796876907e-10
2025-09-24,evaluation,72,104695.34698979369,100015.50119204907,42479.043697974485,1200.0000000000036,8550.000000000004,0.047495200007688254,1.6007106751203537e-10
2025-09-25,evaluation,72,79550.71580090252,75839.1395744599,41046.49090152013,1200.0000000000018,4843.011040411547,0.04637169998022728,1.4551915228366852e-10
2025-09-26,evaluation,72,82338.10828794795,78769.62720113917,18116.27665504488,1200.0000000000023,4789.019508059752,0.051043599989498034,4.3655745685100555e-11
2025-09-27,evaluation,72,108256.968355635,103830.77211562241,20188.43049367163,1200.000000000001,8550.0,0.048727600020356476,1.4551915228366852e-10
2025-09-28,evaluation,72,132740.26936132828,127403.09955562305,43730.764858740586,1200.000000000011,8550.000000000002,0.05196290000458248,1.1641532182693481e-10
2025-09-29,evaluation,72,134211.89444042346,128691.52762949986,43375.02701915018,1200.0000000000073,8550.0,0.05468760000076145,2.9103830456733704e-11
2025-09-30,evaluation,72,135692.72620136812,129956.2905496087,44425.53343961266,1200.0000000000064,8550.0,0.04979649998131208,5.820766091346741e-11
2025-10-01,evaluation,72,109292.33753457559,104469.89122793436,44450.38791965149,1199.9999999999964,8550.000000000004,0.06232209998415783,2.3283064365386963e-10
2025-10-02,evaluation,72,81838.46321139719,77999.3577913975,42239.26707088764,1199.9999999999918,5092.28966833042,0.0501452999887988,2.3283064365386963e-10
2025-10-03,evaluation,72,83293.78975268357,79668.13245650046,18386.003628521074,1200.0000000000064,5086.403345311727,0.05276119997142814,3.055902197957039e-10
2025-10-04,evaluation,72,108533.64681601647,103928.39861185892,20401.48074463706,1200.0000000000077,8550.000000000004,0.05443150000064634,1.0186340659856796e-10
2025-10-05,evaluation,72,131789.335198618,126101.06735449136,42868.68134092219,1199.9999999999964,8550.000000000004,0.0646775999921374,1.1641532182693481e-10
2025-10-06,evaluation,72,128488.31692674887,122940.84440508668,42528.233271961595,1199.9999999999927,8550.000000000002,0.0540638999955263,2.9103830456733704e-11
2025-10-07,evaluation,72,126074.67754006002,120604.60133973768,42317.93797206839,1199.999999999999,8550.0,0.05297290001180954,5.820766091346741e-11
2025-10-08,evaluation,72,98707.84954356721,94000.99043680463,40274.74790901431,1199.9999999999982,8550.000000000002,0.04746030000387691,1.4551915228366852e-11
2025-10-09,evaluation,72,75345.57711457094,71499.87008098996,39099.36119992715,1200.0000000000055,5184.568458761282,0.04414899999392219,1.4551915228366852e-10
2025-10-10,evaluation,72,77384.40229476069,73409.63242634923,17062.220764924143,1200.0000000000036,5481.433377254112,0.045516899990616366,2.9103830456733704e-10
2025-10-11,evaluation,72,102422.23476262922,97595.03460102726,18986.33632827593,1200.0000000000055,8550.0,0.04837420000694692,2.1827872842550278e-10
2025-10-12,evaluation,72,125308.04142645706,119597.88985578454,40985.83069392304,1200.0000000000036,8550.0,0.05495250000967644,1.7462298274040222e-10
2025-10-13,evaluation,72,124679.34079622841,119089.90751846966,41496.382721218135,1200.0000000000036,8550.000000000002,0.05434569998760708,7.275957614183426e-11
2025-10-14,evaluation,72,122747.1628677928,117520.65366078704,41013.52294247772,1200.0000000000036,8550.0,0.05712779998430051,2.1827872842550278e-10
2025-10-15,evaluation,72,96868.76214832754,93043.27459072255,40170.3333495581,1200.0000000000027,8550.000000000004,0.05354389999411069,4.3655745685100555e-11
2025-10-16,evaluation,72,72754.85900662799,70036.67725748003,39284.607625065604,1200.0000000000027,5772.679341001427,0.05142800000612624,2.9103830456733704e-11
2025-10-17,evaluation,72,76083.0150125453,73027.99199795397,16320.952486202666,1199.999999999999,5951.987042014721,0.04819180001504719,2.764863893389702e-10
2025-10-18,evaluation,72,104786.9203522827,100780.29753925496,18006.643685122854,1200.0000000000045,8550.000000000002,0.056716699997195974,2.473825588822365e-10
2025-10-19,evaluation,72,131570.58224675606,126787.15826675562,42806.72603285664,1200.0000000000036,8550.0,0.052780099998926744,2.9103830456733704e-11
2025-10-20,evaluation,72,133082.15419234434,128539.56028734085,43848.153802030894,1200.0000000000055,8550.000000000002,0.05582850001519546,1.1641532182693481e-10
2025-10-21,evaluation,72,135118.80172595725,130442.50265018127,44558.998951186186,1200.0000000000055,8550.000000000002,0.05326360001345165,2.6193447411060333e-10
2025-10-22,evaluation,72,107504.3897159518,103484.88638381446,44541.242354052694,1200.0000000000045,8550.000000000002,0.05537319998256862,8.731149137020111e-11
2025-10-23,evaluation,72,79813.40663409012,76619.22175575377,44168.385886706485,1200.0000000000027,6186.0773636380745,0.050474499992560595,7.275957614183426e-11
2025-10-24,evaluation,72,82471.35919176247,79184.55609502547,17156.1334653328,1200.0000000000036,6310.520190259997,0.059476800000993535,0.0
2025-10-25,evaluation,72,113723.85258149332,109366.34182619098,18562.987731079156,1199.999999999999,8550.0,0.049440200004028156,1.3096723705530167e-10
2025-10-26,evaluation,72,143665.79349357923,138230.59904799293,46603.27065877563,1200.000000000001,8550.000000000002,0.04848849997506477,3.2014213502407074e-10
2025-10-27,evaluation,72,143587.14944408333,138156.58222091652,46985.102474905725,1200.0,8550.000000000002,0.05499530001543462,2.9103830456733704e-10
2025-10-28,evaluation,72,142886.1484373051,137453.212017239,46753.84132153377,1200.0000000000036,8550.0,0.05460470000980422,2.0372681319713593e-10
2025-10-29,evaluation,72,112254.4786516697,107893.73553415836,46207.846041918856,1200.0000000000064,8550.000000000004,0.055720899981679395,1.0186340659856796e-10
2025-10-30,evaluation,72,83050.1267560252,79763.71843551814,45874.37200040628,1200.0000000000064,6601.686840306891,0.0532412999891676,2.3283064365386963e-10
2025-10-31,evaluation,72,84906.1067081272,81814.24948679458,18171.584875670815,1200.0000000000055,6609.221296906237,0.049378099996829405,2.6193447411060333e-10
2025-11-01,evaluation,72,116400.17283670782,112427.30567979885,19248.11835161486,1200.0000000000018,8550.000000000002,0.05496300000231713,1.6007106751203537e-10
2025-11-02,evaluation,72,146449.44272338835,141452.76450915006,47781.8745348147,1199.9999999999918,8550.000000000004,0.06851020001340657,6.984919309616089e-10
2025-11-03,evaluation,72,147635.19472094905,142851.12576143735,48542.41801498577,1199.9999999999964,8550.000000000002,0.06384069999330677,1.7462298274040222e-10
2025-11-04,evaluation,72,148640.72342705238,143902.40569794967,48850.201787502854,1200.0000000000018,8550.0,0.06938599998829886,5.820766091346741e-11
2025-11-05,evaluation,72,117477.93582712107,113874.03968644098,49067.039800506376,1200.0000000000073,8550.000000000002,0.053726500016637146,1.0186340659856796e-10
2025-11-06,evaluation,72,86093.06161033863,83307.49159186383,48016.82101424887,1200.0,6912.27685708333,0.04974750001565553,1.3096723705530167e-10
2025-11-07,evaluation,72,87996.35087009934,85222.08495636539,18937.014492476614,1200.0000000000064,6838.189999943604,0.04711970000062138,2.6193447411060333e-10
2025-11-08,evaluation,72,119671.19298090688,116062.15361045387,19614.81156292002,1199.999999999999,8550.000000000002,0.05196280000382103,1.0186340659856796e-10
2025-11-09,evaluation,72,150942.14581184922,146440.0611603397,49617.89103619665,1200.0000000000018,8550.000000000002,0.05134619999444112,0.0
2025-11-10,evaluation,72,151758.9653134094,147349.55125003034,50040.34351033198,1199.999999999999,8550.0,0.055169600003864616,4.0745362639427185e-10
2025-11-11,evaluation,72,153031.18353999435,148546.2919923158,50274.89317592195,1199.999999999999,8550.0,0.06224630001815967,2.9103830456733704e-10
2025-11-12,evaluation,72,122140.18057867693,118403.81058760532,50856.95805370527,1200.000000000001,8550.000000000004,0.05165859998669475,0.0
2025-11-13,evaluation,72,90124.6318755557,87176.31630610966,50776.8447234225,1199.9999999999955,7950.000000000002,0.057846799987601116,5.820766091346741e-11
2025-11-14,evaluation,72,90963.74778783109,88246.65630867155,19739.659411334113,1199.9999999999982,7836.040467181359,0.05567020000307821,7.275957614183426e-11
2025-11-15,evaluation,72,124693.82160265604,121199.18578487085,19997.40613104489,1200.0000000000073,8550.0,0.05639860001974739,8.731149137020111e-11
2025-11-16,evaluation,72,158361.99685462352,154315.55068873795,52331.279779728575,1200.0000000000055,8550.000000000002,0.05327669999678619,3.2014213502407074e-10
2025-11-17,evaluation,72,159016.6718664447,155027.60801496677,52660.86745264636,1200.0000000000055,8550.0,0.0502697000047192,1.7462298274040222e-10
2025-11-18,evaluation,72,158790.23646868864,154821.5038102635,52453.309829106205,1200.0000000000027,8550.0,0.04500549999647774,1.4551915228366852e-10
2025-11-19,evaluation,72,126487.32728750086,122919.01166970929,52834.71400629192,1200.0000000000045,8550.000000000002,0.0465805999992881,1.7462298274040222e-10
2025-11-20,evaluation,72,94140.96727691167,90976.80906319871,52846.23034557821,1200.0000000000018,7950.000000000004,0.052759300015168265,1.8917489796876907e-10
2025-11-21,evaluation,72,95324.31730215704,92200.39808579236,20555.6496354014,1200.000000000009,7950.000000000002,0.04839819998596795,2.3283064365386963e-10
2025-11-22,evaluation,72,128636.66531798804,125115.00837919855,20951.839281709596,1200.0000000000045,8550.000000000004,0.04920839998521842,1.0186340659856796e-10
2025-11-23,evaluation,72,161746.21463979984,157993.89555595565,53824.57665321205,1200.0,8550.000000000004,0.05723930001840927,8.731149137020111e-11
2025-11-24,evaluation,72,161950.1583151061,158257.09222461132,53583.80967167477,1199.999999999999,8550.000000000002,0.06304480001563206,2.6193447411060333e-10
2025-11-25,evaluation,72,162075.40533071719,158455.34199486766,53669.02544653956,1200.0000000000018,8550.0,0.0695397000235971,2.0372681319713593e-10
2025-11-26,evaluation,72,128842.69609765639,125580.70667367236,54030.720859257955,1199.999999999999,8550.000000000004,0.055654399999184534,1.3096723705530167e-10
2025-11-27,evaluation,72,95591.90791514222,92600.73154460306,53652.78788132478,1199.9999999999927,7950.0,0.05596510000759736,5.820766091346741e-11
2025-11-28,evaluation,72,96495.71696309197,93501.05477066498,20868.22931149409,1199.9999999999955,7950.0,0.05368169999564998,2.9103830456733704e-11
2025-11-29,evaluation,72,130548.10259152796,127240.67979885291,21425.597871128848,1199.9999999999936,8550.0,0.056826099986210465,1.4551915228366852e-11
2025-11-30,evaluation,72,165253.17264465473,161434.00738157606,54823.388206506104,1199.999999999999,8550.0,0.0499466999899596,3.2014213502407074e-10
2025-12-01,evaluation,72,166850.4737376478,162828.60081728103,55086.50613776075,1199.9999999999964,8550.0,0.048572100000455976,8.731149137020111e-11
2025-12-02,evaluation,72,170167.82020930047,165307.89354427363,55675.905825620895,1199.9999999999945,8550.000000000002,0.05045189999509603,5.820766091346741e-11
2025-12-03,evaluation,72,139537.45883026483,134629.8206371824,56461.4979784967,1200.0000000000064,8550.000000000004,0.051333799987332895,2.0372681319713593e-10
2025-12-04,evaluation,72,108570.98025999259,103534.44801099604,57275.32692589611,1200.0000000000045,8550.0,0.0562080999952741,2.9103830456733704e-11
2025-12-05,evaluation,72,112111.433224993,107220.87867707637,24383.41090349861,1200.000000000011,8550.000000000004,0.05363239999860525,1.4551915228366852e-10
2025-12-06,evaluation,72,151765.61208532393,146707.19933929326,25353.461118759293,1199.999999999999,8550.0,0.049656800023512915,3.4924596548080444e-10
2025-12-07,evaluation,72,190837.4417003595,185400.88239888762,60880.93553295085,1199.9999999999964,8550.000000000004,0.0496176999877207,2.9103830456733704e-11
2025-12-08,evaluation,72,193413.56408084361,188161.5756953457,63219.08584393059,1199.9999999999955,8550.0,0.05484730002353899,4.656612873077393e-10
2025-12-09,evaluation,72,194578.98654672774,189386.9193432615,63874.06725105473,1200.0000000000055,8550.0,0.054092600010335445,4.3655745685100555e-10
2025-12-10,evaluation,72,158259.85341168864,153351.00573395367,63698.98402211266,1199.9999999999964,8550.000000000004,0.05810699998983182,6.402842700481415e-10
2025-12-11,evaluation,72,122932.90613081797,118311.83298620967,64175.00726421596,1200.000000000001,8550.0,0.05561960002523847,2.473825588822365e-10
2025-12-12,evaluation,72,123341.10041585633,118798.7952891612,28285.02768746795,1199.9999999999945,8550.0,0.059485700010554865,1.1641532182693481e-10
2025-12-13,evaluation,72,161492.69355395084,156695.34890088928,28703.83804779699,1199.9999999999936,8550.0,0.05869120001443662,6.111804395914078e-10
2025-12-14,evaluation,72,199344.41511754974,194304.74767947223,64732.1851380931,1199.9999999999955,8550.0,0.052774100011447445,4.3655745685100555e-10
2025-12-15,evaluation,72,200790.65267395726,195785.5497372138,66053.39557738163,1199.999999999999,8550.0,0.04982740001287311,4.94765117764473e-10
2025-12-16,evaluation,72,200865.32020580507,195874.55271415628,66410.38303327915,1200.0000000000055,8550.000000000002,0.05227680000825785,5.238689482212067e-10
2025-12-17,evaluation,72,163889.8740154574,158949.88703594723,66269.91859464903,1200.0000000000027,8550.000000000004,0.053337200020905584,8.731149137020111e-11
2025-12-18,evaluation,72,126520.61300042162,121630.69462281663,65974.23849052338,1200.0000000000064,8550.0,0.05717820001882501,2.3283064365386963e-10
2025-12-19,evaluation,72,125729.7480034503,120702.61200446438,29452.626327918733,1200.0000000000073,8550.0,0.051322000013897195,1.3096723705530167e-10
2025-12-20,evaluation,72,161460.20422371972,156449.4055812046,29162.336399272885,1200.0000000000036,8550.000000000002,0.05259869998553768,5.820766091346741e-11
2025-12-21,evaluation,72,196759.73512074456,192071.87144780194,64744.622584909186,1199.9999999999982,8550.000000000002,0.0527455999981612,2.3283064365386963e-10
2025-12-22,evaluation,72,195875.65861755837,191533.40253036394,65243.076437828975,1200.000000000001,8550.000000000002,0.06067269999766722,5.820766091346741e-11
2025-12-23,evaluation,72,194345.91539348278,190174.3699640508,64916.3774030369,1199.9999999999982,8550.000000000002,0.057415699993725866,2.9103830456733704e-11
2025-12-24,evaluation,72,156887.3425836764,152876.7933975893,63985.92106806768,1199.999999999991,8550.000000000002,0.061269700003322214,2.3283064365386963e-10
2025-12-25,evaluation,72,120556.0003016165,116785.57602253466,63996.076466602666,1200.0000000000027,8550.000000000002,0.06342900000163354,4.3655745685100555e-11
2025-12-26,evaluation,72,120428.91904742389,116626.59131677401,28065.5924994324,1200.0000000000073,8550.0,0.05724460000055842,2.0372681319713593e-10
2025-12-27,evaluation,72,156752.1702174378,152779.7380434221,27924.726863088687,1200.0000000000018,8550.0,0.05337660000077449,4.656612873077393e-10
2025-12-28,evaluation,72,192823.52292375313,188839.649954851,63876.406048216784,1199.9999999999927,8550.0,0.04861919998074882,3.7834979593753815e-10
2025-12-29,evaluation,72,191630.202400238,187831.99838578628,64047.06163458658,1199.999999999999,8550.000000000002,0.051985900005092844,2.3283064365386963e-10
2025-12-30,evaluation,72,190325.36244347485,186471.9420495427,63674.58264856084,1199.9999999999945,8550.0,0.05718649999471381,8.731149137020111e-11
2025-12-31,evaluation,72,153301.15949960134,149428.21152422205,63041.56661824828,1200.0000000000036,8550.0,0.06096229999093339,2.0372681319713593e-10
